dataset,scenario,seed,partitioning,num_clients,forget_ratio,modularity,n_clients_actual,n_nodes,n_features,n_classes,homophily,retain_acc,test_acc,train_test_gap,t_ret_sec,t_shadow_sec,shokri_mia_acc,shokri_mia_precision,shokri_mia_recall,shokri_mia_f1,shokri_mia_auc,shokri_mia_balanced_acc,shokri_mia_tpr_at_fpr_0.001,shokri_mia_tpr_at_fpr_0.01,shokri_mia_tpr_at_fpr_0.1,shokri_nonmember_precision,shokri_nonmember_recall,shokri_nonmember_f1,shokri_nonmember_support,shokri_member_precision,shokri_member_recall,shokri_member_f1,shokri_member_support,shokri_forget_n,shokri_forget_predicted_member_rate,shokri_forget_mean_score,shokri_retain_n,shokri_retain_predicted_member_rate,shokri_retain_mean_score,shokri_test_n,shokri_test_predicted_member_rate,shokri_test_mean_score
Cora,client,7,louvain,5,0.2,0.7048566902645641,5,2708,1433,7,0.81,0.9631336405529954,0.8157894736842105,0.1473441668687849,22.239776669070125,55.11193652218208,0.7216748768472906,0.41,0.0944700460829493,0.1535580524344569,0.7243561940905394,0.5224451070750881,0.0046082949308755,0.032258064516129,0.216589861751152,0.7421259842519685,0.9504201680672268,0.8334561532792926,1190,0.41,0.0944700460829493,0.1535580524344569,434,105,0.0095238095238095,0.1934145225921557,434,0.0944700460829493,0.5258408016890013,1085,0.0534562211981566,0.3593883700881977
Cora,client,7,metis,5,0.2,0.7165206773208759,5,2708,1433,7,0.81,0.9675925925925926,0.8329493087557603,0.1346432838368322,22.1246858490631,55.47316128015518,0.7175384615384616,0.449814126394052,0.2800925925925926,0.3452211126961483,0.6899972059234423,0.5780177967154078,0.0,0.0,0.1782407407407407,0.7706489675516224,0.875943000838223,0.8199293840721852,1193,0.449814126394052,0.2800925925925926,0.3452211126961483,432,108,0.1388888888888889,0.39580286458928,432,0.2800925925925926,0.5814258275829531,1085,0.1225806451612903,0.428811080869843
Cora,client,7,metis_plus,5,0.2,0.5805509431572726,5,2708,1433,7,0.81,0.945010183299389,0.7651821862348178,0.1798279970645712,25.93259720923379,61.37690278980881,0.6923076923076923,0.486646884272997,0.3340122199592668,0.3961352657004831,0.7193432400492823,0.5907274503676405,0.0081466395112016,0.0142566191446028,0.2525458248472505,0.7461180124223602,0.8474426807760141,0.7935590421139554,1134,0.486646884272997,0.3340122199592668,0.3961352657004831,491,48,0.0208333333333333,0.18908071758536,491,0.3340122199592668,0.5899016971068264,1086,0.1583793738489871,0.4222644689526059
Cora,client,7,random,5,0.2,0.0023371804659779,5,2708,1433,7,0.81,0.9699074074074074,0.75,0.2199074074074074,22.28218195028603,55.49589701415971,0.7803076923076923,0.6126126126126126,0.4722222222222222,0.5333333333333333,0.7964592840954953,0.6820457297196609,0.0231481481481481,0.1018518518518518,0.4675925925925926,0.8235294117647058,0.8918692372170998,0.856338028169014,1193,0.6126126126126126,0.4722222222222222,0.5333333333333333,432,108,0.0925925925925925,0.2751589175911956,432,0.4722222222222222,0.6018921986078903,1085,0.1096774193548387,0.2767779759022645
Cora,client,42,louvain,5,0.2,0.6904846323137603,5,2708,1433,7,0.81,0.955813953488372,0.8113425925925926,0.1444713608957795,22.81497964123264,57.5186598491855,0.6531365313653137,0.3299492385786802,0.3023255813953488,0.3155339805825243,0.6567492416582406,0.5407948977210858,0.0023255813953488,0.0046511627906976,0.0930232558139534,0.7564935064935064,0.7792642140468228,0.7677100494233937,1196,0.3299492385786802,0.3023255813953488,0.3155339805825243,430,110,0.4,0.4715296843837925,430,0.3023255813953488,0.578303212412568,1086,0.2025782688766114,0.4493424657827651
Cora,client,42,metis,5,0.2,0.7165206773208759,5,2708,1433,7,0.81,0.9421296296296297,0.815668202764977,0.1264614268646526,22.9062752709724,56.998870053328574,0.7236923076923077,0.4559585492227979,0.2037037037037037,0.2816,0.6837745645897365,0.5578451460681133,0.0023148148148148,0.0138888888888888,0.2129629629629629,0.7597765363128491,0.911986588432523,0.828952380952381,1193,0.4559585492227979,0.2037037037037037,0.2816,432,108,0.037037037037037,0.3705992137116414,432,0.2037037037037037,0.5502913310278759,1085,0.0930875576036866,0.4284841961892135
Cora,client,42,metis_plus,5,0.2,0.5554041269780644,5,2708,1433,7,0.81,0.9573170731707316,0.7945344129554656,0.1627826602152661,26.290949711110443,56.12877377402037,0.6980319803198032,0.5027624309392266,0.1849593495934959,0.2704309063893016,0.7272237636397527,0.5527971351142082,0.0121951219512195,0.0365853658536585,0.266260162601626,0.7224913494809688,0.9206349206349206,0.8096161302830555,1134,0.5027624309392266,0.1849593495934959,0.2704309063893016,492,48,0.1666666666666666,0.1959569408015037,492,0.1849593495934959,0.5319558844212594,1086,0.0755064456721915,0.3524360867459326
Cora,client,42,random,5,0.2,0.0088115912520402,5,2708,1433,7,0.81,0.9699074074074074,0.7523041474654378,0.2176032599419696,22.28017226140946,55.8442467446439,0.7803076923076923,0.6205787781350482,0.4467592592592592,0.5195154777927322,0.8021687078948185,0.6739244745583807,0.0254629629629629,0.0763888888888889,0.4606481481481481,0.8181126331811264,0.901089689857502,0.8575987235739928,1193,0.6205787781350482,0.4467592592592592,0.5195154777927322,432,108,0.1388888888888889,0.2331428603574076,432,0.4467592592592592,0.5990323106072739,1085,0.0949308755760368,0.2660276263070744
Cora,client,99,louvain,5,0.2,0.7027392189418036,5,2708,1433,7,0.81,0.9721577726218096,0.8337182448036952,0.1384395278181145,22.22738226223737,56.169983143918216,0.6713846153846154,0.3722084367245657,0.3480278422273782,0.3597122302158273,0.6922975278558298,0.5680675224537226,0.0,0.0208816705336426,0.1832946635730858,0.7700490998363339,0.788107202680067,0.7789735099337748,1194,0.3722084367245657,0.3480278422273782,0.3597122302158273,431,109,0.1192660550458715,0.3405528617125654,431,0.3480278422273782,0.6418133045864354,1085,0.2211981566820276,0.4610242140833583
Cora,client,99,metis,5,0.2,0.7165206773208759,5,2708,1433,7,0.81,0.949074074074074,0.847926267281106,0.101147806792968,22.362324845977128,56.34464108524844,0.6744615384615384,0.340983606557377,0.2407407407407407,0.282225237449118,0.6342641100866163,0.5361289621557853,0.0023148148148148,0.0046296296296296,0.1527777777777778,0.7515151515151515,0.8315171835708298,0.7894946279347393,1193,0.340983606557377,0.2407407407407407,0.282225237449118,432,108,0.0833333333333333,0.2423779355592109,432,0.2407407407407407,0.4974210763013818,1085,0.1769585253456221,0.3756233787689669
Cora,client,99,metis_plus,5,0.2,0.5820547150253412,5,2708,1433,7,0.81,0.9429735234215886,0.7894736842105263,0.1534998392110622,26.582166470121592,78.21654136106372,0.6430769230769231,0.3774104683195592,0.2790224032586558,0.3208430913348946,0.6525680952021753,0.5398639353153949,0.0,0.0122199592668024,0.1608961303462321,0.7194928684627575,0.800705467372134,0.7579298831385642,1134,0.3774104683195592,0.2790224032586558,0.3208430913348946,491,48,0.3333333333333333,0.5936273974366486,491,0.2790224032586558,0.5991295272495802,1086,0.1933701657458563,0.4424204676433003
Cora,client,99,random,5,0.2,-0.0111217051884885,5,2708,1433,7,0.81,0.976851851851852,0.7258064516129032,0.2510454002389486,22.09028002712876,55.59738105908036,0.7913846153846154,0.6396396396396397,0.4930555555555556,0.5568627450980392,0.8173469466952283,0.6962343997392195,0.0277777777777777,0.1157407407407407,0.5138888888888888,0.8304953560371517,0.8994132439228835,0.8635814889336016,1193,0.6396396396396397,0.4930555555555556,0.5568627450980392,432,108,0.0648148148148148,0.230500127042559,432,0.4930555555555556,0.6225781598294378,1085,0.104147465437788,0.2731193262464487
Cora,node,7,louvain,5,0.1,0.7048566902645641,5,2708,1433,7,0.81,0.9628942486085345,0.8267281105990784,0.1361661380094559,27.830682090017945,56.07613563397899,0.6656403940886699,0.4700854700854701,0.2079395085066162,0.2883355176933158,0.6552882581937144,0.5473487496870981,0.0018903591682419,0.0264650283553875,0.1947069943289225,0.6985611510791367,0.8867579908675799,0.7814889336016096,1095,0.4700854700854701,0.2079395085066162,0.2883355176933158,529,10,0.3,0.4710616044700145,529,0.2079395085066162,0.5729032632642177,1085,0.1115207373271889,0.455051991937156
Cora,node,7,metis,5,0.1,0.7165206773208759,5,2708,1433,7,0.81,0.9592592592592591,0.8276497695852535,0.1316094896740057,28.130828691180795,56.505188052076846,0.6701538461538461,0.490084985835694,0.3270321361058601,0.3922902494331066,0.6713275978640322,0.5813992797317622,0.0037807183364839,0.0245746691871455,0.2117202268431001,0.720125786163522,0.8357664233576643,0.7736486486486487,1096,0.490084985835694,0.3270321361058601,0.3922902494331066,529,11,0.0909090909090909,0.4207908064126968,529,0.3270321361058601,0.577538024486238,1085,0.1649769585253456,0.4581698299224698
Cora,node,7,metis_plus,5,0.1,0.5805509431572726,5,2708,1433,7,0.81,0.9387755102040816,0.7753222836095764,0.1634532265945052,28.80119256488979,61.0673196320422,0.6713846153846154,0.5,0.2265917602996254,0.3118556701030928,0.6976187533685552,0.557842167959162,0.0037453183520599,0.0374531835205992,0.2359550561797752,0.7013738250180767,0.8890925756186985,0.7841552142279709,1091,0.5,0.2265917602996254,0.3118556701030928,534,5,0.2,0.3563427925109863,534,0.2265917602996254,0.5260740977603845,1086,0.1104972375690607,0.3848023396808633
Cora,node,7,random,5,0.1,0.0023371804659779,5,2708,1433,7,0.81,0.9555555555555556,0.752073732718894,0.2034818228366616,27.94993356615305,56.39444221789017,0.7298461538461538,0.652027027027027,0.3648393194706994,0.4678787878787879,0.7582392753163247,0.6354306086404592,0.0113421550094517,0.0567107750472589,0.3761814744801512,0.7471783295711061,0.906021897810219,0.8189690721649484,1096,0.652027027027027,0.3648393194706994,0.4678787878787879,529,11,0.0909090909090909,0.2920191783288663,529,0.3648393194706994,0.5561872611994395,1085,0.0940092165898617,0.2749779351725601
Cora,node,42,louvain,5,0.1,0.6904846323137603,5,2708,1433,7,0.81,0.9629629629629628,0.8333333333333334,0.1296296296296295,28.747204418759797,57.05742755997926,0.6150061500615006,0.3847980997624703,0.3062381852551984,0.3410526315789474,0.6059350729692425,0.5350698674680733,0.0018903591682419,0.0189035916824196,0.1153119092627599,0.6954356846473029,0.763901549680948,0.7280625543006082,1097,0.3847980997624703,0.3062381852551984,0.3410526315789474,529,11,0.7272727272727273,0.7225556199819866,529,0.3062381852551984,0.5784709696206378,1086,0.2311233885819521,0.4761000399177469
Cora,node,42,metis,5,0.1,0.7165206773208759,5,2708,1433,7,0.81,0.9462962962962964,0.8368663594470046,0.1094299368492917,28.365793203935027,56.84812215575949,0.660923076923077,0.456,0.2155009451795841,0.2926829268292683,0.6396520083341384,0.5457066769693542,0.0018903591682419,0.0094517958412098,0.162570888468809,0.6981818181818182,0.8759124087591241,0.7770133549170376,1096,0.456,0.2155009451795841,0.2926829268292683,529,11,0.2727272727272727,0.4238833981481465,529,0.2155009451795841,0.539362809358478,1085,0.1225806451612903,0.4381010766890691
Cora,node,42,metis_plus,5,0.1,0.5554041269780644,5,2708,1433,7,0.81,0.9481481481481482,0.7974217311233885,0.1507264170247596,28.82575005572289,55.98723949911073,0.6537515375153752,0.4375,0.1831775700934579,0.2582345191040843,0.6586437890300418,0.5338435971457207,0.0186915887850467,0.0317757009345794,0.1570093457943925,0.68830242510699,0.8845096241979835,0.7741676694745286,1091,0.4375,0.1831775700934579,0.2582345191040843,535,5,1.0,0.9317097067832948,535,0.1831775700934579,0.5222071412950754,1086,0.1114180478821362,0.3854236837401883
Cora,node,42,random,5,0.1,0.0088115912520402,5,2708,1433,7,0.81,0.9462962962962964,0.7382488479262673,0.2080474483700289,27.78649389790371,55.882812686730176,0.7206153846153847,0.6482213438735178,0.3100189035916824,0.4194373401534527,0.7463676127661336,0.6144072620148193,0.0113421550094517,0.0415879017013232,0.3648393194706994,0.7339650145772595,0.9187956204379562,0.8160453808752026,1096,0.6482213438735178,0.3100189035916824,0.4194373401534527,529,11,0.1818181818181818,0.2314145784244332,529,0.3100189035916824,0.5168200465766907,1085,0.080184331797235,0.2524871617070658
Cora,node,99,louvain,5,0.1,0.7027392189418036,5,2708,1433,7,0.81,0.9703703703703704,0.8451612903225807,0.1252090800477896,27.855664018075917,55.84239032398909,0.6104615384615385,0.3943089430894309,0.3667296786389414,0.3800195886385896,0.6377538876547127,0.5474159342099817,0.0,0.0056710775047258,0.1379962192816635,0.70432480141218,0.7281021897810219,0.7160161507402423,1096,0.3943089430894309,0.3667296786389414,0.3800195886385896,529,11,0.3636363636363636,0.4718068527396429,529,0.3667296786389414,0.6416316196931586,1085,0.2709677419354839,0.506540365316712
Cora,node,99,metis,5,0.1,0.7165206773208759,5,2708,1433,7,0.81,0.9407407407407408,0.8562211981566821,0.0845195425840587,27.914606953039765,55.64921004883945,0.5963076923076923,0.3592017738359201,0.3062381852551984,0.3306122448979592,0.5870608709450416,0.5212760269341685,0.0018903591682419,0.0113421550094517,0.1323251417769376,0.6873935264054515,0.7363138686131386,0.7110132158590309,1096,0.3592017738359201,0.3062381852551984,0.3306122448979592,529,11,0.4545454545454545,0.5373086881061847,529,0.3062381852551984,0.5416139992513757,1085,0.2617511520737327,0.4565799123568279
Cora,node,99,metis_plus,5,0.1,0.5820547150253412,5,2708,1433,7,0.81,0.9369202226345084,0.7817679558011049,0.1551522668334034,29.14382887724787,77.87521486869082,0.6264615384615385,0.4026666666666667,0.2827715355805243,0.3322332233223322,0.6237791669670474,0.5387276559662475,0.0,0.0187265917602996,0.1423220973782771,0.6936,0.7946837763519706,0.7407090986757796,1091,0.4026666666666667,0.2827715355805243,0.3322332233223322,534,5,0.6,0.8479875683784485,534,0.2827715355805243,0.5584582074855765,1086,0.2034990791896869,0.4313269867647112
Cora,node,99,random,5,0.1,-0.0111217051884885,5,2708,1433,7,0.81,0.9611111111111112,0.7216589861751153,0.2394521249359958,27.76555924396962,55.55626659514383,0.7261538461538461,0.6147540983606558,0.4253308128544423,0.5027932960893855,0.7643380983262732,0.648340588908973,0.0207939508506616,0.0812854442344045,0.3761814744801512,0.7585385226370135,0.8713503649635036,0.8110403397027601,1096,0.6147540983606558,0.4253308128544423,0.5027932960893855,529,11,0.0909090909090909,0.2913027575070208,529,0.4253308128544423,0.5920025596125773,1085,0.1290322580645161,0.3081801997066401
Chameleon,client,7,louvain,5,0.2,0.5732825019989665,5,2277,2325,5,0.23,0.8071593533487298,0.628099173553719,0.1790601797950107,25.316585993394256,64.13624313985929,0.5190691661279897,0.7401574803149606,0.2170900692840646,0.3357142857142857,0.691696086111648,0.5600868848622966,0.0011547344110854,0.0484988452655889,0.2424942263279445,0.4756380510440835,0.9030837004405288,0.6231003039513677,681,0.7401574803149606,0.2170900692840646,0.3357142857142857,866,224,0.0580357142857142,0.3981716423295438,866,0.2170900692840646,0.5403409826184256,457,0.1159737417943107,0.4662223512253824
Chameleon,client,7,metis,5,0.2,0.6511597306775464,5,2277,2325,5,0.23,0.6926605504587156,0.5355191256830601,0.1571414247756554,25.321062887087464,63.51153396489099,0.5119586296056884,0.782608695652174,0.18577981651376146,0.3002780352177943,0.6731965681277609,0.5595565749235474,0.0045871559633027525,0.04357798165137615,0.2591743119266055,0.4701492537313433,0.9333333333333333,0.6253101736972705,675,0.782608695652174,0.18577981651376146,0.3002780352177943,872,218,0.013761467889908258,0.38537804211635107,872,0.18577981651376146,0.5129560184143825,457,0.09190371991247265,0.44396443679700537
Chameleon,client,7,metis_plus,5,0.2,0.25331909754209864,5,2277,2325,5,0.23,0.6530612244897959,0.555256064690027,0.09780515979976889,25.85501560708508,63.895578963682055,0.4470284237726098,0.90625,0.032879818594104306,0.06345733041575492,0.6801265551265552,0.5141876570448,0.003401360544217687,0.030612244897959183,0.2290249433106576,0.43733509234828494,0.9954954954954955,0.6076993583868011,666,0.90625,0.032879818594104306,0.06345733041575492,882,208,0.0,0.3023851988120721,882,0.032879818594104306,0.4383100533262402,458,0.006550218340611353,0.3765995077642421
Chameleon,client,7,random,5,0.2,0.0019795459479308997,5,2277,2325,5,0.23,0.8107798165137615,0.4890710382513661,0.3217087782623954,25.29324160097167,63.41311181616038,0.5888817065287654,0.8352272727272727,0.33715596330275227,0.4803921568627451,0.7918144750254842,0.6256150186884132,0.0,0.0768348623853211,0.3165137614678899,0.5163179916317991,0.914074074074074,0.6598930481283423,675,0.8352272727272727,0.33715596330275227,0.4803921568627451,872,218,0.05504587155963303,0.27399512826798295,872,0.33715596330275227,0.5684098137559694,457,0.10065645514223195,0.3743318729469434
Chameleon,client,42,louvain,5,0.2,0.5703057199965551,5,2277,2325,5,0.23,0.7345537757437071,0.5994550408719346,0.13509873487177249,25.58146541705355,64.20088870218024,0.49870801033591733,0.7401960784313726,0.17276887871853547,0.28014842300556586,0.6594335875167212,0.5470669319408701,0.0,0.032036613272311214,0.2414187643020595,0.46205357142857145,0.9213649851632048,0.6154608523290387,674,0.7401960784313726,0.17276887871853547,0.28014842300556586,874,216,0.0787037037037037,0.4253245967405814,874,0.17276887871853547,0.5272317490875039,458,0.07860262008733625,0.4644696835639956
Chameleon,client,42,metis,5,0.2,0.6511597306775464,5,2277,2325,5,0.23,0.661697247706422,0.5683060109289617,0.09339123677746031,25.421897103078663,63.121918302960694,0.4970911441499677,0.7422680412371134,0.1651376146788991,0.2701688555347092,0.596107713217805,0.5455317703024125,0.0,0.0034403669724770644,0.26605504587155965,0.4619364375461936,0.9259259259259259,0.616370808678501,675,0.7422680412371134,0.1651376146788991,0.2701688555347092,872,218,0.05045871559633028,0.4687154170023192,872,0.1651376146788991,0.49757671636452366,457,0.08533916849015317,0.44936471370495124
Chameleon,client,42,metis_plus,5,0.2,0.2544573575435486,5,2277,2325,5,0.23,0.7660256410256411,0.5572519083969466,0.20877373262869448,27.317434314172715,64.90184404980391,0.5439276485788114,0.7963917525773195,0.3301282051282051,0.46676737160120846,0.7649485363946149,0.6005216189039718,0.010683760683760684,0.0641025641025641,0.2863247863247863,0.45948275862068966,0.8709150326797386,0.6015801354401806,612,0.7963917525773195,0.3301282051282051,0.46676737160120846,936,154,0.006493506493506494,0.24904159783059127,936,0.3301282051282051,0.5688858629148613,458,0.1703056768558952,0.4252968244457935
Chameleon,client,42,random,5,0.2,-0.0013390699256545652,5,2277,2325,5,0.23,0.7752293577981652,0.5041095890410959,0.2711197687570692,25.518158414866775,63.31317357858643,0.5733678086619263,0.8925925925925926,0.2763761467889908,0.4220665499124343,0.7741539245667686,0.6167065919130139,0.0871559633027523,0.13646788990825687,0.4334862385321101,0.5058731401722788,0.957037037037037,0.6618852459016393,675,0.8925925925925926,0.2763761467889908,0.4220665499124343,872,218,0.01834862385321101,0.37005667887423016,872,0.2763761467889908,0.5823903280746089,457,0.05470459518599562,0.4065659263658315
Chameleon,client,99,louvain,5,0.2,0.583363861960699,5,2277,2325,5,0.23,0.7826589595375723,0.6005509641873278,0.18210799535024447,25.19742332212627,62.6388909611851,0.5442792501616031,0.7985074626865671,0.24739884393063583,0.37775816416593117,0.7538318105537944,0.5841099791500686,0.012716763005780347,0.055491329479768786,0.31213872832369943,0.4910086004691165,0.9208211143695014,0.6404895461499235,682,0.7985074626865671,0.24739884393063583,0.37775816416593117,865,225,0.008888888888888889,0.3486957705600394,865,0.24739884393063583,0.5550894492278898,457,0.1137855579868709,0.42829673332152013
Chameleon,client,99,metis,5,0.2,0.6511597306775464,5,2277,2325,5,0.23,0.6846330275229358,0.5737704918032787,0.1108625357196571,25.49556848127395,63.431828618980944,0.45701357466063347,0.6176470588235294,0.0963302752293578,0.16666666666666666,0.6581574923547401,0.5096466190961604,0.0,0.011467889908256881,0.2121559633027523,0.44153082919914954,0.922962962962963,0.5973154362416108,675,0.6176470588235294,0.0963302752293578,0.16666666666666666,872,218,0.0871559633027523,0.46258449814188374,872,0.0963302752293578,0.5296050238534125,457,0.07221006564551423,0.49713161398597566
Chameleon,client,99,metis_plus,5,0.2,0.25331909754209864,5,2277,2325,5,0.23,0.6882352941176471,0.4565826330532213,0.23165266106442578,24.990125292912126,54.446120641659945,0.5917312661498708,0.7570754716981132,0.3776470588235294,0.5039246467817896,0.6758368447665599,0.6150412944547446,0.010588235294117647,0.03294117647058824,0.28,0.5293594306049823,0.8524355300859598,0.6531284302963776,698,0.7570754716981132,0.3776470588235294,0.5039246467817896,850,240,0.09166666666666666,0.4061826718971133,850,0.3776470588235294,0.5659387650822892,458,0.17685589519650655,0.4254271802309429
Chameleon,client,99,random,5,0.2,0.002587599214822711,5,2277,2325,5,0.23,0.7821100917431193,0.4371584699453552,0.3449516217977641,25.282615446019918,63.32834219420329,0.579185520361991,0.853035143769968,0.30619266055045874,0.4506329113924051,0.7627174651715937,0.6190222562011553,0.013761467889908258,0.11926605504587157,0.3646788990825688,0.5097244732576985,0.9318518518518518,0.6589837611314825,675,0.853035143769968,0.30619266055045874,0.4506329113924051,872,218,0.05963302752293578,0.3668938994134238,872,0.30619266055045874,0.5780798276681283,457,0.07221006564551423,0.389630567910113
Chameleon,node,7,louvain,5,0.1,0.5732825019989665,5,2277,2325,5,0.23,0.7724770642201835,0.5689277899343544,0.20354927428582903,31.70825886214152,63.961094399914145,0.40530058177117,0.8008130081300813,0.18445692883895132,0.2998477929984779,0.6379620073029799,0.5410802389497471,0.016853932584269662,0.03464419475655431,0.1694756554307116,0.3305149884704074,0.8977035490605428,0.48314606741573035,479,0.8008130081300813,0.18445692883895132,0.2998477929984779,1068,22,0.13636363636363635,0.4845488349145109,1068,0.18445692883895132,0.5485242306907079,457,0.10065645514223195,0.46988347497171595
Chameleon,node,7,metis,5,0.1,0.6511597306775464,5,2277,2325,5,0.23,0.6908256880733945,0.5317286652078774,0.15909702286551708,31.87688641436398,63.779878658242524,0.3884938590820944,0.7990196078431373,0.15262172284644196,0.2562893081761006,0.6103266011431431,0.5335133666424277,0.0018726591760299626,0.02247191011235955,0.12921348314606743,0.3261355174981385,0.9144050104384134,0.4807903402854007,479,0.7990196078431373,0.15262172284644196,0.2562893081761006,1068,22,0.22727272727272727,0.5530467954548922,1068,0.15262172284644196,0.5316369445778234,457,0.0787746170678337,0.46883086938435453
Chameleon,node,7,metis_plus,5,0.1,0.25331909754209864,5,2277,2325,5,0.23,0.6944954128440367,0.574235807860262,0.12025960498377475,31.933253484778106,64.13574576424435,0.32622739018087854,0.90625,0.027128157156220765,0.05267938237965486,0.5951819252379158,0.5104325545697597,0.00841908325537886,0.026192703461178673,0.13751169317118803,0.31398416886543534,0.9937369519832986,0.47719298245614034,479,0.90625,0.027128157156220765,0.05267938237965486,1069,21,0.0,0.42772447991938817,1069,0.027128157156220765,0.46644337834238003,458,0.006550218340611353,0.42303998631681416
Chameleon,node,7,random,5,0.1,0.0019795459479308997,5,2277,2325,5,0.23,0.7963302752293578,0.48577680525164113,0.3105534699777167,31.862925657071173,63.452643148135394,0.5035552682611506,0.8676470588235294,0.33146067415730335,0.4796747967479675,0.724246049431947,0.6093629049283386,0.0028089887640449437,0.06460674157303371,0.28745318352059923,0.373134328358209,0.8872651356993737,0.5253399258343634,479,0.8676470588235294,0.33146067415730335,0.4796747967479675,1068,22,0.045454545454545456,0.38356014307249675,1068,0.33146067415730335,0.5768283980616024,457,0.11597374179431072,0.41954519083678593
Chameleon,node,42,louvain,5,0.1,0.5703057199965551,5,2277,2325,5,0.23,0.710091743119266,0.5676855895196506,0.1424061535996154,31.887095110025257,64.04538986692205,0.3856589147286822,0.7910447761194029,0.14887640449438203,0.25059101654846333,0.6161165730337079,0.530688202247191,0.012172284644194757,0.028089887640449437,0.17883895131086142,0.32516703786191536,0.9125,0.4794745484400657,480,0.7910447761194029,0.14887640449438203,0.25059101654846333,1068,22,0.045454545454545456,0.4759124747731469,1068,0.14887640449438203,0.5247260940013531,458,0.08951965065502183,0.4731336239904295
Chameleon,node,42,metis,5,0.1,0.6511597306775464,5,2277,2325,5,0.23,0.6752293577981652,0.5754923413566739,0.09973701644149124,31.757716577965766,63.252267692703754,0.41435035552682614,0.7718120805369127,0.2153558052434457,0.3367496339677892,0.5806826800528566,0.536696691765773,0.0009363295880149813,0.0028089887640449437,0.15168539325842698,0.32906325060048036,0.8580375782881002,0.4756944444444444,479,0.7718120805369127,0.2153558052434457,0.3367496339677892,1068,22,0.09090909090909091,0.5392816134474494,1068,0.2153558052434457,0.5100149567193641,457,0.14442013129102846,0.46177047399775467
Chameleon,node,42,metis_plus,5,0.1,0.2544573575435486,5,2277,2325,5,0.23,0.6889908256880733,0.5065502183406113,0.18244060734746204,31.891556950751692,64.73930200561881,0.4005167958656331,0.8049792531120332,0.18046511627906978,0.2948328267477204,0.6395230837307635,0.5405496828752643,0.0027906976744186047,0.026976744186046512,0.1925581395348837,0.3259372609028309,0.9006342494714588,0.4786516853932584,473,0.8049792531120332,0.18046511627906978,0.2948328267477204,1075,15,0.0,0.5064931750297547,1075,0.18046511627906978,0.5498814847926761,458,0.10262008733624454,0.461322399368713
Chameleon,node,42,random,5,0.1,-0.0013390699256545652,5,2277,2325,5,0.23,0.7495412844036697,0.487964989059081,0.26157629534458876,31.80400996701792,64.82760025328025,0.42921784098254684,0.9111111111111111,0.19194756554307116,0.317092034029389,0.719623044263564,0.5750969560491974,0.05898876404494382,0.07771535580524344,0.30243445692883897,0.3472012102874433,0.9582463465553236,0.5097168239866741,479,0.9111111111111111,0.19194756554307116,0.317092034029389,1068,22,0.0,0.2942693285982717,1068,0.19194756554307116,0.529286408887597,457,0.0437636761487965,0.3713801840291699
Chameleon,node,99,louvain,5,0.1,0.583363861960699,5,2277,2325,5,0.23,0.7623853211009174,0.5820568927789934,0.18032842832192397,32.53416219819337,63.830332348588854,0.43374272786037493,0.8287671232876712,0.22659176029962547,0.3558823529411765,0.6529188462230145,0.5611038133439672,0.0056179775280898875,0.04681647940074907,0.1797752808988764,0.34183266932270917,0.8956158663883089,0.49480968858131485,479,0.8287671232876712,0.22659176029962547,0.3558823529411765,1068,22,0.045454545454545456,0.3995443894104524,1068,0.22659176029962547,0.5278020459140061,457,0.10722100656455143,0.44290869923500054
Chameleon,node,99,metis,5,0.1,0.6511597306775464,5,2277,2325,5,0.23,0.6568807339449542,0.5448577680525164,0.11202296589243776,31.932636469136924,63.547358520329,0.3632837750484809,0.7024390243902439,0.1348314606741573,0.22623723487824038,0.5536317468508831,0.5037414088339471,0.0,0.0009363295880149813,0.12078651685393259,0.3114754098360656,0.872651356993737,0.45908841295991215,479,0.7024390243902439,0.1348314606741573,0.22623723487824038,1068,22,0.09090909090909091,0.4436948658390479,1068,0.1348314606741573,0.5148239893636454,457,0.12910284463894967,0.502358291061754
Chameleon,node,99,metis_plus,5,0.1,0.25331909754209864,5,2277,2325,5,0.23,0.6862385321100918,0.4868995633187773,0.19933896879131446,32.13535358989611,54.5199953680858,0.47351421188630494,0.7952941176470588,0.3170731707317073,0.4533869885982562,0.6328413894576227,0.568287622710252,0.009380863039399626,0.03283302063789869,0.16791744840525327,0.3517364203027605,0.8195020746887967,0.49221183800623053,482,0.7952941176470588,0.3170731707317073,0.4533869885982562,1066,24,0.20833333333333334,0.5206453585997224,1066,0.3170731707317073,0.5837902500806115,458,0.17903930131004367,0.48188995099809495
Chameleon,node,99,random,5,0.1,0.002587599214822711,5,2277,2325,5,0.23,0.7807339449541284,0.437636761487965,0.3430971834661634,31.800280232913792,63.3361667599529,0.5093729799612152,0.885286783042394,0.33239700374531833,0.4833219877467665,0.7472486766281188,0.6181818004112813,0.040262172284644196,0.06554307116104868,0.3089887640449438,0.37783595113438045,0.9039665970772442,0.5329230769230769,479,0.885286783042394,0.33239700374531833,0.4833219877467665,1068,22,0.18181818181818182,0.3718789048831571,1068,0.33239700374531833,0.5791839607659909,457,0.09190371991247265,0.38388190688300444
Squirrel,client,7,louvain,10,0.2,0.23342080144554248,10,5201,2089,5,0.22,0.5613026819923371,0.3348623853211009,0.22644029667123622,56.0924409320578,172.43938350724056,0.5079230333899264,0.8627858627858628,0.19875478927203066,0.32308291163876995,0.7050007154099299,0.5765558178725299,0.016283524904214558,0.06465517241379311,0.2835249042145594,0.4520144120537177,0.9543568464730291,0.6134696599244277,1446,0.8627858627858628,0.19875478927203066,0.32308291163876995,2088,405,0.0049382716049382715,0.3622496463450385,2088,0.19875478927203066,0.5314973779174346,1041,0.06147934678194044,0.40980197352381365
Squirrel,client,7,metis,10,0.2,0.38568268374589687,10,5201,2089,5,0.22,0.5756513026052105,0.3923444976076555,0.18330680499755497,53.345240442082286,165.92809178726748,0.5026889329181998,0.8087855297157622,0.156813627254509,0.26269408308854386,0.6996473428314012,0.5543339444014901,0.006513026052104208,0.042585170340681364,0.28406813627254507,0.46503496503496505,0.9518542615484711,0.624813153961136,1537,0.8087855297157622,0.156813627254509,0.26269408308854386,1996,494,0.03441295546558704,0.41777058620277324,1996,0.156813627254509,0.5347887218625608,1043,0.05465004793863854,0.44158678396211176
Squirrel,client,7,metis_plus,10,0.2,0.1639336443474568,10,5201,2089,5,0.22,0.6169457128361238,0.41575757575757577,0.201188137078548,54.90322978887707,170.2317385575734,0.5233380480905233,0.8294930875576036,0.182648401826484,0.2993762993762994,0.7004822807953173,0.5676669119106845,0.0045662100456621,0.049213597158802636,0.2856418061897514,0.4804901644630764,0.9526854219948849,0.6387995712754555,1564,0.8294930875576036,0.182648401826484,0.2993762993762994,1971,521,0.02111324376199616,0.42294927962095746,1971,0.182648401826484,0.5459597266072673,1043,0.06040268456375839,0.4492958504295875
Squirrel,client,7,random,10,0.2,-0.00010518091481551053,10,5201,2089,5,0.22,0.6848971399899649,0.29891956782713086,0.38597757216283407,53.163883234839886,165.64064185274765,0.6339184597961495,0.8623188405797102,0.41796287004515803,0.5630280500168976,0.7922176937018355,0.6657715584793691,0.010536879076768691,0.13296537882589063,0.4525840441545409,0.5479345284489477,0.9135802469135802,0.6850182704019488,1539,0.8623188405797102,0.41796287004515803,0.5630280500168976,1993,498,0.0783132530120482,0.3433473194476187,1993,0.41796287004515803,0.5900584225002181,1041,0.09029779058597502,0.3314239383732415
Squirrel,client,42,louvain,10,0.2,0.18095504035129606,10,5201,2089,5,0.22,0.6010204081632653,0.34963325183374083,0.25138715632952446,52.188142648898065,164.47646509530023,0.5664592760180995,0.8471544715447155,0.26581632653061227,0.4046601941747573,0.750182261991091,0.6030858282399254,0.015816326530612244,0.08010204081632653,0.36020408163265305,0.5073604929818555,0.9403553299492385,0.6591060707138092,1576,0.8471544715447155,0.26581632653061227,0.4046601941747573,1960,535,0.03551401869158879,0.352042793251017,1960,0.26581632653061227,0.5532308687227874,1041,0.07204610951008646,0.40228827041685655
Squirrel,client,42,metis,10,0.2,0.38568268374589687,10,5201,2089,5,0.22,0.5825388861013547,0.40718562874251496,0.17535325735883978,53.326837642118335,166.64920473238453,0.5290121709595245,0.8231827111984283,0.21023582538886101,0.3349320543565148,0.7001433588990036,0.5758971334736513,0.008529854490717512,0.06171600602107376,0.2764676367285499,0.4794973544973545,0.9415584415584416,0.635407537248028,1540,0.8231827111984283,0.21023582538886101,0.3349320543565148,1993,497,0.008048289738430584,0.40407144211577456,1993,0.21023582538886101,0.5343629715733353,1043,0.08245445829338446,0.4426800439586061
Squirrel,client,42,metis_plus,10,0.2,0.13845137381909348,10,5201,2089,5,0.22,0.6339479392624728,0.4269081500646831,0.20703978919778976,50.48753556283191,146.20759657304734,0.5585407239819005,0.8208616780045351,0.1963123644251627,0.31684901531728665,0.7358330705168639,0.5748110285482787,0.0027114967462039045,0.05314533622559653,0.3329718004338395,0.5211631663974152,0.9533096926713948,0.6739085021934406,1692,0.8208616780045351,0.1963123644251627,0.31684901531728665,1844,648,0.015432098765432098,0.4029733924034201,1844,0.1963123644251627,0.5659940003532585,1044,0.06609195402298851,0.44154083828345453
Squirrel,client,42,random,10,0.2,-0.0012607986293832543,10,5201,2089,5,0.22,0.7213855421686747,0.3269230769230769,0.39446246524559775,53.0626183222048,165.37820721184835,0.6489241223103058,0.8805668016194332,0.4367469879518072,0.5838926174496645,0.8032488721118239,0.6800618056642154,0.022590361445783132,0.13152610441767068,0.4934738955823293,0.5589622641509434,0.9233766233766234,0.6963761018609207,1540,0.8805668016194332,0.4367469879518072,0.5838926174496645,1992,499,0.050100200400801605,0.34939662617200123,1992,0.4367469879518072,0.6202901525508957,1041,0.0893371757925072,0.35753199875741254
Squirrel,client,99,louvain,10,0.2,0.2146701088923753,9,5201,2089,5,0.22,0.6061794997547818,0.36662749706227965,0.23955200269250215,57.53958695335314,167.2118370300159,0.5183823529411765,0.8620689655172413,0.196174595389897,0.31961646024770274,0.7166877485558005,0.5767112121906065,0.02893575282000981,0.06866110838646396,0.3158410985777342,0.4664713541666667,0.957247828991316,0.627270737579339,1497,0.8620689655172413,0.196174595389897,0.31961646024770274,2039,456,0.010964912280701754,0.4152527929839204,2039,0.196174595389897,0.5614996227513873,1041,0.056676272814601344,0.4431019755550924
Squirrel,client,99,metis,10,0.2,0.38568268374589687,10,5201,2089,5,0.22,0.577191235059761,0.42092746730083236,0.15626376775892864,53.69224725710228,167.01481684995815,0.5145768468723464,0.8058455114822547,0.19223107569721115,0.3104141535987133,0.6757757494611717,0.5656237345699171,0.008964143426294821,0.04133466135458167,0.23306772908366533,0.46889325474787164,0.939016393442623,0.6254640751255732,1525,0.8058455114822547,0.19223107569721115,0.3104141535987133,2008,482,0.022821576763485476,0.4094076123227717,2008,0.19223107569721115,0.544946507617564,1043,0.07861936720997123,0.47002913542841906
Squirrel,client,99,metis_plus,10,0.2,0.14841426501637606,10,5201,2089,5,0.22,0.6487995533221664,0.4141145139813582,0.23468503934080825,49.76664522988722,160.13627451192588,0.5704185520361991,0.8090909090909091,0.1987716359575656,0.3191393993724787,0.7341374174277948,0.5753170500704733,0.00893355667225014,0.06756002233389168,0.304857621440536,0.536498708010336,0.951862464183381,0.6862218549886387,1745,0.8090909090909091,0.1987716359575656,0.3191393993724787,1791,701,0.021398002853067047,0.3943096665870106,1791,0.1987716359575656,0.5550035927080695,1044,0.06609195402298851,0.4285150024847224
Squirrel,client,99,random,10,0.2,-0.00048203868168155296,10,5201,2089,5,0.22,0.7079779227295534,0.29531812725090034,0.41265979547865306,53.012491513974965,164.84337260527536,0.6557191392978482,0.8928210313447927,0.4430506773707978,0.5922199865861838,0.8100875807366068,0.6870873919667504,0.021073758153537382,0.15755143000501756,0.4922227797290517,0.5635076681085333,0.9311241065627031,0.7021068103870651,1539,0.8928210313447927,0.4430506773707978,0.5922199865861838,1993,498,0.050200803212851405,0.3505146657724502,1993,0.4430506773707978,0.619740939972482,1041,0.07780979827089338,0.33870748678826407
Squirrel,node,7,louvain,10,0.1,0.23342080144554248,10,5201,2089,5,0.22,0.5716004813477737,0.36023054755043227,0.21136993379734148,66.70358007308096,171.6635605720803,0.4037917374080362,0.8521400778210116,0.17739975698663427,0.29366409654710024,0.6692375122885279,0.5530191273196082,0.008910490076954233,0.03240178209801539,0.23572296476306198,0.32748344370860927,0.9286384976525821,0.4842105263157895,1065,0.8521400778210116,0.17739975698663427,0.29366409654710024,2469,24,0.0,0.45726222327599925,2469,0.17739975698663427,0.5782698294205939,1041,0.07300672430355427,0.4624625687880171
Squirrel,node,7,metis,10,0.1,0.38568268374589687,10,5201,2089,5,0.22,0.5859437751004016,0.3930968360498562,0.19284693905054545,66.3221026957035,165.02513234876096,0.41268044155108974,0.8608534322820037,0.18831168831168832,0.30902430902430905,0.6658382105499738,0.5590763305917656,0.007305194805194805,0.05113636363636364,0.23457792207792208,0.331997327989312,0.9298409728718429,0.48929362539995075,1069,0.8608534322820037,0.18831168831168832,0.30902430902430905,2464,26,0.0,0.45615483361941117,2464,0.18831168831168832,0.532173240155151,1043,0.07190795781399809,0.44722752578463676
Squirrel,node,7,metis_plus,10,0.1,0.1639336443474568,10,5201,2089,5,0.22,0.6288121990369181,0.42090124640460214,0.20791095263231596,68.03461882611737,168.6567290527746,0.39519094766619517,0.83640081799591,0.16578840697203082,0.2767253044654939,0.6759718926534374,0.5454410199654162,0.004864207539521687,0.047020672882042966,0.2452371301175517,0.32435981615233095,0.9250936329588015,0.4803111327175498,1068,0.83640081799591,0.16578840697203082,0.2767253044654939,2467,25,0.04,0.382803715467453,2467,0.16578840697203082,0.5286275086781734,1043,0.07574304889741132,0.4394361880515932
Squirrel,node,7,random,10,0.1,-0.00010518091481551053,10,5201,2089,5,0.22,0.6896828582898434,0.31412103746397696,0.3755618208258665,66.34547904599458,165.1388027453795,0.5792751981879954,0.9003267973856209,0.4468775344687753,0.597289972899729,0.7830078181466823,0.6662155026940499,0.019059205190592052,0.14233576642335766,0.43227899432278993,0.4090121317157712,0.8855534709193246,0.5595732068761115,1066,0.9003267973856209,0.4468775344687753,0.597289972899729,2466,25,0.16,0.4039001878350973,2466,0.4468775344687753,0.6455819139956509,1041,0.11335254562920269,0.3869884627344271
Squirrel,node,42,louvain,10,0.1,0.18095504035129606,10,5201,2089,5,0.22,0.6004008016032064,0.34870317002881845,0.25169763157438796,66.87432630592957,163.98866145825014,0.459841628959276,0.8636959370904325,0.26734279918864096,0.4083023543990087,0.699786554243063,0.5851186451592131,0.01744421906693712,0.04787018255578093,0.2787018255578093,0.3487197980526506,0.9028944911297853,0.5031217481789803,1071,0.8636959370904325,0.26734279918864096,0.4083023543990087,2465,30,0.06666666666666667,0.4227946882446607,2465,0.26734279918864096,0.5456198556730278,1041,0.09798270893371758,0.41878711209676295
Squirrel,node,42,metis,10,0.1,0.38568268374589687,10,5201,2089,5,0.22,0.5939759036144578,0.4084372003835091,0.18553870323094873,73.58987284637988,198.19815002195537,0.4225870365128786,0.8291925465838509,0.21672077922077923,0.3436293436293436,0.6495626829905361,0.5569104363830744,0.002029220779220779,0.032873376623376624,0.21834415584415584,0.33194877120110766,0.8971000935453695,0.4845881758463871,1069,0.8291925465838509,0.21672077922077923,0.3436293436293436,2464,26,0.038461538461538464,0.3765818654344632,2464,0.21672077922077923,0.5527807391345404,1043,0.10450623202301054,0.4788079086998308
Squirrel,node,42,metis_plus,10,0.1,0.13845137381909348,10,5201,2089,5,0.22,0.6284109149277689,0.4166666666666667,0.21174424826110222,80.54558730591089,173.04837647778913,0.41091628959276016,0.8177339901477833,0.20161943319838058,0.3234816498863267,0.6619473076543285,0.5487459267305224,0.0032388663967611335,0.03684210526315789,0.21133603238866397,0.3262726340963444,0.8958724202626641,0.47833708990733786,1066,0.8177339901477833,0.20161943319838058,0.3234816498863267,2470,22,0.22727272727272727,0.5286530757492239,2470,0.20161943319838058,0.5506379343524033,1044,0.10153256704980843,0.45160981289635616
Squirrel,node,42,random,10,0.1,-0.0012607986293832543,10,5201,2089,5,0.22,0.688478522681654,0.3333333333333333,0.3551451893483207,78.90116878412664,197.15882177185267,0.5314269535673839,0.9091826437941474,0.3653690186536902,0.5212612091408736,0.7611168552729884,0.6404706256495467,0.016220600162206,0.06609894566098945,0.3982157339821573,0.3841007477371114,0.9155722326454033,0.5411699473246465,1066,0.9091826437941474,0.3653690186536902,0.5212612091408736,2466,25,0.08,0.37463845290243625,2466,0.3653690186536902,0.5955643173116837,1041,0.0845341018251681,0.3767283614183616
Squirrel,node,99,louvain,10,0.1,0.2146701088923753,9,5201,2089,5,0.22,0.5695390781563127,0.3371757925072046,0.23236328564910808,80.84121589176357,192.19967355532572,0.4168552036199095,0.866785079928952,0.19717171717171716,0.32126398946675444,0.6724989765706071,0.5632418435057455,0.017777777777777778,0.07474747474747474,0.24888888888888888,0.33165153044063234,0.9293119698397738,0.4888448190381755,1061,0.866785079928952,0.19717171717171716,0.32126398946675444,2475,20,0.1,0.4702586427330971,2475,0.19717171717171716,0.5282947064710386,1041,0.07012487992315082,0.42120602131462465
Squirrel,node,99,metis,10,0.1,0.38568268374589687,10,5201,2089,5,0.22,0.5863453815261044,0.4333652924256951,0.15298008910040928,79.11200905265287,219.56170711806044,0.4030568921596377,0.8330206378986866,0.18019480519480519,0.2962962962962963,0.6286021041633764,0.5484697131680294,0.003246753246753247,0.030438311688311688,0.20982142857142858,0.32666666666666666,0.9167446211412535,0.48169083312853284,1069,0.8330206378986866,0.18019480519480519,0.2962962962962963,2464,26,0.0,0.48700020290338075,2464,0.18019480519480519,0.5337987372367461,1043,0.08533077660594439,0.46762587984779197
Squirrel,node,99,metis_plus,10,0.1,0.14841426501637606,10,5201,2089,5,0.22,0.6276083467094703,0.4061302681992337,0.2214780785102366,96.17837720317766,232.55663078976795,0.39592760180995473,0.8461538461538461,0.17249698431845598,0.2865731462925852,0.6674850308352718,0.5490702271449287,0.005227181342983514,0.033775633293124246,0.22074788902291917,0.3205678441729944,0.9256434699714013,0.47621383030897496,1049,0.8461538461538461,0.17249698431845598,0.2865731462925852,2487,5,0.0,0.5120729625225067,2487,0.17249698431845598,0.5652486913304613,1044,0.07471264367816093,0.4681901424049161
Squirrel,node,99,random,10,0.1,-0.00048203868168155296,10,5201,2089,5,0.22,0.6543556804496187,0.2920268972142171,0.3623287832354016,93.70486553013325,244.6513797212392,0.52519818799547,0.9255663430420712,0.34793187347931875,0.5057471264367817,0.7770376938749735,0.6416019592537306,0.025141930251419302,0.07015409570154096,0.40308191403081917,0.38272552783109404,0.9352720450281425,0.5431762462544266,1066,0.9255663430420712,0.34793187347931875,0.5057471264367817,2466,25,0.04,0.28092201083898544,2466,0.34793187347931875,0.5580239972765864,1041,0.06532180595581172,0.32584568104365846
Actor,client,7,louvain,10,0.2,0.34048600226885184,10,7600,932,5,0.22,0.4514754098360656,0.29180327868852457,0.15967213114754103,68.29593426082283,185.44487260328606,0.5307017543859649,0.7329192546583851,0.19344262295081968,0.30609597924773024,0.6389106712032169,0.5561552737395608,0.005901639344262295,0.038688524590163934,0.2278688524590164,0.4974463738508682,0.9188679245283019,0.6454605699138503,2650,0.7329192546583851,0.19344262295081968,0.30609597924773024,3050,749,0.07610146862483311,0.4509575672706313,3050,0.19344262295081968,0.5272306329671477,1901,0.08311415044713309,0.4474494995481713
Actor,client,7,metis,10,0.2,0.501011739723863,10,7600,932,5,0.22,0.4093007915567282,0.2767915844838922,0.13250920707283603,65.62965043215081,187.9085760070011,0.5190250745221813,0.6998616874135546,0.16688654353562005,0.2695073235685752,0.6312641446435823,0.5428217816891878,0.002308707124010554,0.03660949868073879,0.19788918205804748,0.4927710843373494,0.9187570198427555,0.6414847732322572,2671,0.6998616874135546,0.16688654353562005,0.2695073235685752,3032,766,0.07441253263707572,0.4667671134029138,3032,0.16688654353562005,0.5217323628718668,1905,0.08398950131233596,0.4638023542215818
Actor,client,7,metis_plus,10,0.2,0.35523923225984555,10,7600,932,5,0.22,0.39432904714803824,0.28308097432521395,0.11124807282282428,60.982589167077094,207.88049806980416,0.5114892124188739,0.6896024464831805,0.14869765908341576,0.24464334147002983,0.6107784386738382,0.5363053512808383,0.004945598417408506,0.02143092647543686,0.1902406857896472,0.48840895581533583,0.9239130434782609,0.6390149060272197,2668,0.6896024464831805,0.14869765908341576,0.24464334147002983,3033,765,0.08235294117647059,0.45271223088349005,3033,0.14869765908341576,0.5076972689495557,1903,0.07356805044666316,0.4464000511789206
Actor,client,7,random,10,0.2,0.00430168946788524,10,7600,932,5,0.22,0.5736842105263158,0.3368421052631579,0.2368421052631579,59.95076465420425,193.6086786231026,0.5612280701754386,0.7724974721941354,0.2513157894736842,0.37925043435095557,0.7018946008112386,0.5833646616541354,0.009210526315789473,0.05526315789473684,0.2950657894736842,0.51687539800467,0.9154135338345865,0.660697327363994,2660,0.7724974721941354,0.2513157894736842,0.37925043435095557,3040,760,0.09078947368421053,0.4197901896642227,3040,0.2513157894736842,0.5336811492048008,1900,0.08210526315789474,0.4117808102384994
Actor,client,42,louvain,10,0.2,0.35395628672767887,10,7600,932,5,0.22,0.46393827574639385,0.27863362357669125,0.1853046521697026,58.7962017278187,196.20660133799538,0.5609542185581476,0.7448770491803278,0.24387789332438778,0.3674500884508466,0.6556139866211497,0.5761668878386644,0.01442468970144247,0.06205971150620597,0.2549480040254948,0.522962962962963,0.9084558823529412,0.66380120886501,2720,0.7448770491803278,0.24387789332438778,0.3674500884508466,2981,817,0.07711138310893513,0.46973826000273156,2981,0.24387789332438778,0.5424095002277631,1903,0.09774040987913821,0.46483735215551153
Actor,client,42,metis,10,0.2,0.501011739723863,10,7600,932,5,0.22,0.3963993453355156,0.28720626631853785,0.10919307901697772,60.42882292577997,190.02321119001135,0.5042959845695248,0.7087912087912088,0.12667757774140753,0.21494029436267703,0.6197432147784079,0.5333161302604319,0.00425531914893617,0.03273322422258593,0.1823240589198036,0.482644948613535,0.9399546827794562,0.6377962844330557,2648,0.7087912087912088,0.12667757774140753,0.21494029436267703,3055,743,0.05518169582772544,0.44249981388570003,3055,0.12667757774140753,0.5038204530354607,1905,0.06194225721784777,0.44006921598819765
Actor,client,42,metis_plus,10,0.2,0.34791700890201277,10,7600,932,5,0.22,0.48881397486975176,0.2741738066095471,0.21464016826020466,65.45144942076877,212.6082585528493,0.5370175438596492,0.7800718132854578,0.2663193380324854,0.39707562257253826,0.6868641717338846,0.5828929476374983,0.009193993257738278,0.05761569108182654,0.27459393196444987,0.4779764500654165,0.8994665572425112,0.624234657553752,2437,0.7800718132854578,0.2663193380324854,0.39707562257253826,3263,535,0.102803738317757,0.4522102579892239,3263,0.2663193380324854,0.559204333834293,1902,0.09989484752891693,0.4582703474235303
Actor,client,42,random,10,0.2,0.004988511440117376,10,7600,932,5,0.22,0.5766447368421053,0.3203947368421053,0.25625,51.586195236071944,161.2077391911298,0.5473684210526316,0.7527472527472527,0.22532894736842105,0.3468354430379747,0.6972015359121487,0.5703712406015038,0.015460526315789473,0.04638157894736842,0.2582236842105263,0.5083507306889353,0.9154135338345865,0.6536912751677852,2660,0.7527472527472527,0.22532894736842105,0.3468354430379747,3040,760,0.09342105263157895,0.4283155440156789,3040,0.22532894736842105,0.5487980182233609,1900,0.08105263157894736,0.4167431183825982
Actor,client,99,louvain,10,0.2,0.3544977639726426,10,7600,932,5,0.22,0.4878286270691334,0.26247569669475046,0.22535293037438292,52.96888362290338,165.33532564900815,0.5627849877236057,0.75,0.2862706913339825,0.4143763213530655,0.6850684575101287,0.5870498821034659,0.014605647517039922,0.05485232067510549,0.25056799740344043,0.5141405214317278,0.8878290728729492,0.6511823142577305,2621,0.75,0.2862706913339825,0.4143763213530655,3081,718,0.13788300835654596,0.4631442950784247,3081,0.2862706913339825,0.5633168947344591,1903,0.1024697845507094,0.45245722240630853
Actor,client,99,metis,10,0.2,0.501011739723863,10,7600,932,5,0.22,0.3829155672823219,0.26232741617357,0.12058815110875187,51.582281976006925,160.7403075005859,0.5188497282132211,0.6967213114754098,0.16820580474934038,0.27098831030818277,0.6113489063122031,0.5425454332619783,0.005606860158311346,0.03496042216358839,0.1975593667546174,0.4926574129953732,0.9168850617746163,0.640931693274012,2671,0.6967213114754098,0.16820580474934038,0.27098831030818277,3032,766,0.08093994778067885,0.49281431232669026,3032,0.16820580474934038,0.5403867907414218,1905,0.08398950131233596,0.4857247737018768
Actor,client,99,metis_plus,10,0.2,0.3544184955222531,10,7600,932,5,0.22,0.38386691776522286,0.2844611528822055,0.09940576488301733,54.59847684483975,171.0818027839996,0.49131731275214874,0.7025495750708215,0.1556811048336472,0.25488180883864336,0.6054066685885939,0.5360910494347163,0.006591337099811676,0.03358443188951663,0.18141870684243566,0.46146146146146144,0.9165009940357853,0.6138482023968043,2515,0.7025495750708215,0.1556811048336472,0.25488180883864336,3186,612,0.08823529411764706,0.46424017672493956,3186,0.1556811048336472,0.5179785605372682,1903,0.08197582764056753,0.468642545635927
Actor,client,99,random,10,0.2,0.0028796013499166797,10,7600,932,5,0.22,0.5072368421052632,0.3282894736842105,0.1789473684210527,51.70422708615661,160.66113493591547,0.5259649122807017,0.7321428571428571,0.17532894736842106,0.28290870488322717,0.6567228927582114,0.5510103383458647,0.005592105263157895,0.04342105263157895,0.2194078947368421,0.49577634754625904,0.9266917293233082,0.6459643605870021,2660,0.7321428571428571,0.17532894736842106,0.28290870488322717,3040,760,0.07894736842105263,0.4214051464327464,3040,0.17532894736842106,0.5144270614965966,1900,0.07105263157894737,0.4239975428855733
Actor,node,7,louvain,10,0.1,0.34048600226885184,10,7600,932,5,0.22,0.47538826006843904,0.28511309836927934,0.1902751616991597,64.38523136870936,161.8473748913966,0.4694736842105263,0.8275555555555556,0.24754054772666845,0.38108882521489973,0.6592249463461417,0.5737444873754538,0.0029247540547726668,0.04307365062483382,0.24674288752991225,0.3814207650273224,0.8999484270242393,0.5357691126803807,1939,0.8275555555555556,0.24754054772666845,0.38108882521489973,3761,38,0.10526315789473684,0.4980529174208641,3761,0.24754054772666845,0.5499748780439903,1901,0.09994739610731194,0.47367230916825925
Actor,node,7,metis,10,0.1,0.501011739723863,10,7600,932,5,0.22,0.4565560821484992,0.27716535433070866,0.17939072781779053,64.64626611303538,161.20653593167663,0.4516920918814659,0.8224489795918367,0.21441872838520884,0.34015615108672714,0.6667721063412144,0.5624562777728513,0.00558659217877095,0.03963820164937484,0.24048949188613994,0.3747618039381749,0.9104938271604939,0.5309734513274337,1944,0.8224489795918367,0.21441872838520884,0.34015615108672714,3759,39,0.07692307692307693,0.4511464459773822,3759,0.21441872838520884,0.5489313190257369,1905,0.08976377952755905,0.46961757406357707
Actor,node,7,metis_plus,10,0.1,0.35523923225984555,10,7600,932,5,0.22,0.39652448657187994,0.2900683131897005,0.10645617338217944,64.94051825907081,173.23857865994796,0.4006314681634801,0.7976973684210527,0.12834083090764753,0.22110781855482106,0.6021721303914315,0.5321724966192765,0.0031754432389521038,0.03334215400899709,0.1963482402752051,0.35322992342430787,0.9360041623309053,0.5129009265858874,1922,0.7976973684210527,0.12834083090764753,0.22110781855482106,3779,19,0.0,0.4283317688264345,3779,0.12834083090764753,0.5020071570915531,1903,0.06463478717813978,0.4465817950775576
Actor,node,7,random,10,0.1,0.00430168946788524,10,7600,932,5,0.22,0.42605263157894735,0.33631578947368423,0.08973684210526311,64.4187888558954,160.6068527828902,0.3880701754385965,0.759469696969697,0.10659223817118554,0.18694638694638693,0.5960608886101797,0.5205303812114958,0.006379585326953748,0.024189261031366295,0.16507177033492823,0.35015467904098996,0.9344685242518059,0.509423347398031,1938,0.759469696969697,0.10659223817118554,0.18694638694638693,3762,38,0.05263157894736842,0.4441122173478729,3762,0.10659223817118554,0.4857469183283401,1900,0.06578947368421052,0.4325594076612278
Actor,node,42,louvain,10,0.1,0.35395628672767887,10,7600,932,5,0.22,0.42706687730384413,0.28008407777193906,0.14698279953190507,64.60026702377945,164.23679891694337,0.43957200491141907,0.8013172338090011,0.19497863247863248,0.31364124597207305,0.6363582515537037,0.5512450648341042,0.008012820512820512,0.05448717948717949,0.20726495726495728,0.3707724425887265,0.9075114971895759,0.5264562027567808,1957,0.8013172338090011,0.19497863247863248,0.31364124597207305,3744,54,0.07407407407407407,0.4506584753592809,3744,0.19497863247863248,0.5240671069253809,1903,0.093011035207567,0.45806314834186546
Actor,node,42,metis,10,0.1,0.501011739723863,10,7600,932,5,0.22,0.39257503949447076,0.28346456692913385,0.1091104725653369,64.44000701187178,161.51901744073257,0.40908293880413815,0.793984962406015,0.140388194629088,0.2385901491188432,0.614439182996612,0.5349211827934317,0.00452007444828503,0.02472746609944164,0.1762829034831162,0.35827709408495434,0.9294541709577755,0.5171919770773639,1942,0.793984962406015,0.140388194629088,0.2385901491188432,3761,37,0.02702702702702703,0.4210765003352552,3761,0.140388194629088,0.5218616277811471,1905,0.07139107611548556,0.45856557628262073
Actor,node,42,metis_plus,10,0.1,0.34791700890201277,10,7600,932,5,0.22,0.40442338072669826,0.27602523659305994,0.12839814413363831,65.93889263598248,180.88604233879596,0.4180701754385965,0.8156748911465893,0.1497867803837953,0.2530961495158748,0.6235547748934996,0.5422958542576061,0.0042643923240938165,0.029051172707889126,0.19669509594882728,0.36340051885851127,0.9348049281314168,0.5233510561862337,1948,0.8156748911465893,0.1497867803837953,0.2530961495158748,3752,46,0.10869565217391304,0.4512270254933316,3752,0.1497867803837953,0.494877420569351,1902,0.06414300736067298,0.43310864546486066
Actor,node,42,random,10,0.1,0.004988511440117376,10,7600,932,5,0.22,0.47710526315789475,0.32105263157894737,0.1560526315789474,64.42893092194572,160.6204312411137,0.38421052631578945,0.7971698113207547,0.08984582668793195,0.16149068322981366,0.6297388089794803,0.522735090846546,0.009303561935140883,0.023125996810207338,0.18341307814992025,0.3510235026535254,0.95562435500516,0.5134460770723593,1938,0.7971698113207547,0.08984582668793195,0.16149068322981366,3762,38,0.02631578947368421,0.4071729473377529,3762,0.08984582668793195,0.4665899301132961,1900,0.04473684210526316,0.38708189173209434
Actor,node,99,louvain,10,0.1,0.3544977639726426,10,7600,932,5,0.22,0.4006317451961042,0.2863899106673673,0.11424183452873693,64.98707136372104,165.67856358084828,0.40775166608207647,0.7979197622585439,0.1421386977236633,0.2412940912154572,0.6137728797535573,0.5357263135187963,0.003440974060349391,0.03308628904182107,0.18713605082053997,0.3555378802942931,0.9293139293139293,0.5143103696246225,1924,0.7979197622585439,0.1421386977236633,0.2412940912154572,3778,21,0.14285714285714285,0.49896848627499174,3778,0.1421386977236633,0.530094807996139,1903,0.06988964792433,0.4745278640381534
Actor,node,99,metis,10,0.1,0.501011739723863,10,7600,932,5,0.22,0.41706161137440756,0.27874015748031494,0.13832145389409262,64.56023672409356,161.06020738184452,0.4271436086270384,0.8245382585751979,0.16626762436818301,0.2767323444764224,0.6493812654841001,0.5489259932540503,0.009044958765629156,0.03830806065442937,0.22399574354881618,0.3662285136501517,0.9315843621399177,0.5257657134562346,1944,0.8245382585751979,0.16626762436818301,0.2767323444764224,3759,39,0.05128205128205128,0.42536760369936627,3759,0.16626762436818301,0.5199067301376287,1905,0.06876640419947506,0.4400910492370448
Actor,node,99,metis_plus,10,0.1,0.3544184955222531,10,7600,932,5,0.22,0.46392838335966297,0.29427220178665264,0.16965618157301032,65.27512940159068,170.7957841088064,0.47061918961585686,0.8180242634315424,0.2515991471215352,0.3848348960456584,0.6660597501753127,0.5719257921343951,0.018390191897654583,0.057569296375266525,0.22921108742004265,0.3824499670112162,0.892252437147255,0.5354064039408867,1949,0.8180242634315424,0.2515991471215352,0.3848348960456584,3752,46,0.043478260869565216,0.43403062337766524,3752,0.2515991471215352,0.5459140165091387,1903,0.1093011035207567,0.45430536409208666
Actor,node,99,random,10,0.1,0.0028796013499166797,10,7600,932,5,0.22,0.5339473684210526,0.33263157894736844,0.20131578947368417,64.38044220302254,160.39742080820724,0.4535087719298246,0.8504875406283857,0.2086656034024455,0.33511205976520814,0.6754502550901442,0.5687290865309441,0.01594896331738437,0.050770866560340244,0.2538543328017012,0.37680552648105503,0.9287925696594427,0.5361131794489948,1938,0.8504875406283857,0.2086656034024455,0.33511205976520814,3762,38,0.05263157894736842,0.37783825828840856,3762,0.2086656034024455,0.5190251202524057,1900,0.07157894736842105,0.4139525956533065
