dataset,scenario,seed,partitioning,num_clients,forget_ratio,modularity,n_clients_actual,n_nodes,n_features,n_classes,homophily,retain_acc,test_acc,train_test_gap,t_ret_sec,t_shadow_sec,shokri_mia_acc,shokri_mia_precision,shokri_mia_recall,shokri_mia_f1,shokri_mia_auc,shokri_mia_balanced_acc,shokri_mia_tpr_at_fpr_0.001,shokri_mia_tpr_at_fpr_0.01,shokri_mia_tpr_at_fpr_0.1,shokri_nonmember_precision,shokri_nonmember_recall,shokri_nonmember_f1,shokri_nonmember_support,shokri_member_precision,shokri_member_recall,shokri_member_f1,shokri_member_support,shokri_forget_n,shokri_forget_predicted_member_rate,shokri_forget_mean_score,shokri_retain_n,shokri_retain_predicted_member_rate,shokri_retain_mean_score,shokri_test_n,shokri_test_predicted_member_rate,shokri_test_mean_score,error
Photo,client,7,louvain,10,0.2,0.5565370579166616,10.0,7650.0,745.0,8.0,,0.948318293683347,0.914858780188293,0.03345951349505394,42.02909906208515,131.8310392582789,0.6420479302832244,0.26600441501103755,0.19770303527481542,0.2268235294117647,0.5615264492368313,0.500216097880659,0.0016406890894175555,0.0016406890894175555,0.04922067268252666,0.7345276872964169,0.8027291604865026,0.7671155209071581,3371.0,0.26600441501103755,0.19770303527481542,0.2268235294117647,1219.0,309.0,0.29449838187702265,0.4415859020191537,1219.0,0.19770303527481542,0.4973976297687565,3062.0,0.18745917700849118,0.47052877010900984,
Photo,client,7,metis,10,0.2,0.7012206505959411,10.0,7650.0,745.0,8.0,,0.9315746084089035,0.8984375,0.03313710840890349,43.19908182974905,135.14586726995185,0.6801045979516235,0.25621414913957935,0.11046990931574609,0.1543778801843318,0.5708629460465806,0.4976223954161669,0.0032976092333058533,0.0247320692497939,0.16323165704863973,0.734628627643876,0.8847748815165877,0.8027411986025262,3376.0,0.25621414913957935,0.11046990931574609,0.1543778801843318,1213.0,314.0,0.21656050955414013,0.3076398887191039,1213.0,0.11046990931574609,0.5107020469902963,3062.0,0.10483344219464402,0.45549121408005183,
Photo,client,7,metis_plus,10,0.2,0.6571628509578257,10.0,7650.0,745.0,8.0,,0.9316725978647686,0.9177596596951436,0.013912938169625022,52.00951527990401,142.0677506159991,0.6835112175996515,0.39915966386554624,0.06761565836298933,0.11564211807668898,0.5768964754609244,0.511365895722612,0.0071174377224199285,0.023487544483985764,0.12241992882562278,0.6990581208362049,0.9551161330822348,0.8072688685502056,3186.0,0.39915966386554624,0.06761565836298933,0.11564211807668898,1405.0,121.0,0.024793388429752067,0.24691260549093574,1405.0,0.06761565836298933,0.4953692305183495,3065.0,0.04567699836867863,0.46193870324671854,
Photo,client,7,random,10,0.2,-0.0005305451359340994,10.0,7650.0,745.0,8.0,,0.9444444444444444,0.8913398692810458,0.053104575163398615,42.24007667507976,131.65892272768542,0.6888888888888889,0.33548387096774196,0.16993464052287582,0.22559652928416485,0.5706497889312191,0.523767082590612,0.004901960784313725,0.028594771241830064,0.14869281045751634,0.744080604534005,0.8775995246583482,0.8053435114503816,3366.0,0.33548387096774196,0.16993464052287582,0.22559652928416485,1224.0,306.0,0.12745098039215685,0.48740127029656766,1224.0,0.16993464052287582,0.5263646938761977,3060.0,0.1218954248366013,0.48601110885957893,
Photo,client,42,louvain,10,0.2,0.5649984838481268,10.0,7650.0,745.0,8.0,,0.921875,0.9019688269073011,0.01990617309269893,42.72788170399144,134.2402694229968,0.6984749455337691,0.2717391304347826,0.08223684210526316,0.12626262626262627,0.5621375631766137,0.5014029498018906,0.004934210526315789,0.009868421052631578,0.10855263157894737,0.7356702984367598,0.920569057498518,0.817798841495524,3374.0,0.2717391304347826,0.08223684210526316,0.12626262626262627,1216.0,311.0,0.09646302250803858,0.39045582807524026,1216.0,0.08223684210526316,0.48653015880355316,3063.0,0.07770159973881816,0.4576271661775265,
Photo,client,42,metis,10,0.2,0.7012206505959411,10.0,7650.0,745.0,8.0,,0.934199837530463,0.9149108589951378,0.019288978535325185,43.27804876072332,135.58284710999578,0.68707779472652,0.20461095100864554,0.057676685621445976,0.08998732572877059,0.5425990239248247,0.4877424523997641,0.0,0.0,0.09098294069861901,0.7265440829797265,0.9178082191780822,0.8110526315789474,3358.0,0.20461095100864554,0.057676685621445976,0.08998732572877059,1231.0,296.0,0.2635135135135135,0.514693045762141,1231.0,0.057676685621445976,0.4889477985743872,3062.0,0.06466361854996734,0.47673364806788354,
Photo,client,42,metis_plus,10,0.2,0.659304916010846,10.0,7650.0,745.0,8.0,,0.9337952270977675,0.9068608662322729,0.02693436086549461,48.72581005608663,173.1184602137655,0.6067073170731707,0.14545454545454545,0.0800615858352579,0.10327706057596822,0.4933977104488561,0.44725824508890133,0.001539645881447267,0.001539645881447267,0.01077752117013087,0.6917719886510189,0.8144549043425447,0.7481171548117155,3293.0,0.14545454545454545,0.0800615858352579,0.10327706057596822,1299.0,227.0,0.6519823788546255,0.48537279629365987,1299.0,0.0800615858352579,0.49653169373014483,3066.0,0.15101108936725374,0.4839223253794181,
Photo,client,42,random,10,0.2,-7.872758090273976e-05,10.0,7650.0,745.0,8.0,,0.9338235294117647,0.8831699346405228,0.05065359477124187,42.2308620181866,131.8942184620537,0.7050108932461874,0.35091743119266056,0.125,0.18433734939759036,0.5727184862853836,0.520461972667855,0.0016339869281045752,0.02042483660130719,0.1380718954248366,0.742176215695715,0.9159239453357101,0.8199468085106383,3366.0,0.35091743119266056,0.125,0.18433734939759036,1224.0,306.0,0.09477124183006536,0.4855262947031388,1224.0,0.125,0.5167478848053934,3060.0,0.08300653594771241,0.47684585441446414,
Photo,client,99,louvain,10,0.2,0.5620211584765249,10.0,7650.0,745.0,8.0,,0.9263502454991817,0.9097590853409555,0.016591160158226148,42.433525156695396,131.9570880793035,0.714161220043573,0.30434782608695654,0.057283142389525366,0.09641873278236915,0.5736507263898986,0.5048886020736225,0.006546644844517185,0.024549918166939442,0.15711947626841244,0.7357798165137615,0.9524940617577197,0.8302277432712215,3368.0,0.30434782608695654,0.057283142389525366,0.09641873278236915,1222.0,306.0,0.058823529411764705,0.41907568240319104,1222.0,0.057283142389525366,0.48693702216587853,3062.0,0.046374918354016983,0.4517657930939616,
Photo,client,99,metis,10,0.2,0.7012206505959411,10.0,7650.0,745.0,8.0,,0.925531914893617,0.9004487964096287,0.025083118483988254,43.43232459900901,135.01829274417832,0.7140989322292438,0.34265734265734266,0.08019639934533551,0.129973474801061,0.565741453220995,0.5121801717546398,0.0024549918166939444,0.023731587561374796,0.13666121112929625,0.7387868928654427,0.9441639441639441,0.8289439374185137,3367.0,0.34265734265734266,0.08019639934533551,0.129973474801061,1222.0,305.0,0.013114754098360656,0.2882435753521677,1222.0,0.08019639934533551,0.5018798678308579,3062.0,0.06009144350097975,0.4475538942890344,
Photo,client,99,metis_plus,10,0.2,0.6571628509578257,10.0,7650.0,745.0,8.0,,0.9336455893832943,0.9105754276827371,0.0230701617005572,48.055952857714146,153.88533951807767,0.6416902635591375,0.3295880149812734,0.27478532396565186,0.2997020008514261,0.5733355974255385,0.5292355622849407,0.0039032006245121,0.02029664324746292,0.1358313817330211,0.7363042861197843,0.7836858006042297,0.7592565490999561,3310.0,0.3295880149812734,0.27478532396565186,0.2997020008514261,1281.0,245.0,0.11836734693877551,0.4530716920689661,1281.0,0.27478532396565186,0.5225487515667655,3065.0,0.22414355628058727,0.5011100326271251,
Photo,client,99,random,10,0.2,-0.0018097850497712595,10.0,7650.0,745.0,8.0,,0.9493464052287581,0.8950163398692811,0.05433006535947704,42.316427966114134,131.7967882663943,0.7026143790849673,0.32592592592592595,0.10784313725490197,0.16206261510128914,0.5808079594483861,0.5133689839572193,0.0016339869281045752,0.0196078431372549,0.136437908496732,0.739068100358423,0.9188948306595366,0.8192292411601112,3366.0,0.32592592592592595,0.10784313725490197,0.16206261510128914,1224.0,306.0,0.10130718954248366,0.48510881407898576,1224.0,0.10784313725490197,0.5244852787650683,3060.0,0.07908496732026143,0.4770047548259873,
Photo,node,7,louvain,10,0.1,0.5565370579166616,10.0,7650.0,745.0,8.0,,0.9404450261780105,0.9085564990202482,0.03188852715776236,52.89702063333243,131.35667062178254,0.6078431372549019,0.35251798561151076,0.2267019167217449,0.2759452936444087,0.5294781377987031,0.5109785176718897,0.0013218770654329147,0.010575016523463317,0.11566424322538003,0.676527508985347,0.7952551186220345,0.731102479832686,3077.0,0.35251798561151076,0.2267019167217449,0.2759452936444087,1513.0,15.0,0.06666666666666667,0.5229469140370687,1513.0,0.2267019167217449,0.5128642800428719,3062.0,0.205421293272371,0.5023897612363387,
Photo,node,7,metis,10,0.1,0.7012206505959411,10.0,7650.0,745.0,8.0,,0.9377865094957433,0.9134552580013063,0.024331251494436934,54.2722365539521,135.15901166200638,0.6325996949226411,0.36976047904191617,0.16335978835978837,0.22660550458715598,0.5262746903549633,0.5132691044496375,0.0013227513227513227,0.016534391534391533,0.12632275132275134,0.6773782198418771,0.8631784205394866,0.7590740211488997,3077.0,0.36976047904191617,0.16335978835978837,0.22660550458715598,1512.0,15.0,0.13333333333333333,0.4802614445487658,1512.0,0.16335978835978837,0.50696012602439,3062.0,0.13683866753755716,0.49402634894536473,
Photo,node,7,metis_plus,10,0.1,0.6571628509578257,10.0,7650.0,745.0,8.0,,0.926605504587156,0.9220228384991843,0.004582666087971643,56.50616633798927,138.9885273789987,0.6244826835112176,0.3514644351464435,0.16677696889477167,0.22621184919210055,0.5256294747608448,0.5079014714603729,0.0026472534745201853,0.009265387160820648,0.10125744540039709,0.6750129065565307,0.849025974025974,0.7520851308599368,3080.0,0.3514644351464435,0.16677696889477167,0.22621184919210055,1511.0,15.0,0.13333333333333333,0.5290745357672374,1511.0,0.16677696889477167,0.5170452237415203,3065.0,0.15106035889070146,0.5043240715024863,
Photo,node,7,random,10,0.1,-0.0005305451359340994,10.0,7650.0,745.0,8.0,,0.9418300653594771,0.8921568627450981,0.04967320261437902,52.67424517078325,131.677784467116,0.6459694989106753,0.4045138888888889,0.1537953795379538,0.22285987565758011,0.5584418149131987,0.5211253320453997,0.0039603960396039604,0.0165016501650165,0.13267326732673268,0.6806178375685102,0.8884552845528455,0.7707716179997178,3075.0,0.4045138888888889,0.1537953795379538,0.22285987565758011,1515.0,15.0,0.13333333333333333,0.4874131307005882,1515.0,0.1537953795379538,0.5288571973159147,3060.0,0.11143790849673203,0.4951480873895895,
Photo,node,42,louvain,10,0.1,0.5649984838481268,10.0,7650.0,745.0,8.0,,0.922724296005239,0.9125040809663728,0.010220215038866165,53.42726790858433,132.86766048707068,0.6466230936819172,0.3436619718309859,0.08074123097286565,0.1307609860664523,0.5294849785130973,0.5025336554344679,0.003970880211780278,0.01654533421575116,0.11515552614162806,0.6720188902007084,0.9243260798960702,0.7782335247470604,3079.0,0.3436619718309859,0.08074123097286565,0.1307609860664523,1511.0,16.0,0.125,0.48081942088901997,1511.0,0.08074123097286565,0.5004696279843069,3063.0,0.07541625857002938,0.4877779280254207,
Photo,node,42,metis,10,0.1,0.7012206505959411,10.0,7650.0,745.0,8.0,,0.9181401440733464,0.9095362508164598,0.008603893256886597,54.14111341629177,135.10139521816745,0.6635432556112443,0.4238095238095238,0.05886243386243386,0.10336817653890824,0.5480210960995816,0.5097692084814281,0.004629629629629629,0.02447089947089947,0.14087301587301587,0.6750399634619776,0.9606759831004225,0.7929184549356223,3077.0,0.4238095238095238,0.05886243386243386,0.10336817653890824,1512.0,15.0,0.06666666666666667,0.47565829660743475,1512.0,0.05886243386243386,0.48857720932928184,3062.0,0.039190071848465055,0.47174600114199344,
Photo,node,42,metis_plus,10,0.1,0.659304916010846,10.0,7650.0,745.0,8.0,,0.937745740498034,0.9145466405740378,0.02319909992399627,56.96065195463598,174.03040361916646,0.6417682926829268,0.3508771929824561,0.10603048376408217,0.1628498727735369,0.5379324227625919,0.5050100521317978,0.0006626905235255136,0.012591119946984758,0.12458581842279655,0.6738394584139265,0.9039896204995135,0.7721291037539826,3083.0,0.3508771929824561,0.10603048376408217,0.1628498727735369,1509.0,17.0,0.0,0.4600154143922469,1509.0,0.10603048376408217,0.48405963725072804,3066.0,0.09654272667971298,0.4737201032223604,
Photo,node,42,random,10,0.1,-7.872758090273976e-05,10.0,7650.0,745.0,8.0,,0.9313725490196079,0.8895424836601307,0.0418300653594772,52.89651796594262,132.16691743116826,0.6529411764705882,0.4155844155844156,0.12673267326732673,0.19423368740515934,0.5658090101693096,0.5194638976092731,0.0026402640264026403,0.021122112211221122,0.13135313531353135,0.6795058139534884,0.9121951219512195,0.7788421491045397,3075.0,0.4155844155844156,0.12673267326732673,0.19423368740515934,1515.0,15.0,0.06666666666666667,0.5495539327462514,1515.0,0.12673267326732673,0.5231066549719363,3060.0,0.08790849673202615,0.4856696554941378,
Photo,node,99,louvain,10,0.1,0.5620211584765249,10.0,7650.0,745.0,8.0,,0.9325916230366492,0.9190071848465056,0.013584438190143655,52.65908223669976,132.4344962099567,0.6468409586056645,0.36893203883495146,0.10046265697290152,0.15792207792207794,0.5469298578176656,0.5079823847100452,0.007270323859881031,0.021150033046926635,0.1116986120290813,0.6742460507419819,0.9155021124471888,0.7765678842177809,3077.0,0.36893203883495146,0.10046265697290152,0.15792207792207794,1513.0,15.0,0.0,0.4358650108178457,1513.0,0.10046265697290152,0.48963025202192934,3062.0,0.08491182233834095,0.46744747588268476,
Photo,node,99,metis,10,0.1,0.7012206505959411,10.0,7650.0,745.0,8.0,,0.9259986902423052,0.9065969954278249,0.019401694814480286,54.286051275674254,135.2250985079445,0.6602745696230116,0.3936651583710407,0.057539682539682536,0.10040392383150606,0.5238572408705655,0.5069953856312323,0.001984126984126984,0.018518518518518517,0.11706349206349206,0.6737637362637363,0.956451088722782,0.7905977165883143,3077.0,0.3936651583710407,0.057539682539682536,0.10040392383150606,1512.0,15.0,0.06666666666666667,0.5276694655418396,1512.0,0.057539682539682536,0.4951215287936585,3062.0,0.0434356629653821,0.48583577822562024,
Photo,node,99,metis_plus,10,0.1,0.6571628509578257,10.0,7650.0,745.0,8.0,,0.9318479685452162,0.9177814029363784,0.014066565608837789,56.781281812116504,154.6849816488102,0.5946416902635592,0.34924845269672855,0.2598684210526316,0.2980007544322897,0.5195721006358291,0.5101035364787743,0.005263157894736842,0.018421052631578946,0.10986842105263157,0.6748554913294798,0.760338651904917,0.7150512938294289,3071.0,0.34924845269672855,0.2598684210526316,0.2980007544322897,1520.0,6.0,0.5,0.44255150606234867,1520.0,0.2598684210526316,0.5155854466616323,3065.0,0.23915171288743883,0.505787971509973,
Photo,node,99,random,10,0.1,-0.0018097850497712595,10.0,7650.0,745.0,8.0,,0.9464052287581699,0.8967320261437909,0.04967320261437902,52.53459991980344,131.759866992943,0.6520697167755991,0.4014423076923077,0.11023102310231023,0.17296737441740032,0.574846762725053,0.5146277066731063,0.0039603960396039604,0.01782178217821782,0.13465346534653466,0.6770483948251078,0.9190243902439025,0.7796937508621878,3075.0,0.4014423076923077,0.11023102310231023,0.17296737441740032,1515.0,15.0,0.06666666666666667,0.44074741899967196,1515.0,0.11023102310231023,0.49778576557072673,3060.0,0.08104575163398693,0.4548675575894931,
tolokers,client,7,louvain,15,0.2,0.30811746033018883,11.0,11758.0,10.0,2.0,,0.7847730600292826,0.7811284046692607,0.003644655360021898,19.46483534714207,59.40882349200547,0.6697845804988662,0.33643771827706637,0.14104441190824793,0.19876203576341128,0.5566087906408822,0.5136018943903133,0.0004880429477794046,0.014153245485602733,0.11566617862371889,0.7159916088429885,0.8861593768723787,0.7920385576579793,5007.0,0.33643771827706637,0.14104441190824793,0.19876203576341128,2049.0,297.0,0.02356902356902357,0.4917102443048047,2049.0,0.14104441190824793,0.4990178750688824,4710.0,0.11953290870488323,0.4977214767421633,
tolokers,client,7,metis,15,0.2,0.3152545159173006,15.0,11758.0,10.0,2.0,,0.807794981313401,0.8029818956336529,0.004813085679748141,17.213660459034145,57.31241607805714,0.7019707925705374,0.28990825688073396,0.08435664709022958,0.130686517783292,0.5018061479220048,0.5048231111899024,0.0,0.009076348104644954,0.0800854244527496,0.736478180700676,0.9252895752895753,0.8201574264202601,5180.0,0.28990825688073396,0.08435664709022958,0.130686517783292,1873.0,474.0,0.03164556962025317,0.4856692944272158,1873.0,0.08435664709022958,0.48376930604882246,4706.0,0.07904802379940501,0.48391719192228466,
tolokers,client,7,metis_plus,15,0.2,0.18595097466225624,15.0,11758.0,10.0,2.0,,0.759723964868256,0.7457838850718301,0.013940079796425864,15.464414954651147,61.376252294983715,0.7279297151764206,0.2453125,0.09849435382685069,0.1405550581915846,0.5118981670004967,0.5050406969573573,0.0012547051442910915,0.0075282308657465494,0.11856963613550815,0.7760635811126695,0.9115870400878638,0.8383838383838383,5463.0,0.2453125,0.09849435382685069,0.1405550581915846,1594.0,752.0,0.06382978723404255,0.4860753454664286,1594.0,0.09849435382685069,0.48863251780252087,4711.0,0.09233708342177882,0.48822151081143506,
tolokers,client,7,random,15,0.2,-0.0002214313059425866,15.0,11758.0,10.0,2.0,,0.7943376068376068,0.774416135881104,0.019921470956502763,17.044898632913828,56.03258498292416,0.6987234042553192,0.25769230769230766,0.07158119658119658,0.11204013377926421,0.5147663066623089,0.49851751988194626,0.0010683760683760685,0.005876068376068376,0.09882478632478632,0.733843797856049,0.925453843182696,0.8185855825076871,5178.0,0.25769230769230766,0.07158119658119658,0.11204013377926421,1872.0,468.0,0.057692307692307696,0.5015276848123624,1872.0,0.07158119658119658,0.5017298801810058,4710.0,0.0762208067940552,0.5011403112401375,
tolokers,client,42,louvain,15,0.2,0.3073139116204647,11.0,11758.0,10.0,2.0,,0.7323529411764705,0.7341735052754983,-0.001820564099027755,15.135279996320605,59.916898789815605,0.735969387755102,0.3073286052009456,0.07647058823529412,0.12246820536975978,0.4730745068751922,0.5108827922505821,0.0017647058823529412,0.0058823529411764705,0.12470588235294118,0.763304688677823,0.9452949962658701,0.8446075569271833,5356.0,0.3073286052009456,0.07647058823529412,0.12246820536975978,1700.0,647.0,0.02936630602782071,0.5125793283560545,1700.0,0.07647058823529412,0.5063895675189355,4709.0,0.05818645147589722,0.5078138006444847,
tolokers,client,42,metis,15,0.2,0.3152545159173006,15.0,11758.0,10.0,2.0,,0.773454157782516,0.7920765753788886,-0.01862241759637262,16.832362055778503,55.983257001731545,0.7168580745781937,0.26996197718631176,0.037846481876332626,0.06638616175783076,0.4964262444229088,0.5003796828929664,0.0005330490405117271,0.006396588486140725,0.09914712153518124,0.7341678939617083,0.9629128839096002,0.8331244255034679,5177.0,0.26996197718631176,0.037846481876332626,0.06638616175783076,1876.0,471.0,0.040339702760084924,0.5090827848880913,1876.0,0.037846481876332626,0.5090211122783262,4706.0,0.036761580960475986,0.5091815356416901,
tolokers,client,42,metis_plus,15,0.2,0.21071235338449143,15.0,11758.0,10.0,2.0,,0.7796352583586627,0.7884906612821807,-0.008855402923518052,18.600035544950515,56.945374249015,0.7145287030474841,0.1875,0.0060790273556231,0.011776251226692836,0.48349543873544426,0.4979224107453179,0.0005065856129685917,0.004052684903748734,0.06585612968591692,0.7193534544414247,0.9897657941350128,0.833167660702452,5081.0,0.1875,0.0060790273556231,0.011776251226692836,1974.0,372.0,0.013440860215053764,0.508332198345533,1974.0,0.0060790273556231,0.5076833316318411,4709.0,0.009980887661923975,0.5076975432657896,
tolokers,client,42,random,15,0.2,-0.0004446566132439364,15.0,11758.0,10.0,2.0,,0.7932692307692307,0.7733545647558386,0.01991466601339209,16.93218031199649,55.852005715016276,0.6836879432624113,0.2644736842105263,0.10737179487179487,0.15273556231003038,0.5086661640471026,0.49970752740885993,0.0010683760683760685,0.006944444444444444,0.10363247863247864,0.7343402225755167,0.892043259945925,0.8055458667596791,5178.0,0.2644736842105263,0.10737179487179487,0.15273556231003038,1872.0,468.0,0.09829059829059829,0.5092437360276524,1872.0,0.10737179487179487,0.5090287692176226,4710.0,0.1089171974522293,0.5087219590277682,
tolokers,client,99,louvain,15,0.2,0.30796032414492075,11.0,11758.0,10.0,2.0,,0.7774524158125915,0.7680525164113785,0.009399899401212997,18.828609568066895,64.6720301057212,0.7002551020408163,0.29878048780487804,0.023914104441190825,0.044283777677361046,0.5093436295092191,0.5004731297121073,0.0004880429477794046,0.013177159590043924,0.10492923377257199,0.709808473592571,0.9770321549830238,0.8222539709219262,5007.0,0.29878048780487804,0.023914104441190825,0.044283777677361046,2049.0,297.0,0.016835016835016835,0.47343483537134495,2049.0,0.023914104441190825,0.4778473258542107,4710.0,0.02335456475583864,0.4775524809671815,
tolokers,client,99,metis,15,0.2,0.3152545159173006,15.0,11758.0,10.0,2.0,,0.7812166488794023,0.7875964865584243,-0.006379837679021949,16.807790206279606,55.71022539772093,0.7072167871827592,0.27423167848699764,0.061899679829242264,0.10100130605137135,0.5387563332998814,0.5013109134809467,0.0010672358591248667,0.012273212379935965,0.08858057630736393,0.7348416289592761,0.9407221471326511,0.8251333728512151,5179.0,0.27423167848699764,0.061899679829242264,0.10100130605137135,1874.0,473.0,0.042283298097251586,0.4886227937505815,1874.0,0.061899679829242264,0.48856097098793777,4706.0,0.060985975350616235,0.4884565693365479,
tolokers,client,99,metis_plus,15,0.2,0.21728240443865296,15.0,11758.0,10.0,2.0,,0.8002901353965184,0.7955148299975886,0.0047753053989297856,19.400885766837746,62.08633841620758,0.6689342403628118,0.3232189973614776,0.11847195357833655,0.17338995046001415,0.5331719240296635,0.507812560590291,0.00048355899419729207,0.01160541586073501,0.11508704061895551,0.7105430295331852,0.8971531676022454,0.7930178982810562,4988.0,0.3232189973614776,0.11847195357833655,0.17338995046001415,2068.0,279.0,0.043010752688172046,0.5000407080496511,2068.0,0.11847195357833655,0.5077488138061197,4709.0,0.10639201528987047,0.5067230672827696,
tolokers,client,99,random,15,0.2,-0.0005475285583287849,15.0,11758.0,10.0,2.0,,0.7863247863247863,0.7890127388535032,-0.002687952528716897,16.800451307091862,55.9344142889604,0.6985815602836879,0.2922824302134647,0.09508547008547008,0.14349052801289802,0.5064815949629101,0.5059243495657169,0.003205128205128205,0.014423076923076924,0.11645299145299146,0.7369973606582829,0.9167632290459637,0.8171099061881402,5178.0,0.2922824302134647,0.09508547008547008,0.14349052801289802,1872.0,468.0,0.08974358974358974,0.4939051432869373,1872.0,0.09508547008547008,0.4941496669322762,4710.0,0.08259023354564755,0.4940130061721093,
tolokers,node,7,louvain,15,0.1,0.30811746033018883,11.0,11758.0,10.0,2.0,,0.7855924978687127,0.7828025477707007,0.002789950098011973,23.914448094088584,63.611986455041915,0.63718820861678,0.3189102564102564,0.08526135389888603,0.1345503718728871,0.49928324163689664,0.49762855920272553,0.0004284490145672665,0.011139674378748929,0.10111396743787489,0.6680659203980099,0.909995764506565,0.7704859243320782,4722.0,0.3189102564102564,0.08526135389888603,0.1345503718728871,2334.0,12.0,0.16666666666666666,0.4982705737153689,2334.0,0.08526135389888603,0.4949920312681051,4710.0,0.08980891719745222,0.49469392774211374,
tolokers,node,7,metis,15,0.1,0.3152545159173006,15.0,11758.0,10.0,2.0,,0.7792927141031104,0.7779430514237144,0.0013496626793959576,22.800604389980435,59.94998770300299,0.6306536225719552,0.30962343096234307,0.09519725557461406,0.14562151525090195,0.5119739799872327,0.49517329417154765,0.0,0.008576329331046312,0.1072041166380789,0.6669823232323232,0.8951493327684813,0.7644026408609931,4721.0,0.30962343096234307,0.09519725557461406,0.14562151525090195,2332.0,15.0,0.3333333333333333,0.5015637854735057,2332.0,0.09519725557461406,0.5078944192486807,4706.0,0.1041223969400765,0.5075918604377174,
tolokers,node,7,metis_plus,15,0.1,0.18595097466225624,15.0,11758.0,10.0,2.0,,0.7872975277067349,0.7762683082148164,0.011029219491918485,23.609147993847728,66.03432009695098,0.5948703415048887,0.34772324068598465,0.2508532423208191,0.29144981412639404,0.5079747289647616,0.5084098590131573,0.0008532423208191126,0.013225255972696246,0.11689419795221843,0.6727543794260157,0.7659664757054955,0.7163409068359956,4713.0,0.34772324068598465,0.2508532423208191,0.29144981412639404,2344.0,2.0,0.0,0.5154507458209991,2344.0,0.2508532423208191,0.5074268798804731,4711.0,0.23413288049246445,0.5069721058039522,
tolokers,node,7,random,15,0.1,-0.0002214313059425866,15.0,11758.0,10.0,2.0,,0.7935897435897435,0.7751592356687899,0.018430507920953687,22.664371145889163,59.427182651124895,0.6404255319148936,0.3165217391304348,0.0783132530120482,0.12556053811659193,0.5058106799970573,0.49757812460166523,0.0004302925989672978,0.0051635111876075735,0.0942340791738382,0.6691891891891892,0.9168429961912823,0.7736809213463084,4726.0,0.3165217391304348,0.0783132530120482,0.12556053811659193,2324.0,16.0,0.125,0.4974280670285225,2324.0,0.0783132530120482,0.49783785309059075,4710.0,0.08301486199575371,0.49773265769400665,
tolokers,node,42,louvain,15,0.1,0.3073139116204647,11.0,11758.0,10.0,2.0,,0.7831273966766085,0.7806328307496284,0.0024945659269800524,21.094796101097018,60.11247684294358,0.6503684807256236,0.3420074349442379,0.08010448410970832,0.12980599647266314,0.503243356331559,0.5028595545154552,0.00391815411406182,0.011319111885067479,0.10796691336525903,0.6758208039275851,0.925614624921202,0.781236144364636,4759.0,0.3420074349442379,0.08010448410970832,0.12980599647266314,2297.0,50.0,0.02,0.50043099462986,2297.0,0.08010448410970832,0.5044364178886505,4709.0,0.07496283712040773,0.504338787509064,
tolokers,node,42,metis,15,0.1,0.3152545159173006,15.0,11758.0,10.0,2.0,,0.7682147422241159,0.7841053973650659,-0.015890655140950005,21.241384622640908,55.790635014884174,0.635048915355168,0.30434782608695654,0.08108108108108109,0.12804878048780488,0.5095958183632897,0.4947972114427006,0.000429000429000429,0.008151008151008152,0.10510510510510511,0.6669776119402985,0.9085133418043202,0.7692307692307693,4722.0,0.30434782608695654,0.08108108108108109,0.12804878048780488,2331.0,16.0,0.1875,0.4942844696342945,2331.0,0.08108108108108109,0.4937007289391022,4706.0,0.09116022099447514,0.49343911299693344,
tolokers,node,42,metis_plus,15,0.1,0.21071235338449143,15.0,11758.0,10.0,2.0,,0.7766410912190963,0.7855170949246124,-0.008876003705516111,22.25396323390305,57.09802767308429,0.6222537207654146,0.31905298759864714,0.12073378839590444,0.17517796347879913,0.50617817351446,0.49626160869593566,0.0008532423208191126,0.014931740614334471,0.10665529010238908,0.6658560311284046,0.8717894289959669,0.7550326316757054,4711.0,0.31905298759864714,0.12073378839590444,0.17517796347879913,2344.0,2.0,0.0,0.48239612579345703,2344.0,0.12073378839590444,0.48367858322102053,4709.0,0.12826502442132087,0.4833324863149194,
tolokers,node,42,random,15,0.1,-0.0004446566132439364,15.0,11758.0,10.0,2.0,,0.7961538461538461,0.7717622080679406,0.024391638085905498,21.195217627100646,55.78828160325065,0.6367375886524823,0.31513260530421217,0.08691910499139414,0.13625632377740304,0.4938623668241675,0.4970143557119476,0.0017211703958691911,0.008175559380378658,0.07358003442340792,0.6689031050085816,0.907109606432501,0.7700044903457566,4726.0,0.31513260530421217,0.08691910499139414,0.13625632377740304,2324.0,16.0,0.1875,0.48557680286467075,2324.0,0.08691910499139414,0.4838820470179625,4710.0,0.09256900212314224,0.48399523516242926,
tolokers,node,99,louvain,15,0.1,0.30796032414492075,11.0,11758.0,10.0,2.0,,0.7902813299232737,0.780891719745223,0.009389610178050734,21.106365848332644,64.04492481611669,0.6252834467120182,0.3254769921436588,0.12430347192456065,0.17990074441687345,0.49908533256785087,0.49852692122588393,0.0030004286326618087,0.014144877839691384,0.10030004286326619,0.6686131386861314,0.8727503705272073,0.757163850110213,4723.0,0.3254769921436588,0.12430347192456065,0.17990074441687345,2333.0,13.0,0.15384615384615385,0.5096246095804068,2333.0,0.12430347192456065,0.5066406282676529,4710.0,0.12717622080679405,0.5063539445020591,
tolokers,node,99,metis,15,0.1,0.3152545159173006,15.0,11758.0,10.0,2.0,,0.7746058798466127,0.7790055248618785,-0.004399645015265796,21.232987327035517,56.02859709598124,0.6415709627109032,0.31647940074906367,0.07246998284734134,0.11793440334961619,0.5083492954911506,0.4975779272423531,0.0008576329331046312,0.005574614065180103,0.10377358490566038,0.6682006442705937,0.9226858716373649,0.7750889679715303,4721.0,0.31647940074906367,0.07246998284734134,0.11793440334961619,2332.0,15.0,0.3333333333333333,0.5022455950578054,2332.0,0.07246998284734134,0.4976305438151286,4706.0,0.0764980875478113,0.49756190128849254,
tolokers,node,99,metis_plus,15,0.1,0.21728240443865296,15.0,11758.0,10.0,2.0,,0.7818491691521091,0.7819069866213634,-5.781746925426212e-05,22.4060557927005,62.21299491869286,0.6584467120181405,0.3172690763052209,0.03406640793445451,0.061526479750778816,0.5068246515303498,0.4990893576509933,0.0017248814144027599,0.01207416990081932,0.10694264769297111,0.670926986925224,0.9641123073675322,0.7912335412335413,4737.0,0.3172690763052209,0.03406640793445451,0.061526479750778816,2319.0,28.0,0.0,0.4653831986444337,2319.0,0.03406640793445451,0.4607738676051633,4709.0,0.036101083032490974,0.4607140762799863,
tolokers,node,99,random,15,0.1,-0.0005475285583287849,15.0,11758.0,10.0,2.0,,0.7833333333333333,0.7881104033970276,-0.004777070063694322,21.18077885778621,55.969060979783535,0.6360283687943262,0.3424479166666667,0.11316695352839931,0.17011642949547218,0.5064375906382316,0.5031556308056724,0.0017211703958691911,0.01333907056798623,0.09337349397590361,0.671919770773639,0.8931443080829454,0.7668968023255814,4726.0,0.3424479166666667,0.11316695352839931,0.17011642949547218,2324.0,16.0,0.1875,0.5013088770210743,2324.0,0.11316695352839931,0.49700696200850497,4710.0,0.10658174097664544,0.49672216995126883,
minesweeper,client,7,louvain,15,0.2,0.863108137741928,15.0,10000.0,7.0,2.0,,0.7951959544879899,0.7920075519194462,0.003188402568543691,6.046061765868217,20.233835062012076,0.5801666666666667,0.26157760814249365,0.324905183312263,0.289822385114181,0.5042384218336777,0.49823801492457875,0.0,0.006321112515802781,0.09924146649810367,0.7353159851301115,0.6715708465368945,0.7019992901928309,4418.0,0.26157760814249365,0.324905183312263,0.289822385114181,1582.0,412.0,0.35194174757281554,0.4967110846372484,1582.0,0.324905183312263,0.4966244254868793,4006.0,0.3260109835247129,0.49651198301890226,
minesweeper,client,7,metis,15,0.2,0.8897662599386539,15.0,10000.0,7.0,2.0,,0.7962382445141066,0.797001873828857,-0.0007636293147503803,6.035807422362268,20.106619745958596,0.666,0.25212121212121213,0.1304075235109718,0.171900826446281,0.5022630311095613,0.49516970954209205,0.0,0.010031347962382446,0.09592476489028214,0.7319806763285024,0.8599318955732123,0.7908141962421712,4405.0,0.25212121212121213,0.1304075235109718,0.171900826446281,1595.0,400.0,0.16,0.4937773475795984,1595.0,0.1304075235109718,0.4937098786001295,4005.0,0.13807740324594256,0.4936948339814104,
minesweeper,client,7,metis_plus,15,0.2,0.7898979379302419,15.0,10000.0,7.0,2.0,,0.7941847206385405,0.7895035460992907,0.004681174539249766,6.453125441912562,20.025182635057718,0.682,0.23076923076923078,0.037628278221208664,0.06470588235294118,0.505827874218998,0.492907403359309,0.0011402508551881414,0.007411630558722919,0.08779931584948689,0.704585229261463,0.9481865284974094,0.808433734939759,4246.0,0.23076923076923078,0.037628278221208664,0.06470588235294118,1754.0,239.0,0.07531380753138076,0.504965189610565,1754.0,0.037628278221208664,0.5042047322883845,4007.0,0.05041177938607437,0.5039117216230896,
minesweeper,client,7,random,15,0.2,0.0018572362674478256,15.0,10000.0,7.0,2.0,,0.7869674185463659,0.8043071161048689,-0.017339697558503064,6.017843273933977,19.941670902073383,0.5441666666666667,0.27265469061876246,0.42794486215538846,0.3330894903682029,0.5154701012294587,0.5071150287162047,0.0012531328320802004,0.006265664160401002,0.09586466165413533,0.7387696709585122,0.5862851952770209,0.653753639701228,4404.0,0.27265469061876246,0.42794486215538846,0.3330894903682029,1596.0,399.0,0.41102756892230574,0.49257670563265193,1596.0,0.42794486215538846,0.49263435615259304,4005.0,0.4139825218476904,0.4921939134746604,
minesweeper,client,42,louvain,15,0.2,0.8625259788036517,15.0,10000.0,7.0,2.0,,0.8104938271604938,0.7962507682851875,0.014243058875306303,6.159537937026471,20.209446907043457,0.7005499083486085,0.2689295039164491,0.06358024691358025,0.10284573140289566,0.5027965175096728,0.4998339490673813,0.0,0.011728395061728396,0.09074074074074075,0.7299750800996796,0.9360876512211824,0.8202820282028203,4381.0,0.2689295039164491,0.06358024691358025,0.10284573140289566,1620.0,374.0,0.0855614973262032,0.49411563208715165,1620.0,0.06358024691358025,0.4937522545456886,4007.0,0.061891689543299225,0.4937806239382775,
minesweeper,client,42,metis,15,0.2,0.8897662599386539,15.0,10000.0,7.0,2.0,,0.8038847117794486,0.8011239463003434,0.0027607654791051983,6.075812552124262,19.99376577185467,0.6861666666666667,0.2704,0.10588972431077694,0.15218370103556955,0.5044316342627686,0.501173744989176,0.0006265664160401002,0.006892230576441102,0.10338345864661654,0.7345116279069768,0.896457765667575,0.807444523979957,4404.0,0.2704,0.10588972431077694,0.15218370103556955,1596.0,399.0,0.10776942355889724,0.5098747491537777,1596.0,0.10588972431077694,0.5099297572944995,4005.0,0.1031210986267166,0.50988343556722,
minesweeper,client,42,metis_plus,15,0.2,0.7926872550940813,15.0,10000.0,7.0,2.0,,0.8080054274084125,0.7930452397029034,0.01496018770550911,5.842545549850911,19.658364336937666,0.6857285761920641,0.2509090909090909,0.14043419267299864,0.1800782949108308,0.48817643156294727,0.5019147090685948,0.0020352781546811396,0.009497964721845319,0.09837177747625508,0.7550744248985115,0.863395225464191,0.8056099824688048,4524.0,0.2509090909090909,0.14043419267299864,0.1800782949108308,1474.0,519.0,0.14450867052023122,0.49305727882651695,1474.0,0.14043419267299864,0.4937156164055763,4005.0,0.1355805243445693,0.49393057532971274,
minesweeper,client,42,random,15,0.2,-0.0018739278656192296,15.0,10000.0,7.0,2.0,,0.8057644110275689,0.798689138576779,0.007075272450789871,6.096108078025281,19.790739610791206,0.6706666666666666,0.28982300884955753,0.16416040100250626,0.2096,0.5120963313142074,0.5091919171225066,0.0,0.011278195488721804,0.10087719298245613,0.7382260596546311,0.8542234332425068,0.792,4404.0,0.28982300884955753,0.16416040100250626,0.2096,1596.0,399.0,0.12531328320802004,0.498847797774432,1596.0,0.16416040100250626,0.49852033713855837,4005.0,0.14781523096129837,0.4977450054831868,
minesweeper,client,99,louvain,15,0.2,0.8666450779903684,15.0,10000.0,7.0,2.0,,0.813375796178344,0.7972715736040609,0.016104222574283122,6.011842745356262,19.98864991730079,0.687718713547742,0.25483870967741934,0.10063694267515924,0.14429223744292238,0.4938793273218364,0.4981857699157787,0.0012738853503184713,0.008917197452229299,0.08662420382165605,0.7375952425199777,0.8957345971563981,0.8090093762739503,4431.0,0.25483870967741934,0.10063694267515924,0.14429223744292238,1570.0,426.0,0.08685446009389672,0.49333206070980556,1570.0,0.10063694267515924,0.4921447053456762,4005.0,0.10611735330836454,0.49251005623522176,
minesweeper,client,99,metis,15,0.2,0.8897662599386539,15.0,10000.0,7.0,2.0,,0.8090169067000627,0.7928883343730505,0.016128572327012147,5.995949417818338,20.07155363680795,0.6896666666666667,0.2532588454376164,0.08515967438948027,0.1274601686972821,0.5021133197309114,0.4970427034223122,0.0012523481527864746,0.015028177833437696,0.09455228553537884,0.7325645249862712,0.9089257324551442,0.8112710318264748,4403.0,0.2532588454376164,0.08515967438948027,0.1274601686972821,1597.0,398.0,0.10050251256281408,0.5022011230788638,1597.0,0.08515967438948027,0.5026773770264558,4005.0,0.09013732833957554,0.502206035083004,
minesweeper,client,99,metis_plus,15,0.2,0.7924630180232082,15.0,10000.0,7.0,2.0,,0.8029020556227328,0.7905019537120529,0.012400101910679862,6.257356940768659,21.3562184991315,0.6796132688781463,0.2893081761006289,0.11124546553808948,0.16069868995633188,0.5159230404236756,0.5036089237932104,0.0012091898428053204,0.012091898428053204,0.10640870616686819,0.7258996830132388,0.8959723820483314,0.8020189534404615,4345.0,0.2893081761006289,0.11124546553808948,0.16069868995633188,1654.0,338.0,0.12130177514792899,0.5049293100304858,1654.0,0.11124546553808948,0.5038165634423675,4007.0,0.10257050162216122,0.5026119493742015,
minesweeper,client,99,random,15,0.2,0.000638924800236914,15.0,10000.0,7.0,2.0,,0.8114035087719298,0.7833957553058677,0.028007753466062102,6.051151451189071,20.168601278215647,0.7163333333333334,0.2791666666666667,0.041979949874686714,0.07298474945533769,0.5087683018855039,0.5013487396966531,0.0006265664160401002,0.011278195488721804,0.08020050125313283,0.7345486111111111,0.9607175295186194,0.8325462416371507,4404.0,0.2791666666666667,0.041979949874686714,0.07298474945533769,1596.0,399.0,0.040100250626566414,0.4883915282281718,1596.0,0.041979949874686714,0.4886359030329494,4005.0,0.03920099875156055,0.4881527129258407,
minesweeper,node,7,louvain,15,0.1,0.863108137741928,15.0,10000.0,7.0,2.0,,0.8034102306920762,0.7943085371942087,0.009101693497867491,7.626466576009989,20.278857983183116,0.6193333333333333,0.33148558758314856,0.151010101010101,0.20749479528105483,0.5044397959696467,0.5005050505050505,0.0015151515151515152,0.014646464646464647,0.10404040404040404,0.6702628481757552,0.85,0.7495064707172625,4020.0,0.33148558758314856,0.151010101010101,0.20749479528105483,1980.0,14.0,0.0,0.47530486966882435,1980.0,0.151010101010101,0.4781343763073285,4006.0,0.15052421367948077,0.47768365539316526,
minesweeper,node,7,metis,15,0.1,0.8897662599386539,15.0,10000.0,7.0,2.0,,0.7989974937343358,0.7972534332084894,0.0017440605258464137,7.542134254705161,20.050321808084846,0.6636666666666666,0.3235294117647059,0.016649848637739658,0.03166986564299424,0.5146508346145674,0.49973856294505203,0.0030272452068617556,0.013622603430877902,0.11150353178607467,0.669548999660902,0.9828272772523644,0.7964905203711173,4018.0,0.3235294117647059,0.016649848637739658,0.03166986564299424,1982.0,13.0,0.0,0.5070369106072646,1982.0,0.016649848637739658,0.5083332582481213,4005.0,0.017228464419475654,0.5079229745079069,
minesweeper,node,7,metis_plus,15,0.1,0.7898979379302419,15.0,10000.0,7.0,2.0,,0.7917711991971902,0.7881207886199152,0.0036504105772749984,7.686567222699523,20.123449943959713,0.6471666666666667,0.32065217391304346,0.059445843828715365,0.10029749256268593,0.5059568808404252,0.49858967160302514,0.0020151133501259445,0.009571788413098237,0.0906801007556675,0.6685014204545454,0.937733499377335,0.7805535399606095,4015.0,0.32065217391304346,0.059445843828715365,0.10029749256268593,1985.0,8.0,0.0,0.5118971057236195,1985.0,0.059445843828715365,0.5181991436019052,4007.0,0.062390816071874224,0.5178082023575504,
minesweeper,node,7,random,15,0.1,0.0018572362674478256,15.0,10000.0,7.0,2.0,,0.7864661654135339,0.8014981273408239,-0.01503196192729006,7.606164642143995,20.015603262465447,0.6586666666666666,0.23387096774193547,0.014631685166498487,0.027540360873694207,0.4852062037682095,0.49549404069176095,0.0010090817356205853,0.0015136226034308778,0.015136226034308779,0.6676310415248469,0.9763563962170234,0.7930058621386699,4018.0,0.23387096774193547,0.014631685166498487,0.027540360873694207,1982.0,13.0,0.0,0.5162106156349182,1982.0,0.014631685166498487,0.5156154494533385,4005.0,0.02372034956304619,0.5159545721930362,
minesweeper,node,42,louvain,15,0.1,0.8625259788036517,15.0,10000.0,7.0,2.0,,0.8069207622868606,0.797105066134265,0.009815696152595588,7.670378541108221,20.334979004226625,0.637060489918347,0.34890965732087226,0.11290322580645161,0.1706016755521706,0.5150973784801689,0.5044227356316301,0.0020161290322580645,0.013608870967741936,0.10332661290322581,0.6715805187534988,0.8959422454568086,0.7677047781569966,4017.0,0.34890965732087226,0.11290322580645161,0.1706016755521706,1984.0,10.0,0.0,0.4993326008319855,1984.0,0.11290322580645161,0.5023806952991553,4007.0,0.1043174444721737,0.5019217137910197,
minesweeper,node,42,metis,15,0.1,0.8897662599386539,15.0,10000.0,7.0,2.0,,0.8,0.799250936329588,0.0007490636704120535,7.641954841092229,20.109398231841624,0.6298333333333334,0.334716459197787,0.12209889001009082,0.1789279112754159,0.5009745499440208,0.5011937954281415,0.0020181634712411706,0.008577194752774974,0.09989909182643794,0.6702671972711768,0.8802887008461922,0.7610543302850995,4018.0,0.334716459197787,0.12209889001009082,0.1789279112754159,1982.0,13.0,0.15384615384615385,0.5066343064491565,1982.0,0.12209889001009082,0.505453492074032,4005.0,0.11960049937578028,0.5054344250617104,
minesweeper,node,42,metis_plus,15,0.1,0.7926872550940813,15.0,10000.0,7.0,2.0,,0.8128449573507276,0.7945068664169788,0.01833809093374883,7.584820961114019,19.82676546787843,0.632377459153051,0.32272727272727275,0.1080669710806697,0.1619156214367161,0.49043279275342977,0.49853311305461345,0.0015220700152207,0.0106544901065449,0.09690512430238457,0.6706631697264893,0.8889992550285573,0.7645488521089162,4027.0,0.32272727272727275,0.1080669710806697,0.1619156214367161,1971.0,22.0,0.22727272727272727,0.47109278765591706,1971.0,0.1080669710806697,0.4757643211831422,4005.0,0.11036204744069912,0.47618509010875715,
minesweeper,node,42,random,15,0.1,-0.0018739278656192296,15.0,10000.0,7.0,2.0,,0.8,0.8034956304619226,-0.003495630461922583,7.591340844985098,20.004480622243136,0.6571666666666667,0.3036649214659686,0.029263370332996974,0.053382420616658995,0.5015924806584297,0.4980811625184149,0.0,0.004540867810292634,0.015136226034308779,0.6687898089171974,0.9668989547038328,0.7906787422407653,4018.0,0.3036649214659686,0.029263370332996974,0.053382420616658995,1982.0,13.0,0.0,0.4973191160422105,1982.0,0.029263370332996974,0.49566020083535695,4005.0,0.03320848938826467,0.49518848112162284,
minesweeper,node,99,louvain,15,0.1,0.8666450779903684,15.0,10000.0,7.0,2.0,,0.8021042084168337,0.797003745318352,0.005100463098481667,7.5639650002121925,20.033808652777225,0.6235627395434095,0.3208279430789133,0.12512613521695257,0.18003629764065335,0.4947652786499245,0.4972483126943186,0.0005045408678102926,0.010595358224016145,0.09788092835519677,0.6683244070390206,0.8693704901716846,0.7557045528279442,4019.0,0.3208279430789133,0.12512613521695257,0.18003629764065335,1982.0,14.0,0.2857142857142857,0.4711912487234388,1982.0,0.12512613521695257,0.4781151910572793,4005.0,0.13008739076154807,0.47823796947201835,
minesweeper,node,99,metis,15,0.1,0.8897662599386539,15.0,10000.0,7.0,2.0,,0.8105263157894737,0.798501872659176,0.012024443130297602,7.6347324210219085,19.89863910432905,0.6516666666666666,0.3457142857142857,0.06104944500504541,0.10377358490566038,0.5080724027446621,0.5020279579430403,0.0010090817356205853,0.013118062563067608,0.10595358224016145,0.6706194690265487,0.9430064708810353,0.783822920976417,4018.0,0.3457142857142857,0.06104944500504541,0.10377358490566038,1982.0,13.0,0.23076923076923078,0.5002496311297784,1982.0,0.06104944500504541,0.4958265377612696,4005.0,0.056429463171036205,0.49518444000111983,
minesweeper,node,99,metis_plus,15,0.1,0.7924630180232082,15.0,10000.0,7.0,2.0,,0.8107429718875502,0.7921138008485151,0.018629171039035053,7.666575641836971,21.413517558015883,0.6381063510585098,0.3645680819912152,0.12537764350453173,0.1865867366054702,0.5204294502082732,0.5086145630929088,0.002014098690835851,0.011581067472306143,0.09566968781470292,0.6732505643340858,0.8918514826812858,0.7672848108050166,4013.0,0.3645680819912152,0.12537764350453173,0.1865867366054702,1986.0,6.0,0.0,0.49957338472207385,1986.0,0.12537764350453173,0.4973760368180539,4007.0,0.10831045670077365,0.4972159016049054,
minesweeper,node,99,random,15,0.1,0.000638924800236914,15.0,10000.0,7.0,2.0,,0.8070175438596491,0.7850187265917603,0.02199881726788877,7.575335193891078,19.996831545140594,0.6583333333333333,0.3411214953271028,0.036831483350151364,0.06648451730418943,0.496277661220773,0.5008696988677088,0.0010090817356205853,0.009081735620585268,0.09989909182643794,0.6700656757690978,0.9649079143852664,0.7909016727866177,4018.0,0.3411214953271028,0.036831483350151364,0.06648451730418943,1982.0,13.0,0.07692307692307693,0.5030027215297406,1982.0,0.036831483350151364,0.5028261625772769,4005.0,0.03495630461922597,0.5028089869334903,
amazon_ratings,client,7,louvain,20,0.2,0.927728293854367,20.0,24492.0,300.0,5.0,,0.471326164874552,0.39440755873340144,0.07691860614115054,67.75408586440608,211.6629741578363,0.7177847326166825,0.39780405405405406,0.1205837173579109,0.1850687622789784,0.6036362012861929,0.5272581299910385,0.00409626216077829,0.027905785970302098,0.17972350230414746,0.7458191505105817,0.933932542624166,0.8293425491648153,10792.0,0.39780405405405406,0.1205837173579109,0.1850687622789784,3906.0,985.0,0.06294416243654823,0.4554580123669605,3906.0,0.1205837173579109,0.5005773516325113,9807.0,0.06638115631691649,0.46426274788166033,
amazon_ratings,client,7,metis,20,0.2,0.9302652026768526,20.0,24492.0,300.0,5.0,,0.4359235668789809,0.3628622267412303,0.07306134013775056,68.40314532024786,213.059479131829,0.7221390665396653,0.40613931523022434,0.08764331210191083,0.14417435037720033,0.5856705103168396,0.5204762555125724,0.0022929936305732482,0.019617834394904457,0.16535031847133758,0.7414627102736264,0.953309198923234,0.8341455490578298,10773.0,0.40613931523022434,0.08764331210191083,0.14417435037720033,3925.0,967.0,0.03722854188210962,0.46537798844979,3925.0,0.08764331210191083,0.5033757746903,9806.0,0.047623903732408726,0.47505950932445123,
amazon_ratings,client,7,metis_plus,20,0.2,0.8977884237701327,20.0,24492.0,300.0,5.0,,0.43098818474758327,0.36736334405144694,0.06362484069613633,69.13368295924738,206.0369352689013,0.7357283799414847,0.4107142857142857,0.09881847475832438,0.15930735930735931,0.5958968787071636,0.5253501833374233,0.010741138560687433,0.03732545649838883,0.18689581095596133,0.7568292152742555,0.9518818919165224,0.8432227335109389,10973.0,0.4107142857142857,0.09881847475832438,0.15930735930735931,3724.0,1169.0,0.03421727972626176,0.4877374741870996,3724.0,0.09881847475832438,0.5230497319119253,9804.0,0.049775601795185635,0.4906502430661996,
amazon_ratings,client,7,random,20,0.2,-0.0005644164084126183,20.0,24492.0,300.0,5.0,,0.43448275862068964,0.37410714285714286,0.060375615763546775,68.01220523985103,212.9313016780652,0.7101143479444596,0.3764367816091954,0.1338441890166028,0.19747503297531563,0.5857154166001552,0.5266511471203456,0.005108556832694764,0.026309067688378034,0.167816091954023,0.7450375939849624,0.9194581052240883,0.8231091913444366,10777.0,0.3764367816091954,0.1338441890166028,0.19747503297531563,3915.0,977.0,0.0767656090071648,0.46197239949368896,3915.0,0.1338441890166028,0.49218509702314056,9800.0,0.08091836734693877,0.4619949751795859,
amazon_ratings,client,42,louvain,20,0.2,0.9281437457284498,20.0,24492.0,300.0,5.0,,0.4514811031664964,0.3848210874824908,0.06666001568400565,74.02125098137185,221.42267873696983,0.7199047294998299,0.39669421487603307,0.09805924412665985,0.15724815724815724,0.5866808365792032,0.5219399105873117,0.002553626149131767,0.022982635342185902,0.1631767109295199,0.7426968747723465,0.9458205770479636,0.8320411327838081,10779.0,0.39669421487603307,0.09805924412665985,0.15724815724815724,3916.0,974.0,0.0513347022587269,0.46934912079138186,3916.0,0.09805924412665985,0.5035994988271588,9805.0,0.054462009178990314,0.4743008735523669,
amazon_ratings,client,42,metis,20,0.2,0.9302652026768526,20.0,24492.0,300.0,5.0,,0.4534257120862202,0.3777834655746097,0.0756422465116105,68.01956762280315,212.2223552558571,0.722683358280038,0.4138594802694899,0.11034128817038748,0.17423014586709887,0.5978314456242789,0.5269788099957576,0.0025660764690787785,0.0266871952784193,0.16859122401847576,0.7461746833589574,0.9436163318211277,0.8333605887162715,10801.0,0.4138594802694899,0.11034128817038748,0.17423014586709887,3897.0,995.0,0.04824120603015075,0.47148925778853834,3897.0,0.11034128817038748,0.5166129150817662,9806.0,0.05720987150724047,0.48409070563108464,
amazon_ratings,client,42,metis_plus,20,0.2,0.8982759015407465,20.0,24492.0,300.0,5.0,,0.4194199243379571,0.3552366565961732,0.0641832677417839,74.16272296197712,234.58524425234646,0.7230727359325032,0.44107744107744107,0.09911727616645649,0.16186161449752884,0.5865959906355415,0.5263569981279543,0.006809583858764187,0.031525851197982346,0.16620428751576294,0.7412719107634362,0.9535967200894521,0.8341348113130654,10732.0,0.44107744107744107,0.09911727616645649,0.16186161449752884,3965.0,928.0,0.05172413793103448,0.48866333011216645,3965.0,0.09911727616645649,0.5237962848188598,9804.0,0.04589963280293757,0.4952809864002337,
amazon_ratings,client,42,random,20,0.2,0.0008778147910632585,20.0,24492.0,300.0,5.0,,0.4230965763924374,0.36173469387755103,0.06136188251488639,68.17125210817903,213.53126387204975,0.7069833923223523,0.36923076923076925,0.14103219213081247,0.2041042706600111,0.5808402290553261,0.5267695753751112,0.004343382728666326,0.024782830863566682,0.16198262646908534,0.7452451314692733,0.9125069586194099,0.8204379562043795,10778.0,0.36923076923076925,0.14103219213081247,0.2041042706600111,3914.0,978.0,0.09304703476482618,0.47872973219748655,3914.0,0.14103219213081247,0.5064018172843455,9800.0,0.08693877551020408,0.47648478006753997,
amazon_ratings,client,99,louvain,20,0.2,0.9274376941669572,20.0,24492.0,300.0,5.0,,0.4558936333418563,0.39088820826952525,0.06500542507233104,71.12772756395862,216.2154926029034,0.7225775721284703,0.4,0.08488877524929686,0.14005484075089644,0.5919727615855188,0.5193567659278473,0.004091025313219126,0.021733571976476605,0.1641523906929174,0.7418866291648637,0.9538247566063978,0.8346111719605696,10785.0,0.4,0.08488877524929686,0.14005484075089644,3911.0,982.0,0.034623217922606926,0.4646433630688856,3911.0,0.08488877524929686,0.5029326083523877,9803.0,0.04733244925022952,0.47310811901161237,
amazon_ratings,client,99,metis,20,0.2,0.9302652026768526,20.0,24492.0,300.0,5.0,,0.42930196880593197,0.3615257048092869,0.06777626399664505,68.950331477914,212.54849961400032,0.7230915770853177,0.4085155350978136,0.09076962413704935,0.14853556485355648,0.5963418659974457,0.5215598375621744,0.0025568908207619537,0.018920992073638454,0.16722065967783176,0.7428592089088148,0.9523500509872995,0.8346603834904127,10787.0,0.4085155350978136,0.09076962413704935,0.14853556485355648,3911.0,981.0,0.05504587155963303,0.4623485897400936,3911.0,0.09076962413704935,0.49267111373462813,9806.0,0.04691005506832552,0.46154473605124097,
amazon_ratings,client,99,metis_plus,20,0.2,0.8984537715100622,20.0,24492.0,300.0,5.0,,0.43487621097954793,0.3567690862739836,0.0781071247055643,69.46486527798697,220.9098349660635,0.728905824714208,0.3777372262773723,0.11141011840688912,0.17206982543640897,0.588525276410187,0.5246485929010766,0.005651237890204521,0.030409041980624326,0.17034445640473628,0.7572058823529412,0.9378870673952641,0.8379170056956875,10980.0,0.3777372262773723,0.11141011840688912,0.17206982543640897,3716.0,1174.0,0.049403747870528106,0.4784106834453659,3716.0,0.11141011840688912,0.5068345046867853,9806.0,0.0636345094839894,0.4822475129159864,
amazon_ratings,client,99,random,20,0.2,0.0011710018216619265,20.0,24492.0,300.0,5.0,,0.42897291773122126,0.37028061224489794,0.058692305486323315,68.31067562103271,213.03389345295727,0.7190988292948544,0.39866793529971456,0.10705160960654063,0.16878147029204432,0.5815857649427433,0.52420682168952,0.005620848237097598,0.03372508942258559,0.1627491057741441,0.7437871123817902,0.9413620337724995,0.8309922601253122,10778.0,0.39866793529971456,0.10705160960654063,0.16878147029204432,3914.0,978.0,0.050102249488752554,0.48842904561319234,3914.0,0.10705160960654063,0.5150986215747858,9800.0,0.059489795918367346,0.48634194052493085,
amazon_ratings,node,7,louvain,20,0.1,0.927728293854367,20.0,24492.0,300.0,5.0,,0.4371294213862196,0.39074130722952993,0.04638811415668964,85.29288325784728,212.12513699987903,0.6673697101646483,0.4847682119205298,0.0752157829839704,0.13022593844511654,0.5624143439625411,0.5178255481233929,0.0030826140567200987,0.01952322235922729,0.146321413892314,0.6772574051495374,0.9604353132628153,0.7943638275499474,9832.0,0.4847682119205298,0.0752157829839704,0.13022593844511654,4866.0,25.0,0.08,0.4802140378952026,4866.0,0.0752157829839704,0.5112162664642904,9807.0,0.039461609054756805,0.48799314131109195,
amazon_ratings,node,7,metis,20,0.1,0.9302652026768526,20.0,24492.0,300.0,5.0,,0.41905151267375307,0.3722210891291046,0.04683042354464845,92.38795545930043,220.70295263035223,0.6649884338005171,0.45875542691751087,0.06513252516950893,0.11406980928391508,0.5686576849182663,0.513544799864787,0.0016437230326689953,0.017464557222108074,0.15040065748921308,0.6751624187906047,0.9619570745600651,0.7934390468999077,9831.0,0.45875542691751087,0.06513252516950893,0.11406980928391508,4867.0,25.0,0.08,0.49248927950859067,4867.0,0.06513252516950893,0.5115705197177581,9806.0,0.037935957576993674,0.4906370390473265,
amazon_ratings,node,7,metis_plus,20,0.1,0.8977884237701327,20.0,24492.0,300.0,5.0,,0.41733088085019415,0.3715830273357813,0.04574785351441285,96.8989633708261,210.6402471261099,0.6681635707967613,0.48580441640378547,0.0633875282980037,0.11214272710722738,0.570334301462662,0.5151253559359504,0.007614735542292653,0.028400905536118543,0.15743980242848324,0.6763848396501457,0.9668631835738971,0.7959499602527091,9838.0,0.48580441640378547,0.0633875282980037,0.11214272710722738,4859.0,34.0,0.058823529411764705,0.4889621436595917,4859.0,0.0633875282980037,0.5008856816334989,9804.0,0.033047735618115054,0.48075944168689977,
amazon_ratings,node,7,random,20,0.1,-0.0005644164084126183,20.0,24492.0,300.0,5.0,,0.420073589533933,0.37642857142857145,0.04364501810536153,85.74379385309294,213.30469135101885,0.6583855159270351,0.4381654381654382,0.1099013968775678,0.17572672031532272,0.5708896567258357,0.5200362033247774,0.003286770747740345,0.02218570254724733,0.14913722267871815,0.678346076757479,0.930171009771987,0.7845460399227302,9824.0,0.4381654381654382,0.1099013968775678,0.17572672031532272,4868.0,24.0,0.041666666666666664,0.48568060249090195,4868.0,0.1099013968775678,0.5106401330100383,9800.0,0.06989795918367347,0.48793101985615733,
amazon_ratings,node,42,louvain,20,0.1,0.9281437457284498,20.0,24492.0,300.0,5.0,,0.4335378323108384,0.38184599694033655,0.05169183537050187,85.66806436982006,212.36712320987135,0.6652602926165362,0.4656290531776913,0.07377722975750103,0.12737271598367927,0.5697678451960083,0.5159302264363861,0.0026715988491574187,0.02260583641594739,0.1514591039868475,0.6763142775064637,0.9580832231152712,0.79291036921652,9829.0,0.4656290531776913,0.07377722975750103,0.12737271598367927,4866.0,24.0,0.041666666666666664,0.4994274340569973,4866.0,0.07377722975750103,0.507520396477534,9805.0,0.041917389087200406,0.4844368061279685,
amazon_ratings,node,42,metis,20,0.1,0.9302652026768526,20.0,24492.0,300.0,5.0,,0.42273098937040066,0.37375076483785435,0.0489802245325463,85.91613110713661,212.2887111310847,0.6670295278269153,0.4811715481171548,0.07088555578385042,0.12356733524355301,0.5747272421490479,0.5165230342239362,0.003903842202588864,0.027121430039038424,0.15615368810355454,0.676561047135398,0.9621605126640219,0.794473374769024,9831.0,0.4811715481171548,0.07088555578385042,0.12356733524355301,4867.0,25.0,0.0,0.4633045572042465,4867.0,0.07088555578385042,0.4873379026934771,9806.0,0.037935957576993674,0.4647103747785663,
amazon_ratings,node,42,metis_plus,20,0.1,0.8982759015407465,20.0,24492.0,300.0,5.0,,0.41017780502759044,0.3547531619747042,0.05542464305288625,91.3294164747931,235.35554881207645,0.6663264611825542,0.48509174311926606,0.08671586715867159,0.1471304347826087,0.5769846584808653,0.5204940981582135,0.004100041000410004,0.027675276752767528,0.16810168101681017,0.677757685352622,0.9542723291577554,0.7925900862798173,9819.0,0.48509174311926606,0.08671586715867159,0.1471304347826087,4878.0,15.0,0.0,0.4865450024604797,4878.0,0.08671586715867159,0.5131398181035021,9804.0,0.04579763361893105,0.4906125844363921,
amazon_ratings,node,42,random,20,0.1,0.0008778147910632585,20.0,24492.0,300.0,5.0,,0.4178250204415372,0.3678571428571429,0.049967877584394305,85.6390375578776,213.0902082179673,0.6621290498230329,0.45979899497487436,0.11277732128184059,0.18112834048168922,0.5750733032848973,0.5235608919112786,0.0036976170912078883,0.023212818405916186,0.15304026294165982,0.6800266706178694,0.9343444625407166,0.7871537603979075,9824.0,0.45979899497487436,0.11277732128184059,0.18112834048168922,4868.0,24.0,0.125,0.4790613887210687,4868.0,0.11277732128184059,0.4906322017507957,9800.0,0.06551020408163265,0.4650379545819394,
amazon_ratings,node,99,louvain,20,0.1,0.9274376941669572,20.0,24492.0,300.0,5.0,,0.43899448191293683,0.3868203611139447,0.05217412079899214,85.4278623322025,212.77158700907603,0.6626292868807839,0.4375876577840112,0.0640788662969809,0.11178788964528842,0.5714790082851068,0.5116364617431786,0.0020538098172109263,0.02033271719038817,0.14602587800369685,0.6741042694700708,0.9591940571893762,0.7917681646367073,9827.0,0.4375876577840112,0.0640788662969809,0.11178788964528842,4869.0,24.0,0.041666666666666664,0.4833471216261387,4869.0,0.0640788662969809,0.4873127442141729,9803.0,0.04080383556054269,0.46326971215355656,
amazon_ratings,node,99,metis,20,0.1,0.9302652026768526,20.0,24492.0,300.0,5.0,,0.419460343417825,0.35825005098919027,0.06121029242863474,85.56758017418906,212.47594277001917,0.6642400326575044,0.4585365853658537,0.07725498253544277,0.1322314049586777,0.5767955957217974,0.5160458617285086,0.0028765153071707416,0.01910828025477707,0.15697554961988905,0.6763942931258107,0.9548367409215746,0.79185119574845,9831.0,0.4585365853658537,0.07725498253544277,0.1322314049586777,4867.0,25.0,0.0,0.4780897408723831,4867.0,0.07725498253544277,0.5034245113027593,9806.0,0.04527840097899245,0.48034395338435965,
amazon_ratings,node,99,metis_plus,20,0.1,0.8984537715100622,20.0,24492.0,300.0,5.0,,0.4165644171779141,0.3593718131756068,0.0571926040023073,91.24746103771031,220.81124614784494,0.6631736526946108,0.4601226993865031,0.0767656090071648,0.13157894736842105,0.5662576221810228,0.5159589944944091,0.00368474923234391,0.024155578300921188,0.14616171954964177,0.6750954542179958,0.9551523799816533,0.7910687151781192,9811.0,0.4601226993865031,0.0767656090071648,0.13157894736842105,4885.0,5.0,0.0,0.4709752380847931,4885.0,0.0767656090071648,0.5151133100079904,9806.0,0.04487048745665919,0.49484939555622914,
amazon_ratings,node,99,random,20,0.1,0.0011710018216619265,20.0,24492.0,300.0,5.0,,0.4178250204415372,0.3669387755102041,0.05088624493133309,85.52089040493593,213.66664590733126,0.662945820854887,0.4532293986636971,0.08360723089564503,0.14117238987166147,0.5647826980828062,0.516813794600917,0.004724732949876746,0.02732128184059162,0.1444124897288414,0.6765985210961287,0.9500203583061889,0.7903294097722077,9824.0,0.4532293986636971,0.08360723089564503,0.14117238987166147,4868.0,24.0,0.125,0.5116901447375616,4868.0,0.08360723089564503,0.4991150150992337,9800.0,0.04979591836734694,0.47885130962699046,
roman_empire,client,7,louvain,15,0.2,0.928090675001792,15.0,22662.0,300.0,18.0,,0.36368668696374207,0.2884164020433522,0.07527028492038984,65.03811592701823,217.13714270479977,0.7056184733048978,0.38267148014440433,0.1760309991696651,0.24113744075829383,0.5847415324481324,0.536638433986435,0.004428452809299751,0.027954608358704676,0.1624688624411846,0.7505864611260054,0.8972458688032048,0.8173897176223712,9985.0,0.38267148014440433,0.1760309991696651,0.24113744075829383,3613.0,913.0,0.13143483023001096,0.49361361575446544,3613.0,0.1760309991696651,0.5117793017284316,9072.0,0.09986772486772487,0.47670825555053337,
roman_empire,client,7,metis,15,0.2,,,,,,,,,,,,,,,,,,,,,,,,,,,,,,,,,,,,,,"HTTPSConnectionPool(host='raw.githubusercontent.com', port=443): Max retries exceeded with url: /yandex-research/heterophilous-graphs/main/data/roman_empire.npz (Caused by NameResolutionError(""HTTPSConnection(host='raw.githubusercontent.com', port=443): Failed to resolve 'raw.githubusercontent.com' ([Errno -3] Temporary failure in name resolution)""))"
roman_empire,client,7,metis_plus,15,0.2,,,,,,,,,,,,,,,,,,,,,,,,,,,,,,,,,,,,,,"HTTPSConnectionPool(host='raw.githubusercontent.com', port=443): Max retries exceeded with url: /yandex-research/heterophilous-graphs/main/data/roman_empire.npz (Caused by NameResolutionError(""HTTPSConnection(host='raw.githubusercontent.com', port=443): Failed to resolve 'raw.githubusercontent.com' ([Errno -3] Temporary failure in name resolution)""))"
roman_empire,client,7,random,15,0.2,,,,,,,,,,,,,,,,,,,,,,,,,,,,,,,,,,,,,,"HTTPSConnectionPool(host='raw.githubusercontent.com', port=443): Max retries exceeded with url: /yandex-research/heterophilous-graphs/main/data/roman_empire.npz (Caused by NameResolutionError(""HTTPSConnection(host='raw.githubusercontent.com', port=443): Failed to resolve 'raw.githubusercontent.com' ([Errno -3] Temporary failure in name resolution)""))"
roman_empire,client,42,louvain,15,0.2,,,,,,,,,,,,,,,,,,,,,,,,,,,,,,,,,,,,,,"HTTPSConnectionPool(host='raw.githubusercontent.com', port=443): Max retries exceeded with url: /yandex-research/heterophilous-graphs/main/data/roman_empire.npz (Caused by NameResolutionError(""HTTPSConnection(host='raw.githubusercontent.com', port=443): Failed to resolve 'raw.githubusercontent.com' ([Errno -3] Temporary failure in name resolution)""))"
roman_empire,client,42,metis,15,0.2,,,,,,,,,,,,,,,,,,,,,,,,,,,,,,,,,,,,,,"HTTPSConnectionPool(host='raw.githubusercontent.com', port=443): Max retries exceeded with url: /yandex-research/heterophilous-graphs/main/data/roman_empire.npz (Caused by NameResolutionError(""HTTPSConnection(host='raw.githubusercontent.com', port=443): Failed to resolve 'raw.githubusercontent.com' ([Errno -3] Temporary failure in name resolution)""))"
roman_empire,client,42,metis_plus,15,0.2,,,,,,,,,,,,,,,,,,,,,,,,,,,,,,,,,,,,,,"HTTPSConnectionPool(host='raw.githubusercontent.com', port=443): Max retries exceeded with url: /yandex-research/heterophilous-graphs/main/data/roman_empire.npz (Caused by NameResolutionError(""HTTPSConnection(host='raw.githubusercontent.com', port=443): Failed to resolve 'raw.githubusercontent.com' ([Errno -3] Temporary failure in name resolution)""))"
roman_empire,client,42,random,15,0.2,,,,,,,,,,,,,,,,,,,,,,,,,,,,,,,,,,,,,,"HTTPSConnectionPool(host='raw.githubusercontent.com', port=443): Max retries exceeded with url: /yandex-research/heterophilous-graphs/main/data/roman_empire.npz (Caused by NameResolutionError(""HTTPSConnection(host='raw.githubusercontent.com', port=443): Failed to resolve 'raw.githubusercontent.com' ([Errno -3] Temporary failure in name resolution)""))"
roman_empire,client,99,louvain,15,0.2,,,,,,,,,,,,,,,,,,,,,,,,,,,,,,,,,,,,,,"HTTPSConnectionPool(host='raw.githubusercontent.com', port=443): Max retries exceeded with url: /yandex-research/heterophilous-graphs/main/data/roman_empire.npz (Caused by NameResolutionError(""HTTPSConnection(host='raw.githubusercontent.com', port=443): Failed to resolve 'raw.githubusercontent.com' ([Errno -3] Temporary failure in name resolution)""))"
roman_empire,client,99,metis,15,0.2,,,,,,,,,,,,,,,,,,,,,,,,,,,,,,,,,,,,,,"HTTPSConnectionPool(host='raw.githubusercontent.com', port=443): Max retries exceeded with url: /yandex-research/heterophilous-graphs/main/data/roman_empire.npz (Caused by NameResolutionError(""HTTPSConnection(host='raw.githubusercontent.com', port=443): Failed to resolve 'raw.githubusercontent.com' ([Errno -3] Temporary failure in name resolution)""))"
roman_empire,client,99,metis_plus,15,0.2,,,,,,,,,,,,,,,,,,,,,,,,,,,,,,,,,,,,,,"HTTPSConnectionPool(host='raw.githubusercontent.com', port=443): Max retries exceeded with url: /yandex-research/heterophilous-graphs/main/data/roman_empire.npz (Caused by NameResolutionError(""HTTPSConnection(host='raw.githubusercontent.com', port=443): Failed to resolve 'raw.githubusercontent.com' ([Errno -3] Temporary failure in name resolution)""))"
roman_empire,client,99,random,15,0.2,,,,,,,,,,,,,,,,,,,,,,,,,,,,,,,,,,,,,,"HTTPSConnectionPool(host='raw.githubusercontent.com', port=443): Max retries exceeded with url: /yandex-research/heterophilous-graphs/main/data/roman_empire.npz (Caused by NameResolutionError(""HTTPSConnection(host='raw.githubusercontent.com', port=443): Failed to resolve 'raw.githubusercontent.com' ([Errno -3] Temporary failure in name resolution)""))"
roman_empire,node,7,louvain,15,0.1,,,,,,,,,,,,,,,,,,,,,,,,,,,,,,,,,,,,,,"HTTPSConnectionPool(host='raw.githubusercontent.com', port=443): Max retries exceeded with url: /yandex-research/heterophilous-graphs/main/data/roman_empire.npz (Caused by NameResolutionError(""HTTPSConnection(host='raw.githubusercontent.com', port=443): Failed to resolve 'raw.githubusercontent.com' ([Errno -3] Temporary failure in name resolution)""))"
roman_empire,node,7,metis,15,0.1,,,,,,,,,,,,,,,,,,,,,,,,,,,,,,,,,,,,,,"HTTPSConnectionPool(host='raw.githubusercontent.com', port=443): Max retries exceeded with url: /yandex-research/heterophilous-graphs/main/data/roman_empire.npz (Caused by NameResolutionError(""HTTPSConnection(host='raw.githubusercontent.com', port=443): Failed to resolve 'raw.githubusercontent.com' ([Errno -3] Temporary failure in name resolution)""))"
roman_empire,node,7,metis_plus,15,0.1,,,,,,,,,,,,,,,,,,,,,,,,,,,,,,,,,,,,,,"HTTPSConnectionPool(host='raw.githubusercontent.com', port=443): Max retries exceeded with url: /yandex-research/heterophilous-graphs/main/data/roman_empire.npz (Caused by NameResolutionError(""HTTPSConnection(host='raw.githubusercontent.com', port=443): Failed to resolve 'raw.githubusercontent.com' ([Errno -3] Temporary failure in name resolution)""))"
roman_empire,node,7,random,15,0.1,,,,,,,,,,,,,,,,,,,,,,,,,,,,,,,,,,,,,,"HTTPSConnectionPool(host='raw.githubusercontent.com', port=443): Max retries exceeded with url: /yandex-research/heterophilous-graphs/main/data/roman_empire.npz (Caused by NameResolutionError(""HTTPSConnection(host='raw.githubusercontent.com', port=443): Failed to resolve 'raw.githubusercontent.com' ([Errno -3] Temporary failure in name resolution)""))"
roman_empire,node,42,louvain,15,0.1,,,,,,,,,,,,,,,,,,,,,,,,,,,,,,,,,,,,,,"HTTPSConnectionPool(host='raw.githubusercontent.com', port=443): Max retries exceeded with url: /yandex-research/heterophilous-graphs/main/data/roman_empire.npz (Caused by NameResolutionError(""HTTPSConnection(host='raw.githubusercontent.com', port=443): Failed to resolve 'raw.githubusercontent.com' ([Errno -3] Temporary failure in name resolution)""))"
roman_empire,node,42,metis,15,0.1,,,,,,,,,,,,,,,,,,,,,,,,,,,,,,,,,,,,,,"HTTPSConnectionPool(host='raw.githubusercontent.com', port=443): Max retries exceeded with url: /yandex-research/heterophilous-graphs/main/data/roman_empire.npz (Caused by NameResolutionError(""HTTPSConnection(host='raw.githubusercontent.com', port=443): Failed to resolve 'raw.githubusercontent.com' ([Errno -3] Temporary failure in name resolution)""))"
roman_empire,node,42,metis_plus,15,0.1,,,,,,,,,,,,,,,,,,,,,,,,,,,,,,,,,,,,,,"HTTPSConnectionPool(host='raw.githubusercontent.com', port=443): Max retries exceeded with url: /yandex-research/heterophilous-graphs/main/data/roman_empire.npz (Caused by NameResolutionError(""HTTPSConnection(host='raw.githubusercontent.com', port=443): Failed to resolve 'raw.githubusercontent.com' ([Errno -3] Temporary failure in name resolution)""))"
roman_empire,node,42,random,15,0.1,,,,,,,,,,,,,,,,,,,,,,,,,,,,,,,,,,,,,,"HTTPSConnectionPool(host='raw.githubusercontent.com', port=443): Max retries exceeded with url: /yandex-research/heterophilous-graphs/main/data/roman_empire.npz (Caused by NameResolutionError(""HTTPSConnection(host='raw.githubusercontent.com', port=443): Failed to resolve 'raw.githubusercontent.com' ([Errno -3] Temporary failure in name resolution)""))"
roman_empire,node,99,louvain,15,0.1,,,,,,,,,,,,,,,,,,,,,,,,,,,,,,,,,,,,,,"HTTPSConnectionPool(host='raw.githubusercontent.com', port=443): Max retries exceeded with url: /yandex-research/heterophilous-graphs/main/data/roman_empire.npz (Caused by NameResolutionError(""HTTPSConnection(host='raw.githubusercontent.com', port=443): Failed to resolve 'raw.githubusercontent.com' ([Errno -3] Temporary failure in name resolution)""))"
roman_empire,node,99,metis,15,0.1,,,,,,,,,,,,,,,,,,,,,,,,,,,,,,,,,,,,,,"HTTPSConnectionPool(host='raw.githubusercontent.com', port=443): Max retries exceeded with url: /yandex-research/heterophilous-graphs/main/data/roman_empire.npz (Caused by NameResolutionError(""HTTPSConnection(host='raw.githubusercontent.com', port=443): Failed to resolve 'raw.githubusercontent.com' ([Errno -3] Temporary failure in name resolution)""))"
roman_empire,node,99,metis_plus,15,0.1,,,,,,,,,,,,,,,,,,,,,,,,,,,,,,,,,,,,,,"HTTPSConnectionPool(host='raw.githubusercontent.com', port=443): Max retries exceeded with url: /yandex-research/heterophilous-graphs/main/data/roman_empire.npz (Caused by NameResolutionError(""HTTPSConnection(host='raw.githubusercontent.com', port=443): Failed to resolve 'raw.githubusercontent.com' ([Errno -3] Temporary failure in name resolution)""))"
roman_empire,node,99,random,15,0.1,,,,,,,,,,,,,,,,,,,,,,,,,,,,,,,,,,,,,,"HTTPSConnectionPool(host='raw.githubusercontent.com', port=443): Max retries exceeded with url: /yandex-research/heterophilous-graphs/main/data/roman_empire.npz (Caused by NameResolutionError(""HTTPSConnection(host='raw.githubusercontent.com', port=443): Failed to resolve 'raw.githubusercontent.com' ([Errno -3] Temporary failure in name resolution)""))"
Computers,client,7,louvain,10,0.2,0.5539506167029415,10.0,13752.0,767.0,10.0,,0.8736363636363637,0.8427272727272728,0.030909090909090886,85.8689751662314,264.0912909731269,0.7031874924251605,0.3001605136436597,0.085,0.13248317392844491,0.6033865927495079,0.5064728970418113,0.0027272727272727275,0.013636363636363636,0.1409090909090909,0.7361038280020975,0.9279457940836225,0.820966444915564,6051.0,0.3001605136436597,0.085,0.13248317392844491,2200.0,550.0,0.04181818181818182,0.3596418142250993,2200.0,0.085,0.4857383117350665,5501.0,0.07507725868023996,0.4537566099862683,
Computers,client,7,metis,10,0.2,0.6043158989723617,10.0,13752.0,767.0,10.0,,0.8847197106690777,0.8744637615714608,0.010255949097616957,82.56588632101193,259.6783873522654,0.68141056713524,0.2848297213622291,0.12477396021699819,0.17353033637221,0.5488055818353832,0.5050194304396249,0.003616636528028933,0.00949367088607595,0.09448462929475587,0.7341754771385418,0.8852649006622516,0.8026720708549125,6040.0,0.2848297213622291,0.12477396021699819,0.17353033637221,2212.0,536.0,0.13246268656716417,0.47818703904970367,2212.0,0.12477396021699819,0.49202628898860423,5504.0,0.11300872093023256,0.48006394797689717,
Computers,client,7,metis_plus,10,0.2,0.5339296298246757,10.0,13752.0,767.0,10.0,,0.8761867088607594,0.8517275419545903,0.024459166906169116,112.24188605183735,297.76127181528136,0.6286060606060606,0.27441077441077444,0.12895569620253164,0.17545748116254037,0.5392976157424818,0.48915453457452696,0.0023734177215189874,0.003955696202531646,0.08227848101265822,0.6881903143585386,0.8493533729465222,0.7603254067584481,5722.0,0.27441077441077444,0.12895569620253164,0.17545748116254037,2528.0,218.0,0.4724770642201835,0.48974155928563634,2528.0,0.12895569620253164,0.49553969892661404,5504.0,0.1378997093023256,0.48336611653677547,
Computers,client,7,random,10,0.2,-0.0004777826668944515,10.0,13752.0,767.0,10.0,,0.8859090909090909,0.8155383916401635,0.07037069926892736,82.07691673701629,257.87502387771383,0.6997091614154144,0.3495670995670996,0.14681818181818182,0.20678617157490398,0.5853968635462357,0.523756083638767,0.006363636363636364,0.025454545454545455,0.15454545454545454,0.7438591703056768,0.9006939854593523,0.8147982062780269,6052.0,0.3495670995670996,0.14681818181818182,0.20678617157490398,2200.0,550.0,0.10909090909090909,0.4612122394347733,2200.0,0.14681818181818182,0.4974159474446523,5502.0,0.09832788077062886,0.4584788359278967,
Computers,client,42,louvain,10,0.2,0.5770541522258437,10.0,13752.0,767.0,10.0,,0.8687927107061504,0.8535974499089253,0.015195260797225107,81.4894626098685,261.538677547127,0.6760392679675191,0.2628968253968254,0.12072892938496584,0.16546987199500468,0.569051307011552,0.49902034316011834,0.0031890660592255125,0.010933940774487472,0.10387243735763098,0.7335358276957062,0.8773117569352709,0.7990074441687345,6056.0,0.2628968253968254,0.12072892938496584,0.16546987199500468,2195.0,554.0,0.16967509025270758,0.4535315659179584,2195.0,0.12072892938496584,0.4884266364004183,5502.0,0.11795710650672482,0.4752252925837684,
Computers,client,42,metis,10,0.2,0.6043158989723617,10.0,13752.0,767.0,10.0,,0.891768985902683,0.8592827961870178,0.0324861897156653,82.79207799118012,260.13739644829184,0.6808046534173534,0.32039636663914123,0.17644383810823103,0.22756598240469209,0.5677824134500258,0.5202391006169769,0.0009095043201455207,0.009549795361527967,0.10186448385629832,0.7427922170146286,0.8640343631257228,0.7988391629754086,6053.0,0.32039636663914123,0.17644383810823103,0.22756598240469209,2199.0,549.0,0.060109289617486336,0.4599677527116405,2199.0,0.17644383810823103,0.4934491549956088,5504.0,0.14353197674418605,0.4780155209827552,
Computers,client,42,metis_plus,10,0.2,0.5339296298246757,10.0,13752.0,767.0,10.0,,0.8719646799116998,0.853289292595651,0.018675387316048786,71.13077385025099,293.0855964496732,0.4524848484848485,0.12975636463180948,0.26158940397350994,0.17346752058554438,0.42063309598705806,0.38390125681744774,0.0,0.0,0.04083885209713024,0.7089406134435502,0.5062131096613856,0.590666062528319,6438.0,0.12975636463180948,0.26158940397350994,0.17346752058554438,1812.0,934.0,0.8394004282655246,0.566774236485043,1812.0,0.26158940397350994,0.504560943042423,5504.0,0.4351380813953488,0.5152979843989965,
Computers,client,42,random,10,0.2,-0.00035233703181684634,10.0,13752.0,767.0,10.0,,0.8836363636363637,0.816859804589866,0.06677655904649771,82.30184744484723,258.7283665849827,0.701890450799806,0.34261501210653755,0.12863636363636363,0.18704560475875742,0.5766912515772397,0.5194569789100523,0.005,0.030454545454545453,0.13863636363636364,0.7418529490977646,0.9102775941837409,0.8174803383291289,6052.0,0.34261501210653755,0.12863636363636363,0.18704560475875742,2200.0,550.0,0.11090909090909092,0.4802885166352445,2200.0,0.12863636363636363,0.5057949465310032,5502.0,0.08760450745183569,0.476627472425181,
Computers,client,99,louvain,10,0.2,0.5271017904953186,10.0,13752.0,767.0,10.0,,0.8510250569476082,0.838379239699522,0.012645817248086222,91.67236054129899,271.3443708922714,0.6889238972370334,0.2910112359550562,0.11799544419134396,0.1679092382495948,0.5368724151690301,0.5069092294425434,0.0,0.002733485193621868,0.10341685649202734,0.7370279815267591,0.8958230146937428,0.8087040763097101,6057.0,0.2910112359550562,0.11799544419134396,0.1679092382495948,2195.0,554.0,0.1263537906137184,0.5083932558390638,2195.0,0.11799544419134396,0.49659601631563727,5503.0,0.10194439396692713,0.4894795743447548,
Computers,client,99,metis,10,0.2,0.6043158989723617,10.0,13752.0,767.0,10.0,,0.8631436314363143,0.8306269733874605,0.03251665804885384,83.50255641294643,261.5630554128438,0.646025206010664,0.19072615923009623,0.0984643179765131,0.1298778671432827,0.4550734163905622,0.47263394766000216,0.0,0.0,0.026196928635953028,0.7192291461527641,0.8468035773434912,0.7778200349889709,6038.0,0.19072615923009623,0.0984643179765131,0.1298778671432827,2214.0,534.0,0.4157303370786517,0.5889720547358307,2214.0,0.0984643179765131,0.45986393610286413,5504.0,0.1277252906976744,0.4749188842135302,
Computers,client,99,metis_plus,10,0.2,0.5298298966244782,10.0,13752.0,767.0,10.0,,0.9023957409050577,0.8836025669395884,0.018793173965469312,103.52985041262582,348.2223940133117,0.6184704884256453,0.32290015847860537,0.3615794143744454,0.3411469233989117,0.5214883025659532,0.538301796565245,0.003105590062111801,0.01064773735581189,0.07808340727595386,0.7487340667015889,0.7150241787560447,0.7314909587171614,5997.0,0.32290015847860537,0.3615794143744454,0.3411469233989117,2254.0,492.0,0.17886178861788618,0.488121603532293,2254.0,0.3615794143744454,0.4995265778653264,5505.0,0.29445958219800183,0.49049169618230765,
Computers,client,99,random,10,0.2,0.0008742566639106768,10.0,13752.0,767.0,10.0,,0.8759090909090909,0.8355293048614266,0.040379786047664235,85.31047207582742,260.7518691117875,0.707222491517208,0.37050359712230213,0.14045454545454544,0.20369149637442321,0.5731457294357988,0.5268531815177552,0.003181818181818182,0.03090909090909091,0.16318181818181818,0.7450795362631437,0.913251817580965,0.8206384558277654,6052.0,0.37050359712230213,0.14045454545454544,0.20369149637442321,2200.0,550.0,0.07272727272727272,0.4753727999261834,2200.0,0.14045454545454544,0.513947614014826,5502.0,0.08814976372228281,0.4836107290995496,
Computers,node,7,louvain,10,0.1,0.5539506167029415,10.0,13752.0,767.0,10.0,,0.8658181818181818,0.8396655153608434,0.02615266645733838,103.6709681819193,259.45677753863856,0.6068355350866561,0.3520408163265306,0.2281410727406319,0.27686134641105664,0.5284471271576002,0.5107064560664636,0.0011021307861866275,0.013592946362968405,0.11315209404849376,0.6761214737166641,0.7932718393922952,0.7300266311584553,5529.0,0.3520408163265306,0.2281410727406319,0.27686134641105664,2722.0,28.0,0.21428571428571427,0.5041394691382136,2722.0,0.2281410727406319,0.550472152960664,5501.0,0.20668969278313035,0.5373663225040465,
Computers,node,7,metis,10,0.1,0.6043158989723617,10.0,13752.0,767.0,10.0,,0.8791848617176128,0.8757267441860465,0.0034581175315663293,103.31732545187697,260.87530108727515,0.6234852157052836,0.34331983805668015,0.15588235294117647,0.21441213653603033,0.5305932595380886,0.5046403810982094,0.0014705882352941176,0.006985294117647059,0.10955882352941176,0.6727946415847228,0.8533984092552422,0.7524105506414854,5532.0,0.34331983805668015,0.15588235294117647,0.21441213653603033,2720.0,28.0,0.21428571428571427,0.4892412937645401,2720.0,0.15588235294117647,0.5105744524201488,5504.0,0.14625726744186046,0.5026892638800132,
Computers,node,7,metis_plus,10,0.1,0.5339296298246757,10.0,13752.0,767.0,10.0,,0.8306627822286963,0.8237645348837209,0.00689824734497535,121.3483710247092,299.29145890893415,0.5212121212121212,0.3349673202614379,0.44923301680058436,0.3837753510140406,0.508859645891135,0.5030998175439787,0.0,0.012783053323593864,0.09605551497443389,0.6705985146352119,0.556966618287373,0.6085232903865213,5512.0,0.3349673202614379,0.44923301680058436,0.3837753510140406,2738.0,8.0,1.0,0.6428104192018509,2738.0,0.44923301680058436,0.5074812471812185,5504.0,0.4422238372093023,0.5016047000141981,
Computers,node,7,random,10,0.1,-0.0004777826668944515,10.0,13752.0,767.0,10.0,,0.872,0.8171573973100691,0.05484260268993091,103.9669348448515,258.97691135806963,0.650630150266602,0.40757749712973596,0.13041880969875091,0.19760645699972168,0.5671319554151891,0.5185547936378022,0.0069801616458486405,0.021675238795003673,0.14842027920646583,0.6793117463758298,0.9066907775768536,0.7767020370226938,5530.0,0.40757749712973596,0.13041880969875091,0.19760645699972168,2722.0,28.0,0.07142857142857142,0.5001848403896604,2722.0,0.13041880969875091,0.5063653897061604,5502.0,0.09342057433660488,0.4761734777537492,
Computers,node,42,louvain,10,0.1,0.5770541522258437,10.0,13752.0,767.0,10.0,,0.8603128410331029,0.8491457651762996,0.011167075856803321,103.46821765275672,259.4129685857333,0.6162889346745849,0.35020242914979755,0.19066862601028656,0.24690770694576594,0.5189514069758958,0.5082480406231573,0.0033063923585598823,0.015062454077883909,0.10837619397501837,0.6745457231496528,0.8258274552360282,0.7425597658155798,5529.0,0.35020242914979755,0.19066862601028656,0.24690770694576594,2722.0,27.0,0.037037037037037035,0.4976233884140297,2722.0,0.19066862601028656,0.5033502039293609,5502.0,0.17484551072337332,0.49770826464276846,
Computers,node,42,metis,10,0.1,0.6043158989723617,10.0,13752.0,767.0,10.0,,0.8904657933042213,0.8611918604651163,0.029273932839104955,106.87784370733425,261.4280838002451,0.637542413960252,0.373953488372093,0.14779411764705883,0.21185770750988142,0.5365422036493557,0.5130691484836885,0.001838235294117647,0.016911764705882352,0.12830882352941175,0.6770238261111885,0.8783441793203182,0.7646549689196632,5532.0,0.373953488372093,0.14779411764705883,0.21185770750988142,2720.0,28.0,0.10714285714285714,0.4763064735702106,2720.0,0.14779411764705883,0.49356236684629146,5504.0,0.12172965116279069,0.4844209665192423,
Computers,node,42,metis_plus,10,0.1,0.5339296298246757,10.0,13752.0,767.0,10.0,,0.8871085214857976,0.8717296511627907,0.015378870323006888,121.79471406480297,293.97641535894945,0.5189090909090909,0.3298647242455775,0.47651258925216083,0.38985395849346655,0.5254909974086776,0.507803619728961,0.0018789928598271326,0.012401352874859075,0.11912814731304021,0.6838402178847027,0.5390946502057613,0.6029014507253627,5589.0,0.3298647242455775,0.47651258925216083,0.38985395849346655,2661.0,85.0,0.788235294117647,0.5116733253002167,2661.0,0.47651258925216083,0.5082531745207126,5504.0,0.4558502906976744,0.49944283447770915,
Computers,node,42,random,10,0.1,-0.00035233703181684634,10.0,13752.0,767.0,10.0,,0.8712727272727273,0.8206106870229007,0.05066204024982657,103.58201177977026,260.01562090823427,0.655598642753272,0.41379310344827586,0.10580455547391623,0.16851960210649503,0.5589733641761656,0.516012585151063,0.0036737692872887582,0.025349008082292433,0.1399706098457017,0.6778718898888301,0.9262206148282097,0.7828213357786948,5530.0,0.41379310344827586,0.10580455547391623,0.16851960210649503,2722.0,28.0,0.17857142857142858,0.48404782292033943,2722.0,0.10580455547391623,0.4803819699236175,5502.0,0.0732460923300618,0.4559932241603253,
Computers,node,99,louvain,10,0.1,0.5271017904953186,10.0,13752.0,767.0,10.0,,0.8748635867588214,0.8593494457568599,0.015514141001961468,103.70414189295843,259.2536756522022,0.6412990790111488,0.35006273525721454,0.10253583241455347,0.1586128482092098,0.5138442898869896,0.5044409409767578,0.005512679162072767,0.012862918044836457,0.10474090407938258,0.6724346076458753,0.9063460495389623,0.7720622208532265,5531.0,0.35006273525721454,0.10253583241455347,0.1586128482092098,2721.0,28.0,0.07142857142857142,0.5060633559312139,2721.0,0.10253583241455347,0.5036905376087958,5503.0,0.0937670361620934,0.49620435238715344,
Computers,node,99,metis,10,0.1,0.6043158989723617,10.0,13752.0,767.0,10.0,,0.8755458515283843,0.8577398255813954,0.01780602594698888,103.91581260506064,262.5377345918678,0.6380271449345614,0.3732193732193732,0.14448529411764705,0.208322289954943,0.5333914178469652,0.5125897186423376,0.0011029411764705882,0.013235294117647059,0.12426470588235294,0.6767606612029449,0.8806941431670282,0.765375854214123,5532.0,0.3732193732193732,0.14448529411764705,0.208322289954943,2720.0,28.0,0.2857142857142857,0.5393821788685662,2720.0,0.14448529411764705,0.5083055878523737,5504.0,0.1184593023255814,0.4976547146213743,
Computers,node,99,metis_plus,10,0.1,0.5298298966244782,10.0,13752.0,767.0,10.0,,0.8852876911871813,0.8762942779291553,0.00899341325802605,119.89450934855267,348.2674237024039,0.6059871530723548,0.3670490093847758,0.2568405691353521,0.3022107748443872,0.5262579529375464,0.518256945184736,0.002553812477198103,0.014228383801532287,0.12331265961327982,0.6783514921837992,0.7796733212341198,0.7254918517267585,5510.0,0.3670490093847758,0.2568405691353521,0.3022107748443872,2741.0,5.0,0.0,0.4676254689693451,2741.0,0.2568405691353521,0.4947444494636658,5505.0,0.22052679382379656,0.48643178797773745,
Computers,node,99,random,10,0.1,0.0008742566639106768,10.0,13752.0,767.0,10.0,,0.8643636363636363,0.8307888040712468,0.033574832292389556,104.00920394388959,259.6516866320744,0.6535385361124576,0.4134007585335019,0.1201322556943424,0.18616567036720752,0.5557001221046646,0.5181131441220356,0.005878030859662013,0.022409992652461425,0.1565025716385011,0.6789974534244739,0.9160940325497288,0.7799245631591102,5530.0,0.4134007585335019,0.1201322556943424,0.18616567036720752,2722.0,28.0,0.10714285714285714,0.4787726460822991,2722.0,0.1201322556943424,0.5060326356952634,5502.0,0.08378771355870593,0.48265589926641006,
WikiCS,client,7,louvain,10,0.2,0.5248301993308296,10.0,11701.0,300.0,10.0,,0.8536324786324786,0.7858477970627503,0.06778468156972828,37.85673458594829,118.5428553330712,0.6695627403503774,0.26666666666666666,0.13675213675213677,0.1807909604519774,0.5641410538599314,0.5000132794850216,0.0010683760683760685,0.004807692307692308,0.07318376068376069,0.7333773304735193,0.8632744222179064,0.7930419268510259,5149.0,0.26666666666666666,0.13675213675213677,0.1807909604519774,1872.0,468.0,0.18376068376068377,0.4691950381996158,1872.0,0.13675213675213677,0.5209792819228342,4681.0,0.13202307199316385,0.4915953056209937,
WikiCS,client,7,metis,10,0.2,0.6298331147918405,10.0,11701.0,300.0,10.0,,0.8504273504273504,0.8365821094793058,0.013845240948044624,38.74101345008239,120.41319223307073,0.7001851588092864,0.3333333333333333,0.12446581196581197,0.18125243096071567,0.5799382462448106,0.5169814008362756,0.007478632478632479,0.017094017094017096,0.10844017094017094,0.7407465991774754,0.9094969897067392,0.8164937668904193,5149.0,0.3333333333333333,0.12446581196581197,0.18125243096071567,1872.0,468.0,0.08974358974358974,0.4681591927775373,1872.0,0.12446581196581197,0.5080205867861489,4681.0,0.09057893612475967,0.48362886462601185,
WikiCS,client,7,metis_plus,10,0.2,0.535770740926139,10.0,11701.0,300.0,10.0,,0.8401098901098901,0.7991230474102494,0.0409868426996407,40.12215404538438,134.441661239136,0.7182737501780373,0.35688405797101447,0.10824175824175825,0.16610455311973019,0.6054237245162067,0.5199928268232441,0.004945054945054945,0.02032967032967033,0.15714285714285714,0.7491111454629773,0.9317438954047299,0.8305055698371894,5201.0,0.35688405797101447,0.10824175824175825,0.16610455311973019,1820.0,516.0,0.06976744186046512,0.48360886889719223,1820.0,0.10824175824175825,0.5170442846122679,4685.0,0.06808964781216649,0.48850182094993894,
WikiCS,client,7,random,10,0.2,-0.0007221022879945731,10.0,11701.0,300.0,10.0,,0.9145299145299145,0.773297730307076,0.14123218422283845,38.04404065897688,119.43117559980601,0.6991881498362057,0.35185185185185186,0.15224358974358973,0.21252796420581654,0.6051613312185754,0.5251410219061705,0.0016025641025641025,0.020833333333333332,0.14957264957264957,0.7444855900821123,0.8980384540687513,0.8140845070422535,5149.0,0.35185185185185186,0.15224358974358973,0.21252796420581654,1872.0,468.0,0.12179487179487179,0.47970933665254784,1872.0,0.15224358974358973,0.5303479968789073,4681.0,0.0999786370433668,0.46696333253805505,
WikiCS,client,42,louvain,10,0.2,0.5277320187284414,10.0,11701.0,300.0,10.0,,0.8639491794600318,0.7939698492462312,0.06997933021380065,42.93866153107956,129.97033259505406,0.6631054131054132,0.2715930902111324,0.1498147167813658,0.193108154213579,0.5404828640492573,0.5009451677845632,0.0031762837480148226,0.020645844362096346,0.0757014293276866,0.7313482770157244,0.8520756187877607,0.7871095508146548,5131.0,0.2715930902111324,0.1498147167813658,0.193108154213579,1889.0,449.0,0.22717149220489977,0.503899085262836,1889.0,0.1498147167813658,0.51366224703554,4682.0,0.14032464758650148,0.4922013191930848,
WikiCS,client,42,metis,10,0.2,0.6298331147918405,10.0,11701.0,300.0,10.0,,0.8424145299145299,0.7829105473965287,0.059503982518001264,40.24669383792207,122.0804359302856,0.6922090870246403,0.3505687693898656,0.18108974358974358,0.23881648467770342,0.5628861943983812,0.529562156704563,0.002136752136752137,0.016025641025641024,0.1704059829059829,0.7467789890981169,0.8780345698193824,0.8071052396679461,5149.0,0.3505687693898656,0.18108974358974358,0.23881648467770342,1872.0,468.0,0.029914529914529916,0.4959483337230407,1872.0,0.18108974358974358,0.5100578159873939,4681.0,0.13116855372783592,0.49086878810549833,
WikiCS,client,42,metis_plus,10,0.2,0.535770740926139,10.0,11701.0,300.0,10.0,,0.8012422360248447,0.7627357162960878,0.03850651972875685,39.53324293112382,145.11920947488397,0.7124341261928501,0.3268156424581006,0.132128740824393,0.1881785283474065,0.5278111371030625,0.5201596085074346,0.004517221908526256,0.023150762281197064,0.1281761716544325,0.7562252180808882,0.9081904761904762,0.8252704456945046,5250.0,0.3268156424581006,0.132128740824393,0.1881785283474065,1771.0,565.0,0.09380530973451327,0.4989219512559671,1771.0,0.132128740824393,0.504788499954459,4685.0,0.09156883671291355,0.48360457774940313,
WikiCS,client,42,random,10,0.2,0.0009617354852998229,10.0,11701.0,300.0,10.0,,0.8803418803418803,0.7825854700854701,0.09775641025641024,38.37250386085361,119.47283340105787,0.7037459051417178,0.3602150537634409,0.14316239316239315,0.20489296636085627,0.5920088312725232,0.5253586290923637,0.008547008547008548,0.03258547008547009,0.15598290598290598,0.7444639158833838,0.9075548650223344,0.8179590407841765,5149.0,0.3602150537634409,0.14316239316239315,0.20489296636085627,1872.0,468.0,0.10683760683760683,0.47299521333243477,1872.0,0.14316239316239315,0.5136322649653492,4681.0,0.09100619525742362,0.45574250494248236,
WikiCS,client,99,louvain,10,0.2,0.5524498371641746,10.0,11701.0,300.0,10.0,,0.872192513368984,0.807743658210948,0.064448855158036,38.10355222225189,119.79022980621085,0.701994301994302,0.34540389972144847,0.13262032085561498,0.19165378670788252,0.5956808057733244,0.5206790924666425,0.0042780748663101605,0.031016042780748664,0.13155080213903744,0.7426213900349096,0.9087378640776699,0.8173244848061474,5150.0,0.34540389972144847,0.13262032085561498,0.19165378670788252,1870.0,468.0,0.07051282051282051,0.4534217784853859,1870.0,0.13262032085561498,0.511294009197842,4682.0,0.09333618111917984,0.4697750763631926,
WikiCS,client,99,metis,10,0.2,0.6298331147918405,10.0,11701.0,300.0,10.0,,0.8258547008547008,0.8021361815754339,0.023718519279266936,38.33639701921493,119.70695423800498,0.6739780658025922,0.22013422818791947,0.0876068376068376,0.12533435231180742,0.5131121427611037,0.4873846967214612,0.004807692307692308,0.024572649572649572,0.09348290598290598,0.7278521351179095,0.8871625558360847,0.7996498905908096,5149.0,0.22013422818791947,0.0876068376068376,0.12533435231180742,1872.0,468.0,0.23076923076923078,0.4959491232617034,1872.0,0.0876068376068376,0.5002675120416297,4681.0,0.1010467848750267,0.48475608605006304,
WikiCS,client,99,metis_plus,10,0.2,0.5345605414291225,10.0,11701.0,300.0,10.0,,0.8101149425287356,0.7947247706422018,0.015390171886533799,48.479150163941085,148.90381535934284,0.6642450142450143,0.3681159420289855,0.1167816091954023,0.17731239092495638,0.539580465701102,0.5133959645564214,0.001379310344827586,0.01885057471264368,0.09195402298850575,0.6965244865718799,0.9100103199174406,0.789082774049217,4845.0,0.3681159420289855,0.1167816091954023,0.17731239092495638,2175.0,161.0,0.13043478260869565,0.4894762391814534,2175.0,0.1167816091954023,0.5012168417100249,4684.0,0.08859948761742101,0.48372844865873305,
WikiCS,client,99,random,10,0.2,-1.817810167148437e-05,10.0,11701.0,300.0,10.0,,0.9268162393162394,0.7799732977303071,0.14684294158593225,38.14218861889094,119.36578753404319,0.6960546930636662,0.37281553398058254,0.20512820512820512,0.26464507236388696,0.6135278217660719,0.5398334752578295,0.004807692307692308,0.0202991452991453,0.1485042735042735,0.7516274411617426,0.8745387453874539,0.8084380610412927,5149.0,0.37281553398058254,0.20512820512820512,0.26464507236388696,1872.0,468.0,0.14102564102564102,0.4954161492184314,1872.0,0.20512820512820512,0.5522905959723852,4681.0,0.1239051484725486,0.48681957666691095,
WikiCS,node,7,louvain,10,0.1,0.5248301993308296,10.0,11701.0,300.0,10.0,,0.8491452991452991,0.7863704336680196,0.0627748654772795,47.56175014702603,119.2194346031174,0.6526135878080046,0.3765182186234818,0.08027621924902892,0.13233724653148346,0.5510140315297462,0.5074000143864192,0.0017263703064307294,0.015537332757876565,0.1394044022442814,0.6735100352382412,0.9345238095238095,0.7828332294541893,4704.0,0.3765182186234818,0.08027621924902892,0.13233724653148346,2317.0,23.0,0.0,0.5095063966253529,2317.0,0.08027621924902892,0.5130807156487657,4681.0,0.06579790643024995,0.4885731865984849,
WikiCS,node,7,metis,10,0.1,0.6298331147918405,10.0,11701.0,300.0,10.0,,0.8474358974358974,0.814142277291177,0.03329362014472037,47.853325214702636,120.37034493405372,0.6491952713288706,0.39804469273743015,0.12300388433318947,0.18793273986152326,0.5482782263747105,0.5156898673366628,0.0017263703064307294,0.0220112214069918,0.12818299525248167,0.6777160983346551,0.908375850340136,0.7762739576709965,4704.0,0.39804469273743015,0.12300388433318947,0.18793273986152326,2317.0,23.0,0.08695652173913043,0.500922661760579,2317.0,0.12300388433318947,0.507018121904792,4681.0,0.09164708395641957,0.48687563134623757,
WikiCS,node,7,metis_plus,10,0.1,0.535770740926139,10.0,11701.0,300.0,10.0,,0.8249143835616438,0.7801494130202775,0.0447649705413663,52.19786577112973,134.73885172093287,0.6531833072211936,0.41156462585034015,0.10381810381810382,0.1658102089756766,0.5580004463799774,0.5150220583056404,0.003861003861003861,0.016302016302016303,0.14157014157014158,0.6752681486087362,0.926226012793177,0.7810842398633462,4690.0,0.41156462585034015,0.10381810381810382,0.1658102089756766,2331.0,5.0,0.6,0.603531950712204,2331.0,0.10381810381810382,0.5124595737358829,4685.0,0.07321237993596585,0.4911296735738584,
WikiCS,node,7,random,10,0.1,-0.0007221022879945731,10.0,11701.0,300.0,10.0,,0.9017094017094017,0.78209784234138,0.1196115593680217,47.663882955908775,120.03570850007236,0.6507619997151403,0.41379310344827586,0.13983599482088907,0.20903225806451614,0.593592419164472,0.5211297321043221,0.002589555459646094,0.01985325852395339,0.13465688390159689,0.6805065726194293,0.9024234693877551,0.7759093401571925,4704.0,0.41379310344827586,0.13983599482088907,0.20903225806451614,2317.0,23.0,0.043478260869565216,0.49900677581520186,2317.0,0.13983599482088907,0.5158961181555797,4681.0,0.097842341380047,0.4614738080209578,
WikiCS,node,42,louvain,10,0.1,0.5277320187284414,10.0,11701.0,300.0,10.0,,0.8438836612489307,0.7988039299444681,0.04507973130446252,47.57549818698317,119.72045746585354,0.6457264957264958,0.3742690058479532,0.11058315334773218,0.1707235745248416,0.5524147143680153,0.5098080485123359,0.0021598272138228943,0.01468682505399568,0.11792656587473002,0.6750315656565656,0.9090329436769394,0.7747486640702835,4705.0,0.3742690058479532,0.11058315334773218,0.1707235745248416,2315.0,23.0,0.08695652173913043,0.46941369901532715,2315.0,0.11058315334773218,0.5100505163245402,4682.0,0.09098675779581375,0.4881097856003574,
WikiCS,node,42,metis,10,0.1,0.6298331147918405,10.0,11701.0,300.0,10.0,,0.8435897435897436,0.804315317239906,0.03927442634983758,49.74497192027047,121.31282468605787,0.6409343398376299,0.36889460154241643,0.12386706948640483,0.18546042003231017,0.545836984988212,0.5097439088928623,0.0034527406128614588,0.01640051791109193,0.13508847647820457,0.6748358161140477,0.8956207482993197,0.7697085959623641,4704.0,0.36889460154241643,0.12386706948640483,0.18546042003231017,2317.0,23.0,0.043478260869565216,0.4927510074947191,2317.0,0.12386706948640483,0.5034206227870095,4681.0,0.10467848750267036,0.4855786463098533,
WikiCS,node,42,metis_plus,10,0.1,0.535770740926139,10.0,11701.0,300.0,10.0,,0.815068493150685,0.791675560298826,0.02339293285185895,55.269488018006086,148.79433168610558,0.6604472297393533,0.4205128205128205,0.10737669140113487,0.17107093184979139,0.546851269283334,0.5178532505631467,0.00392841553906591,0.02531645569620253,0.13443910955914448,0.6822560596643878,0.9283298097251586,0.7864947161024539,4730.0,0.4205128205128205,0.10737669140113487,0.17107093184979139,2291.0,45.0,0.0,0.47250480088922714,2291.0,0.10737669140113487,0.497553659042824,4685.0,0.07235859124866595,0.47960993866848667,
WikiCS,node,42,random,10,0.1,0.0009617354852998229,10.0,11701.0,300.0,10.0,,0.8764957264957265,0.7838068788720359,0.09268884762369056,47.64407762512565,119.91974818473682,0.6625836775388121,0.4589905362776025,0.12559343979283558,0.19722128092172145,0.5874842006288921,0.5263383865630845,0.009926629261976695,0.026327147173068624,0.14630988347000431,0.682793173633944,0.9270833333333334,0.7864033901361465,4704.0,0.4589905362776025,0.12559343979283558,0.19722128092172145,2317.0,23.0,0.08695652173913043,0.4525707725273526,2317.0,0.12559343979283558,0.5061740631004092,4681.0,0.0728476821192053,0.4477261284049118,
WikiCS,node,99,louvain,10,0.1,0.5524498371641746,10.0,11701.0,300.0,10.0,,0.8554319931565441,0.790474156343443,0.06495783681310108,49.96267273509875,123.76294925902039,0.6487179487179487,0.37137989778534924,0.09416846652267818,0.15024121295658166,0.563353217821214,0.5078706307108609,0.0017278617710583153,0.017710583153347732,0.12786177105831534,0.6740245608580755,0.9215727948990435,0.7785957981684324,4705.0,0.37137989778534924,0.09416846652267818,0.15024121295658166,2315.0,23.0,0.0,0.48680814711943915,2315.0,0.09416846652267818,0.5210886128005404,4682.0,0.07881247330200769,0.4926739624913385,
WikiCS,node,99,metis,10,0.1,0.6298331147918405,10.0,11701.0,300.0,10.0,,0.8444444444444444,0.8124332407605213,0.032011203683923184,50.26385892694816,122.44962867815048,0.6479134026491953,0.39191073919107394,0.12127751402675874,0.1852340145023072,0.5472918208068726,0.5142952195984134,0.002589555459646094,0.015968925334484248,0.1268882175226586,0.6770304568527918,0.907312925170068,0.7754360465116279,4704.0,0.39191073919107394,0.12127751402675874,0.1852340145023072,2317.0,23.0,0.21739130434782608,0.5192692953607311,2317.0,0.12127751402675874,0.5048419432903499,4681.0,0.09207434308908354,0.48549623840777795,
WikiCS,node,99,metis_plus,10,0.1,0.5345605414291225,10.0,11701.0,300.0,10.0,,0.8330479452054794,0.7941929974380871,0.03885494776739229,52.402411800809205,148.85878577595577,0.6408831908831909,0.38571428571428573,0.1391155002146844,0.20448090880403913,0.5509374125599215,0.5145588159781587,0.0038643194504079004,0.0236152855302705,0.13267496779733792,0.6755663430420712,0.8900021317416329,0.7680986109833502,4691.0,0.38571428571428573,0.1391155002146844,0.20448090880403913,2329.0,7.0,0.0,0.5072169346468789,2329.0,0.1391155002146844,0.5002289175564969,4684.0,0.11016225448334757,0.4798706306127098,
WikiCS,node,99,random,10,0.1,-1.817810167148437e-05,10.0,11701.0,300.0,10.0,,0.9055555555555556,0.782311471907712,0.12324408364784356,49.15432924963534,121.12507024221122,0.651759008688221,0.4329140461215933,0.1782477341389728,0.25252216447569553,0.6046367025446346,0.5316196153688061,0.002589555459646094,0.01985325852395339,0.15968925334484246,0.6861710895005769,0.8849914965986394,0.7730015783121345,4704.0,0.4329140461215933,0.1782477341389728,0.25252216447569553,2317.0,23.0,0.13043478260869565,0.5124652256136355,2317.0,0.1782477341389728,0.5401357617880386,4681.0,0.11493270668660542,0.4827711267559058,
