dataset,scenario,seed,global_node_id,client_id,stage,subset,pool_role,true_class,membership_label,mia_score,decision,threshold,fallback_status,prob_vector
Chameleon,client,42,68,1,M0,attack_member,evaluation,2,1,0.5025080442428589,0,0.9081204533576965,False,"[0.193731, 0.167644, 0.481143, 0.064287, 0.093194]"
Chameleon,client,42,93,1,M0,attack_member,evaluation,0,1,0.4090019166469574,0,0.9230098724365234,False,"[0.474315, 0.165806, 0.174623, 0.108463, 0.076793]"
Chameleon,client,42,125,1,M0,attack_member,evaluation,0,1,0.8926647305488586,0,0.9230098724365234,False,"[0.906903, 0.032625, 0.035251, 0.018769, 0.006452]"
Chameleon,client,42,143,1,M0,attack_member,evaluation,0,1,0.4063889682292938,0,0.9230098724365234,False,"[0.480316, 0.181628, 0.164623, 0.07938, 0.094053]"
Chameleon,client,42,144,1,M0,attack_member,evaluation,1,1,0.8331760168075562,0,0.8939235210418701,False,"[0.281355, 0.344759, 0.28825, 0.047911, 0.037725]"
Chameleon,client,42,145,1,M0,attack_member,evaluation,0,1,0.2040112465620041,0,0.9230098724365234,False,"[0.155008, 0.162491, 0.155861, 0.170251, 0.356388]"
Chameleon,client,42,160,1,M0,attack_member,evaluation,0,1,0.29384705424308777,0,0.9230098724365234,False,"[0.259662, 0.133615, 0.414574, 0.082233, 0.109915]"
Chameleon,client,42,164,1,M0,attack_member,evaluation,0,1,0.2403879165649414,0,0.9230098724365234,False,"[0.321316, 0.212348, 0.257015, 0.088227, 0.121094]"
Chameleon,client,42,166,1,M0,attack_member,evaluation,0,1,0.3844735622406006,0,0.9230098724365234,False,"[0.457457, 0.172748, 0.206276, 0.099354, 0.064166]"
Chameleon,client,42,197,1,M0,attack_member,evaluation,0,1,0.3844735622406006,0,0.9230098724365234,False,"[0.457457, 0.172748, 0.206276, 0.099354, 0.064166]"
Chameleon,client,42,231,1,M0,attack_member,evaluation,0,1,0.44284170866012573,0,0.9230098724365234,False,"[0.462796, 0.146719, 0.202393, 0.087326, 0.100766]"
Chameleon,client,42,260,1,M0,attack_member,evaluation,0,1,0.3844735622406006,0,0.9230098724365234,False,"[0.457457, 0.172748, 0.206276, 0.099354, 0.064166]"
Chameleon,client,42,305,1,M0,attack_member,evaluation,0,1,0.8770901560783386,0,0.9230098724365234,False,"[0.884313, 0.041049, 0.021405, 0.037943, 0.015291]"
Chameleon,client,42,306,1,M0,attack_member,evaluation,0,1,0.40170472860336304,0,0.9230098724365234,False,"[0.510544, 0.196663, 0.131737, 0.088294, 0.072761]"
Chameleon,client,42,317,1,M0,attack_member,evaluation,2,1,0.8506113290786743,0,0.9081204533576965,False,"[0.024715, 0.032224, 0.826966, 0.057313, 0.058781]"
Chameleon,client,42,327,1,M0,attack_member,evaluation,1,1,0.8916040658950806,0,0.8939235210418701,False,"[0.08677, 0.596533, 0.209957, 0.018165, 0.088575]"
Chameleon,client,42,343,1,M0,attack_member,evaluation,0,1,0.3612925112247467,0,0.9230098724365234,False,"[0.41297, 0.141994, 0.200123, 0.176163, 0.06875]"
Chameleon,client,42,344,1,M0,attack_member,evaluation,0,1,0.3844735622406006,0,0.9230098724365234,False,"[0.457457, 0.172748, 0.206276, 0.099354, 0.064166]"
Chameleon,client,42,355,1,M0,attack_member,evaluation,0,1,0.3844735622406006,0,0.9230098724365234,False,"[0.457457, 0.172748, 0.206276, 0.099354, 0.064166]"
Chameleon,client,42,375,1,M0,attack_member,evaluation,1,1,0.9645244479179382,1,0.8939235210418701,False,"[0.143595, 0.751081, 0.034185, 0.036735, 0.034405]"
Chameleon,client,42,399,1,M0,attack_member,evaluation,0,1,0.3844735622406006,0,0.9230098724365234,False,"[0.457457, 0.172748, 0.206276, 0.099354, 0.064166]"
Chameleon,client,42,402,1,M0,attack_member,evaluation,3,1,0.3779017925262451,0,0.6903667449951172,True,"[0.386508, 0.167265, 0.223066, 0.150789, 0.072372]"
Chameleon,client,42,420,1,M0,attack_member,evaluation,0,1,0.3844735622406006,0,0.9230098724365234,False,"[0.457457, 0.172748, 0.206276, 0.099354, 0.064166]"
Chameleon,client,42,178,1,M0,attack_member,evaluation,2,1,0.6990106105804443,0,0.9081204533576965,False,"[0.054166, 0.01625, 0.345058, 0.550183, 0.034343]"
Chameleon,client,42,252,1,M0,attack_member,evaluation,0,1,0.17296843230724335,0,0.9230098724365234,False,"[0.074702, 0.01843, 0.390175, 0.476911, 0.039782]"
Chameleon,client,42,261,1,M0,attack_member,evaluation,3,1,0.6648630499839783,0,0.6903667449951172,True,"[0.085903, 0.019481, 0.406946, 0.445538, 0.042131]"
Chameleon,client,42,3,2,M0,attack_member,evaluation,4,1,0.8941595554351807,1,0.8727429509162903,False,"[0.01231, 0.014626, 0.035479, 0.0668, 0.870784]"
Chameleon,client,42,24,2,M0,attack_member,evaluation,3,1,0.21012979745864868,0,0.6903667449951172,True,"[0.202479, 0.315014, 0.206949, 0.114966, 0.160592]"
Chameleon,client,42,37,2,M0,attack_member,evaluation,1,1,0.9197627902030945,1,0.8939235210418701,False,"[0.137986, 0.63808, 0.017903, 0.13475, 0.071281]"
Chameleon,client,42,63,2,M0,attack_member,evaluation,2,1,0.24889302253723145,0,0.9081204533576965,False,"[0.15145, 0.2457, 0.224202, 0.118747, 0.259901]"
Chameleon,client,42,72,2,M0,attack_member,evaluation,4,1,0.9243578910827637,1,0.8727429509162903,False,"[0.007824, 0.001672, 0.00238, 0.004132, 0.983992]"
Chameleon,client,42,84,2,M0,attack_member,evaluation,2,1,0.5216865539550781,0,0.9081204533576965,False,"[0.30068, 0.034529, 0.472086, 0.060637, 0.132067]"
Chameleon,client,42,88,2,M0,attack_member,evaluation,4,1,0.13428086042404175,0,0.8727429509162903,False,"[0.2673, 0.116133, 0.410359, 0.083014, 0.123194]"
Chameleon,client,42,155,2,M0,attack_member,evaluation,0,1,0.4409526288509369,0,0.9230098724365234,False,"[0.230325, 0.030837, 0.609519, 0.027293, 0.102026]"
Chameleon,client,42,244,2,M0,attack_member,evaluation,4,1,0.5622560381889343,0,0.8727429509162903,False,"[0.606256, 0.00963, 0.141529, 0.016665, 0.22592]"
Chameleon,client,42,300,2,M0,attack_member,evaluation,3,1,0.42569300532341003,0,0.6903667449951172,True,"[0.080929, 0.067614, 0.018577, 0.412125, 0.420755]"
Chameleon,client,42,307,2,M0,attack_member,evaluation,2,1,0.873421311378479,0,0.9081204533576965,False,"[0.000806, 0.002244, 0.893445, 5.9e-05, 0.103447]"
Chameleon,client,42,325,2,M0,attack_member,evaluation,3,1,0.39872080087661743,0,0.6903667449951172,True,"[0.037222, 0.083083, 0.030368, 0.441944, 0.407382]"
Chameleon,client,42,349,2,M0,attack_member,evaluation,0,1,0.19008034467697144,0,0.9230098724365234,False,"[0.4036, 0.308878, 0.189981, 0.047132, 0.050409]"
Chameleon,client,42,414,2,M0,attack_member,evaluation,2,1,0.28364330530166626,0,0.9081204533576965,False,"[0.049723, 0.536665, 0.400673, 0.003592, 0.009347]"
Chameleon,client,42,417,2,M0,attack_member,evaluation,1,1,0.6367148160934448,0,0.8939235210418701,False,"[0.217074, 0.23966, 0.397458, 0.09398, 0.051828]"
Chameleon,client,42,430,2,M0,attack_member,evaluation,4,1,0.24003982543945312,0,0.8727429509162903,False,"[0.328125, 0.110492, 0.225919, 0.106341, 0.229122]"
Chameleon,client,42,576,2,M0,attack_member,evaluation,4,1,0.9192198514938354,1,0.8727429509162903,False,"[0.000535, 0.003821, 0.016338, 0.00025, 0.979056]"
Chameleon,client,42,580,2,M0,attack_member,evaluation,3,1,0.44079867005348206,0,0.6903667449951172,True,"[0.332887, 0.125059, 0.275144, 0.192855, 0.074056]"
Chameleon,client,42,700,2,M0,attack_member,evaluation,2,1,0.5098663568496704,0,0.9081204533576965,False,"[0.097764, 0.071364, 0.179968, 0.57251, 0.078393]"
Chameleon,client,42,715,2,M0,attack_member,evaluation,2,1,0.27502304315567017,0,0.9081204533576965,False,"[0.419905, 0.142597, 0.28305, 0.079354, 0.075094]"
Chameleon,client,42,731,2,M0,attack_member,evaluation,0,1,0.3732505440711975,0,0.9230098724365234,False,"[0.198214, 0.025165, 0.59003, 0.122153, 0.064438]"
Chameleon,client,42,768,2,M0,attack_member,evaluation,3,1,0.5637698173522949,0,0.6903667449951172,True,"[0.132832, 0.072792, 0.201308, 0.527868, 0.065199]"
Chameleon,client,42,782,2,M0,attack_member,evaluation,2,1,0.8394450545310974,0,0.9081204533576965,False,"[0.077024, 0.013285, 0.825027, 0.025909, 0.058756]"
Chameleon,client,42,837,2,M0,attack_member,evaluation,4,1,0.807410717010498,0,0.8727429509162903,False,"[0.076426, 0.037412, 0.073999, 0.07518, 0.736984]"
Chameleon,client,42,849,2,M0,attack_member,evaluation,3,1,0.3190670311450958,0,0.6903667449951172,True,"[0.046437, 0.395624, 0.008478, 0.544786, 0.004674]"
Chameleon,client,42,875,2,M0,attack_member,evaluation,2,1,0.7168589234352112,0,0.9081204533576965,False,"[0.176119, 0.078194, 0.682042, 0.030757, 0.032887]"
Chameleon,client,42,19,3,M0,attack_member,evaluation,4,1,0.5326645970344543,0,0.8727429509162903,False,"[0.043868, 0.058089, 0.280742, 0.287686, 0.329614]"
Chameleon,client,42,60,3,M0,attack_member,evaluation,0,1,0.1693831831216812,0,0.9230098724365234,False,"[0.048567, 0.070201, 0.207833, 0.378412, 0.294986]"
Chameleon,client,42,67,3,M0,attack_member,evaluation,0,1,0.1775001585483551,0,0.9230098724365234,False,"[0.047954, 0.073578, 0.155892, 0.366636, 0.35594]"
Chameleon,client,42,74,3,M0,attack_member,evaluation,2,1,0.344996839761734,0,0.9081204533576965,False,"[0.017624, 0.040253, 0.068604, 0.447657, 0.425862]"
Chameleon,client,42,86,3,M0,attack_member,evaluation,3,1,0.4845559298992157,0,0.6903667449951172,True,"[0.034491, 0.053017, 0.185354, 0.450925, 0.276213]"
Chameleon,client,42,105,3,M0,attack_member,evaluation,2,1,0.41028285026550293,0,0.9081204533576965,False,"[0.147493, 0.121272, 0.274581, 0.257389, 0.199265]"
Chameleon,client,42,131,3,M0,attack_member,evaluation,2,1,0.4568776488304138,0,0.9081204533576965,False,"[0.032328, 0.05604, 0.206655, 0.390672, 0.314305]"
Chameleon,client,42,187,3,M0,attack_member,evaluation,3,1,0.4737461805343628,0,0.6903667449951172,True,"[0.04686, 0.05269, 0.179116, 0.414816, 0.306518]"
Chameleon,client,42,218,3,M0,attack_member,evaluation,3,1,0.5621962547302246,0,0.6903667449951172,True,"[0.011173, 0.014964, 0.056337, 0.629966, 0.28756]"
Chameleon,client,42,233,3,M0,attack_member,evaluation,1,1,0.09601365029811859,0,0.8939235210418701,False,"[0.035125, 0.06215, 0.249255, 0.351761, 0.301709]"
Chameleon,client,42,278,3,M0,attack_member,evaluation,2,1,0.5296128988265991,0,0.9081204533576965,False,"[0.124904, 0.113007, 0.460651, 0.089675, 0.211764]"
Chameleon,client,42,294,3,M0,attack_member,evaluation,2,1,0.5826085805892944,0,0.9081204533576965,False,"[0.096286, 0.090528, 0.4561, 0.168318, 0.188767]"
Chameleon,client,42,326,3,M0,attack_member,evaluation,4,1,0.8018972873687744,0,0.8727429509162903,False,"[0.011037, 0.024427, 0.135091, 0.37066, 0.458785]"
Chameleon,client,42,450,3,M0,attack_member,evaluation,2,1,0.48160797357559204,0,0.9081204533576965,False,"[0.018362, 0.038073, 0.210945, 0.408126, 0.324495]"
Chameleon,client,42,492,3,M0,attack_member,evaluation,3,1,0.5523941516876221,0,0.6903667449951172,True,"[0.043086, 0.035485, 0.144598, 0.569407, 0.207423]"
Chameleon,client,42,629,3,M0,attack_member,evaluation,3,1,0.6975547671318054,1,0.6903667449951172,True,"[0.003718, 0.002135, 0.004649, 0.917653, 0.071844]"
Chameleon,client,42,767,3,M0,attack_member,evaluation,2,1,0.6087701320648193,0,0.9081204533576965,False,"[0.008892, 0.021091, 0.40959, 0.227024, 0.333402]"
Chameleon,client,42,788,3,M0,attack_member,evaluation,3,1,0.5897129774093628,0,0.6903667449951172,True,"[1.7e-05, 3.4e-05, 0.000207, 0.710655, 0.289086]"
Chameleon,client,42,792,3,M0,attack_member,evaluation,4,1,0.9194983243942261,1,0.8727429509162903,False,"[6.6e-05, 0.00084, 0.016765, 0.171012, 0.811318]"
Chameleon,client,42,811,3,M0,attack_member,evaluation,3,1,0.6893132328987122,0,0.6903667449951172,True,"[0.001512, 0.00011, 0.000397, 0.908478, 0.089504]"
Chameleon,client,42,813,3,M0,attack_member,evaluation,4,1,0.6832509636878967,0,0.8727429509162903,False,"[0.021027, 0.075399, 0.100419, 0.171545, 0.631609]"
Chameleon,client,42,838,3,M0,attack_member,evaluation,1,1,0.7364763021469116,0,0.8939235210418701,False,"[0.293256, 0.297801, 0.13717, 0.124355, 0.147418]"
Chameleon,client,42,97,4,M0,attack_member,evaluation,0,1,0.608249306678772,0,0.9230098724365234,False,"[0.596592, 0.10365, 0.183908, 0.097447, 0.018403]"
Chameleon,client,42,108,4,M0,attack_member,evaluation,2,1,0.4403676390647888,0,0.9081204533576965,False,"[0.271977, 0.068518, 0.288945, 0.289658, 0.080902]"
Chameleon,client,42,177,4,M0,attack_member,evaluation,0,1,0.2924400269985199,0,0.9230098724365234,False,"[0.321806, 0.137624, 0.205999, 0.209412, 0.125159]"
Chameleon,client,42,262,4,M0,attack_member,evaluation,3,1,0.42615869641304016,0,0.6903667449951172,True,"[0.468646, 0.158979, 0.143184, 0.195809, 0.033382]"
Chameleon,client,42,281,4,M0,attack_member,evaluation,2,1,0.5121374726295471,0,0.9081204533576965,False,"[0.172848, 0.11493, 0.453354, 0.091036, 0.167831]"
Chameleon,client,42,379,4,M0,attack_member,evaluation,2,1,0.22799724340438843,0,0.9081204533576965,False,"[0.54903, 0.093303, 0.203157, 0.137587, 0.016923]"
Chameleon,client,42,408,4,M0,attack_member,evaluation,0,1,0.5604719519615173,0,0.9230098724365234,False,"[0.557643, 0.105207, 0.197744, 0.122111, 0.017295]"
Chameleon,client,42,495,4,M0,attack_member,evaluation,1,1,0.8107837438583374,0,0.8939235210418701,False,"[0.542588, 0.1205, 0.202919, 0.116062, 0.017931]"
Chameleon,client,42,669,4,M0,attack_member,evaluation,3,1,0.5836998820304871,0,0.6903667449951172,True,"[0.216354, 0.058107, 0.284724, 0.378336, 0.062479]"
Chameleon,client,42,699,4,M0,attack_member,evaluation,0,1,0.45246630907058716,0,0.9230098724365234,False,"[0.489026, 0.128072, 0.214847, 0.145576, 0.02248]"
Chameleon,client,42,856,4,M0,attack_member,evaluation,1,1,0.6494028568267822,0,0.8939235210418701,False,"[0.151971, 0.31336, 0.345633, 0.098537, 0.090499]"
Chameleon,client,42,6,4,M0,attack_member,evaluation,0,1,0.21494975686073303,0,0.9230098724365234,False,"[0.527594, 0.346722, 0.017031, 0.075943, 0.032711]"
Chameleon,client,42,314,4,M0,attack_member,evaluation,2,1,0.3538624346256256,0,0.9081204533576965,False,"[0.147125, 0.172047, 0.2932, 0.150171, 0.237458]"
Chameleon,client,42,398,4,M0,attack_member,evaluation,0,1,0.3708670735359192,0,0.9230098724365234,False,"[0.410147, 0.173957, 0.202017, 0.071012, 0.142866]"
Chameleon,client,42,464,4,M0,attack_member,evaluation,1,1,0.8583572506904602,0,0.8939235210418701,False,"[0.239093, 0.434568, 0.14017, 0.13686, 0.049308]"
Chameleon,client,42,508,4,M0,attack_member,evaluation,1,1,0.46933481097221375,0,0.8939235210418701,False,"[0.189375, 0.221373, 0.220654, 0.160893, 0.207705]"
Chameleon,client,42,603,4,M0,attack_member,evaluation,4,1,0.1881333887577057,0,0.8727429509162903,False,"[0.056705, 0.184434, 0.166597, 0.147829, 0.444435]"
Chameleon,client,42,647,4,M0,attack_member,evaluation,2,1,0.28647953271865845,0,0.9081204533576965,False,"[0.102106, 0.034446, 0.164778, 0.163594, 0.535076]"
Chameleon,client,42,786,4,M0,attack_member,evaluation,2,1,0.13340917229652405,0,0.9081204533576965,False,"[0.689793, 0.091675, 0.128996, 0.037626, 0.051911]"
Chameleon,client,42,853,4,M0,attack_member,evaluation,0,1,0.5774497389793396,0,0.9230098724365234,False,"[0.506134, 0.050882, 0.121012, 0.218479, 0.103492]"
Chameleon,client,42,884,4,M0,attack_member,evaluation,1,1,0.980050265789032,1,0.8939235210418701,False,"[0.076409, 0.900146, 0.019932, 0.001399, 0.002114]"
Chameleon,client,42,139,4,M0,attack_member,evaluation,2,1,0.6670880317687988,0,0.9081204533576965,False,"[0.109979, 0.123857, 0.592342, 0.099611, 0.074211]"
Chameleon,client,42,320,4,M0,attack_member,evaluation,3,1,0.7432947754859924,1,0.6903667449951172,True,"[0.001468, 0.000327, 9.7e-05, 0.992914, 0.005194]"
Chameleon,client,42,346,4,M0,attack_member,evaluation,3,1,0.4209112823009491,0,0.6903667449951172,True,"[0.012881, 0.118757, 0.087545, 0.623612, 0.157205]"
Chameleon,client,42,415,4,M0,attack_member,evaluation,3,1,0.4209996461868286,0,0.6903667449951172,True,"[0.012208, 0.116734, 0.094512, 0.613904, 0.162643]"
Chameleon,client,42,582,4,M0,attack_member,evaluation,3,1,0.695280134677887,1,0.6903667449951172,True,"[0.001389, 0.001342, 0.000334, 0.919404, 0.077531]"
Chameleon,client,42,643,4,M0,attack_member,evaluation,4,1,0.7150726318359375,0,0.8727429509162903,False,"[0.00872, 0.030349, 0.203502, 0.467234, 0.290196]"
Chameleon,client,42,77,1,M0,attack_nonmember,evaluation,0,0,0.5174519419670105,0,0.9230098724365234,False,"[0.517632, 0.120963, 0.195558, 0.104088, 0.06176]"
Chameleon,client,42,172,1,M0,attack_nonmember,evaluation,2,0,0.4176991581916809,0,0.9081204533576965,False,"[0.367684, 0.03004, 0.355515, 0.123091, 0.12367]"
Chameleon,client,42,198,1,M0,attack_nonmember,evaluation,0,0,0.41958820819854736,0,0.9230098724365234,False,"[0.489737, 0.173026, 0.18858, 0.083498, 0.065158]"
Chameleon,client,42,217,1,M0,attack_nonmember,evaluation,3,0,0.6486329436302185,0,0.6903667449951172,True,"[0.000619, 0.001362, 0.002218, 0.840747, 0.155054]"
Chameleon,client,42,265,1,M0,attack_nonmember,evaluation,4,0,0.00820675864815712,0,0.8727429509162903,False,"[0.217077, 0.375708, 0.120285, 0.118539, 0.168392]"
Chameleon,client,42,266,1,M0,attack_nonmember,evaluation,0,0,0.3317784368991852,0,0.9230098724365234,False,"[0.494765, 0.238102, 0.1307, 0.072578, 0.063856]"
Chameleon,client,42,363,1,M0,attack_nonmember,evaluation,0,0,0.5422510504722595,0,0.9230098724365234,False,"[0.599704, 0.151207, 0.078344, 0.110187, 0.060557]"
Chameleon,client,42,371,1,M0,attack_nonmember,evaluation,4,0,0.9197954535484314,1,0.8727429509162903,False,"[2.1e-05, 0.002678, 0.019247, 0.005612, 0.972442]"
Chameleon,client,42,259,1,M0,attack_nonmember,evaluation,3,0,0.4810424745082855,0,0.6903667449951172,True,"[0.000668, 0.022919, 0.128493, 0.23422, 0.613701]"
Chameleon,client,42,658,1,M0,attack_nonmember,evaluation,4,0,0.41308021545410156,0,0.8727429509162903,False,"[0.110752, 0.020698, 0.477121, 0.344396, 0.047033]"
Chameleon,client,42,859,1,M0,attack_nonmember,evaluation,2,0,0.27370408177375793,0,0.9081204533576965,False,"[0.007747, 0.06755, 0.017727, 0.419857, 0.48712]"
Chameleon,client,42,7,2,M0,attack_nonmember,evaluation,2,0,0.4661044478416443,0,0.9081204533576965,False,"[0.108065, 0.118977, 0.353213, 0.18599, 0.233755]"
Chameleon,client,42,8,2,M0,attack_nonmember,evaluation,2,0,0.2155076563358307,0,0.9081204533576965,False,"[0.280089, 0.3461, 0.256928, 0.076914, 0.039969]"
Chameleon,client,42,96,2,M0,attack_nonmember,evaluation,3,0,0.33808591961860657,0,0.6903667449951172,True,"[0.12913, 0.13292, 0.467687, 0.077185, 0.193078]"
Chameleon,client,42,331,2,M0,attack_nonmember,evaluation,4,0,0.07986783981323242,0,0.8727429509162903,False,"[0.35929, 0.164411, 0.289891, 0.133596, 0.052813]"
Chameleon,client,42,457,2,M0,attack_nonmember,evaluation,4,0,0.8206046223640442,0,0.8727429509162903,False,"[0.037291, 0.019579, 0.009163, 0.912013, 0.021953]"
Chameleon,client,42,605,2,M0,attack_nonmember,evaluation,1,0,0.23384250700473785,0,0.8939235210418701,False,"[0.133383, 0.019352, 0.76158, 0.019668, 0.066017]"
Chameleon,client,42,606,2,M0,attack_nonmember,evaluation,2,0,0.8545085787773132,0,0.9081204533576965,False,"[0.011743, 0.011883, 0.818225, 0.06708, 0.091068]"
Chameleon,client,42,672,2,M0,attack_nonmember,evaluation,4,0,0.23052234947681427,0,0.8727429509162903,False,"[0.005406, 0.009612, 0.844877, 0.013422, 0.126683]"
Chameleon,client,42,735,2,M0,attack_nonmember,evaluation,3,0,0.3780665695667267,0,0.6903667449951172,True,"[0.457457, 0.172748, 0.206276, 0.099354, 0.064166]"
Chameleon,client,42,770,2,M0,attack_nonmember,evaluation,2,0,0.07700210064649582,0,0.9081204533576965,False,"[0.8567, 0.003576, 0.0014, 0.007228, 0.131095]"
Chameleon,client,42,36,2,M0,attack_nonmember,evaluation,2,0,0.05571310967206955,0,0.9081204533576965,False,"[0.015147, 0.917016, 0.067057, 7.4e-05, 0.000705]"
Chameleon,client,42,87,3,M0,attack_nonmember,evaluation,4,0,0.49694395065307617,0,0.8727429509162903,False,"[0.037327, 0.058654, 0.313502, 0.291903, 0.298613]"
Chameleon,client,42,94,3,M0,attack_nonmember,evaluation,4,0,0.5762831568717957,0,0.8727429509162903,False,"[0.051914, 0.066324, 0.181957, 0.414027, 0.285779]"
Chameleon,client,42,109,3,M0,attack_nonmember,evaluation,2,0,0.4446420967578888,0,0.9081204533576965,False,"[0.042351, 0.06704, 0.207358, 0.37882, 0.304431]"
Chameleon,client,42,156,3,M0,attack_nonmember,evaluation,3,0,0.48590752482414246,0,0.6903667449951172,True,"[0.033095, 0.047366, 0.166598, 0.445409, 0.307531]"
Chameleon,client,42,159,3,M0,attack_nonmember,evaluation,3,0,0.5263880491256714,0,0.6903667449951172,True,"[0.039799, 0.040004, 0.076079, 0.586346, 0.257772]"
Chameleon,client,42,232,3,M0,attack_nonmember,evaluation,0,0,0.18241843581199646,0,0.9230098724365234,False,"[0.019577, 0.035566, 0.163938, 0.425596, 0.355323]"
Chameleon,client,42,279,3,M0,attack_nonmember,evaluation,3,0,0.3545650839805603,0,0.6903667449951172,True,"[0.052592, 0.094224, 0.144923, 0.242118, 0.466143]"
Chameleon,client,42,817,3,M0,attack_nonmember,evaluation,3,0,0.511334240436554,0,0.6903667449951172,True,"[1.2e-05, 0.000193, 0.001103, 0.190016, 0.808674]"
Chameleon,client,42,868,3,M0,attack_nonmember,evaluation,3,0,0.5124900937080383,0,0.6903667449951172,True,"[2e-05, 0.000196, 0.003337, 0.210712, 0.785735]"
Chameleon,client,42,16,4,M0,attack_nonmember,evaluation,0,0,0.6132037043571472,0,0.9230098724365234,False,"[0.599432, 0.103039, 0.185054, 0.093811, 0.018664]"
Chameleon,client,42,337,4,M0,attack_nonmember,evaluation,1,0,0.7966294288635254,0,0.8939235210418701,False,"[0.560548, 0.095093, 0.194639, 0.131673, 0.018047]"
Chameleon,client,42,518,4,M0,attack_nonmember,evaluation,1,0,0.5611101388931274,0,0.8939235210418701,False,"[0.339959, 0.141028, 0.162634, 0.277234, 0.079146]"
Chameleon,client,42,560,4,M0,attack_nonmember,evaluation,3,0,0.5128002166748047,0,0.6903667449951172,True,"[0.526664, 0.109935, 0.207555, 0.136931, 0.018915]"
Chameleon,client,42,687,4,M0,attack_nonmember,evaluation,2,0,0.20902182161808014,0,0.9081204533576965,False,"[0.524719, 0.140702, 0.202869, 0.112224, 0.019486]"
Chameleon,client,42,137,4,M0,attack_nonmember,evaluation,1,0,0.9033942222595215,1,0.8939235210418701,False,"[0.731639, 0.091359, 0.1067, 0.027595, 0.042707]"
Chameleon,client,42,564,4,M0,attack_nonmember,evaluation,2,0,0.23198595643043518,0,0.9081204533576965,False,"[0.112751, 0.048151, 0.145673, 0.091012, 0.602412]"
Chameleon,client,42,275,4,M0,attack_nonmember,evaluation,3,0,0.43288856744766235,0,0.6903667449951172,True,"[0.147603, 0.086124, 0.510721, 0.079484, 0.176069]"
Chameleon,client,42,513,4,M0,attack_nonmember,evaluation,1,0,0.117560014128685,0,0.8939235210418701,False,"[0.011638, 0.114916, 0.103167, 0.599988, 0.17029]"
Chameleon,client,42,681,4,M0,attack_nonmember,evaluation,3,0,0.3665578067302704,0,0.6903667449951172,True,"[0.012223, 0.126402, 0.185389, 0.464313, 0.211673]"
Chameleon,client,42,686,4,M0,attack_nonmember,evaluation,3,0,0.49417975544929504,0,0.6903667449951172,True,"[0.441221, 0.013155, 0.023772, 0.014818, 0.507034]"
Chameleon,client,42,432,0,M0,F,evaluation,2,1,0.1437855064868927,0,0.9081204533576965,False,"[0.475423, 0.260623, 0.180815, 0.015343, 0.067795]"
Chameleon,client,42,437,0,M0,F,evaluation,0,1,0.3455238938331604,0,0.9230098724365234,False,"[0.424357, 0.181824, 0.19699, 0.106734, 0.090095]"
Chameleon,client,42,438,0,M0,F,evaluation,0,1,0.5844322443008423,0,0.9230098724365234,False,"[0.484753, 0.067013, 0.336458, 0.066557, 0.045218]"
Chameleon,client,42,443,0,M0,F,evaluation,0,1,0.4613668620586395,0,0.9230098724365234,False,"[0.373445, 0.082356, 0.361641, 0.087183, 0.095375]"
Chameleon,client,42,449,0,M0,F,evaluation,3,1,0.28812602162361145,0,0.6903667449951172,True,"[0.250626, 0.178408, 0.214347, 0.175685, 0.180934]"
Chameleon,client,42,458,0,M0,F,evaluation,2,1,0.5137527585029602,0,0.9081204533576965,False,"[0.234372, 0.077193, 0.44475, 0.106027, 0.137658]"
Chameleon,client,42,461,0,M0,F,evaluation,1,1,0.5079444050788879,0,0.8939235210418701,False,"[0.226017, 0.191611, 0.302617, 0.122903, 0.156853]"
Chameleon,client,42,462,0,M0,F,evaluation,1,1,0.9707477688789368,1,0.8939235210418701,False,"[0.011928, 0.883318, 0.079898, 0.017044, 0.007813]"
Chameleon,client,42,468,0,M0,F,evaluation,0,1,0.4497952163219452,0,0.9230098724365234,False,"[0.55311, 0.202615, 0.099585, 0.05402, 0.09067]"
Chameleon,client,42,469,0,M0,F,evaluation,1,1,0.7540481090545654,0,0.8939235210418701,False,"[0.454151, 0.154741, 0.219618, 0.087197, 0.084292]"
Chameleon,client,42,482,0,M0,F,evaluation,0,1,0.3219347298145294,0,0.9230098724365234,False,"[0.461464, 0.232178, 0.166119, 0.058734, 0.081504]"
Chameleon,client,42,490,0,M0,F,evaluation,0,1,0.3139227330684662,0,0.9230098724365234,False,"[0.575529, 0.308686, 0.063046, 0.018787, 0.033953]"
Chameleon,client,42,493,0,M0,F,evaluation,0,1,0.24031399190425873,0,0.9230098724365234,False,"[0.287143, 0.192911, 0.239491, 0.112234, 0.168221]"
Chameleon,client,42,506,0,M0,F,evaluation,4,1,0.2728821933269501,0,0.8727429509162903,False,"[0.100726, 0.090418, 0.409397, 0.082436, 0.317024]"
Chameleon,client,42,507,0,M0,F,evaluation,1,1,0.8754411935806274,0,0.8939235210418701,False,"[0.319764, 0.39404, 0.13818, 0.053041, 0.094976]"
Chameleon,client,42,510,0,M0,F,evaluation,1,1,0.8788373470306396,0,0.8939235210418701,False,"[0.444272, 0.301055, 0.113145, 0.033245, 0.108284]"
Chameleon,client,42,516,0,M0,F,evaluation,0,1,0.4312029480934143,0,0.9230098724365234,False,"[0.540917, 0.204347, 0.116203, 0.058929, 0.079603]"
Chameleon,client,42,517,0,M0,F,evaluation,4,1,0.13195398449897766,0,0.8727429509162903,False,"[0.204433, 0.144386, 0.339002, 0.102331, 0.209848]"
Chameleon,client,42,525,0,M0,F,evaluation,3,1,0.4432985782623291,0,0.6903667449951172,True,"[0.068444, 0.061116, 0.488479, 0.113159, 0.268802]"
Chameleon,client,42,527,0,M0,F,evaluation,0,1,0.2978927791118622,0,0.9230098724365234,False,"[0.419182, 0.2322, 0.16143, 0.059154, 0.128034]"
Chameleon,client,42,528,0,M0,F,evaluation,0,1,0.3976266086101532,0,0.9230098724365234,False,"[0.519047, 0.221734, 0.127809, 0.036956, 0.094454]"
Chameleon,client,42,545,0,M0,F,evaluation,3,1,0.28786852955818176,0,0.6903667449951172,True,"[0.292584, 0.275314, 0.126101, 0.232213, 0.073789]"
Chameleon,client,42,553,0,M0,F,evaluation,4,1,0.3013050854206085,0,0.8727429509162903,False,"[0.670783, 0.061137, 0.158058, 0.000426, 0.109596]"
Chameleon,client,42,559,0,M0,F,evaluation,1,1,0.8536062240600586,0,0.8939235210418701,False,"[0.452575, 0.260434, 0.136346, 0.041021, 0.109624]"
Chameleon,client,42,561,0,M0,F,evaluation,3,1,0.3132517337799072,0,0.6903667449951172,True,"[0.182379, 0.151605, 0.127331, 0.319325, 0.219361]"
Chameleon,client,42,562,0,M0,F,evaluation,0,1,0.36894407868385315,0,0.9230098724365234,False,"[0.462261, 0.202853, 0.167203, 0.061242, 0.106442]"
Chameleon,client,42,568,0,M0,F,evaluation,0,1,0.2496539205312729,0,0.9230098724365234,False,"[0.341859, 0.221991, 0.20412, 0.083128, 0.148901]"
Chameleon,client,42,575,0,M0,F,evaluation,4,1,0.8136266469955444,0,0.8727429509162903,False,"[0.014116, 0.005824, 0.22937, 0.085762, 0.664928]"
Chameleon,client,42,577,0,M0,F,evaluation,0,1,0.15357008576393127,0,0.9230098724365234,False,"[0.376859, 0.347098, 0.118523, 0.039148, 0.118373]"
Chameleon,client,42,590,0,M0,F,evaluation,4,1,0.3695079982280731,0,0.8727429509162903,False,"[0.08487, 0.085462, 0.337259, 0.079308, 0.413101]"
Chameleon,client,42,596,0,M0,F,evaluation,0,1,0.3269767463207245,0,0.9230098724365234,False,"[0.426131, 0.2066, 0.162105, 0.084823, 0.12034]"
Chameleon,client,42,598,0,M0,F,evaluation,3,1,0.41315290331840515,0,0.6903667449951172,True,"[0.481314, 0.142239, 0.243498, 0.062446, 0.070504]"
Chameleon,client,42,600,0,M0,F,evaluation,0,1,0.2905954420566559,0,0.9230098724365234,False,"[0.438226, 0.249924, 0.154929, 0.046033, 0.110888]"
Chameleon,client,42,607,0,M0,F,evaluation,4,1,0.0370715856552124,0,0.8727429509162903,False,"[0.316206, 0.251381, 0.190045, 0.046629, 0.19574]"
Chameleon,client,42,616,0,M0,F,evaluation,0,1,0.2512582540512085,0,0.9230098724365234,False,"[0.433464, 0.277214, 0.125157, 0.052393, 0.111773]"
Chameleon,client,42,625,0,M0,F,evaluation,0,1,0.257364422082901,0,0.9230098724365234,False,"[0.212617, 0.134948, 0.31697, 0.132037, 0.203428]"
Chameleon,client,42,631,0,M0,F,evaluation,2,1,0.3910853862762451,0,0.9081204533576965,False,"[0.384492, 0.081435, 0.353375, 0.119619, 0.061078]"
Chameleon,client,42,634,0,M0,F,evaluation,4,1,0.10380255430936813,0,0.8727429509162903,False,"[0.187889, 0.218725, 0.124515, 0.08788, 0.380991]"
Chameleon,client,42,635,0,M0,F,evaluation,0,1,0.36422064900398254,0,0.9230098724365234,False,"[0.454454, 0.202153, 0.168611, 0.062247, 0.112535]"
Chameleon,client,42,641,0,M0,F,evaluation,1,1,0.7915407419204712,0,0.8939235210418701,False,"[0.471177, 0.191809, 0.152192, 0.022129, 0.162694]"
Chameleon,client,42,644,0,M0,F,evaluation,3,1,0.7066993713378906,1,0.6903667449951172,True,"[0.029369, 0.005433, 0.051904, 0.867552, 0.045742]"
Chameleon,client,42,650,0,M0,F,evaluation,1,1,0.9542722105979919,1,0.8939235210418701,False,"[0.288701, 0.583356, 0.055292, 0.027156, 0.045495]"
Chameleon,client,42,654,0,M0,F,evaluation,3,1,0.23296567797660828,0,0.6903667449951172,True,"[0.289978, 0.195151, 0.132646, 0.123182, 0.259044]"
Chameleon,client,42,656,0,M0,F,evaluation,1,1,0.9113829135894775,1,0.8939235210418701,False,"[0.589572, 0.222108, 0.112325, 0.01675, 0.059244]"
Chameleon,client,42,661,0,M0,F,evaluation,4,1,0.3350493013858795,0,0.8727429509162903,False,"[0.07966, 0.080247, 0.396981, 0.07075, 0.372362]"
Chameleon,client,42,664,0,M0,F,evaluation,0,1,0.26369810104370117,0,0.9230098724365234,False,"[0.339458, 0.212539, 0.218186, 0.07388, 0.155938]"
Chameleon,client,42,670,0,M0,F,evaluation,0,1,0.43872717022895813,0,0.9230098724365234,False,"[0.56674, 0.222728, 0.107318, 0.027229, 0.075985]"
Chameleon,client,42,678,0,M0,F,evaluation,4,1,0.19463373720645905,0,0.8727429509162903,False,"[0.747191, 0.099244, 0.098785, 0.000648, 0.054133]"
Chameleon,client,42,682,0,M0,F,evaluation,1,1,0.903508186340332,1,0.8939235210418701,False,"[0.414375, 0.354873, 0.121086, 0.036078, 0.073588]"
Chameleon,client,42,684,0,M0,F,evaluation,0,1,0.4103632867336273,0,0.9230098724365234,False,"[0.570005, 0.245628, 0.088216, 0.018593, 0.077559]"
Chameleon,client,42,688,0,M0,F,evaluation,0,1,0.4617873430252075,0,0.9230098724365234,False,"[0.567143, 0.204514, 0.128297, 0.034784, 0.065262]"
Chameleon,client,42,689,0,M0,F,evaluation,2,1,0.5529527068138123,0,0.9081204533576965,False,"[0.079054, 0.096184, 0.476275, 0.073148, 0.275339]"
Chameleon,client,42,690,0,M0,F,evaluation,0,1,0.43173283338546753,0,0.9230098724365234,False,"[0.490889, 0.167965, 0.17627, 0.084333, 0.080543]"
Chameleon,client,42,712,0,M0,F,evaluation,1,1,0.8269527554512024,0,0.8939235210418701,False,"[0.410628, 0.262926, 0.173259, 0.034818, 0.118369]"
Chameleon,client,42,717,0,M0,F,evaluation,1,1,0.8931933045387268,0,0.8939235210418701,False,"[0.462936, 0.306246, 0.09639, 0.039473, 0.094956]"
Chameleon,client,42,718,0,M0,F,evaluation,0,1,0.14959555864334106,0,0.9230098724365234,False,"[0.403295, 0.367801, 0.102837, 0.027833, 0.098234]"
Chameleon,client,42,728,0,M0,F,evaluation,1,1,0.8986102938652039,1,0.8939235210418701,False,"[0.415433, 0.352854, 0.102735, 0.032848, 0.09613]"
Chameleon,client,42,734,0,M0,F,evaluation,3,1,0.24808785319328308,0,0.6903667449951172,True,"[0.35469, 0.213399, 0.180916, 0.063577, 0.187418]"
Chameleon,client,42,745,0,M0,F,evaluation,1,1,0.9383118152618408,1,0.8939235210418701,False,"[0.509622, 0.33974, 0.110534, 0.004956, 0.035148]"
Chameleon,client,42,746,0,M0,F,evaluation,0,1,0.4298344850540161,0,0.9230098724365234,False,"[0.593991, 0.242461, 0.081524, 0.024097, 0.057927]"
Chameleon,client,42,750,0,M0,F,evaluation,0,1,0.33521929383277893,0,0.9230098724365234,False,"[0.47849, 0.239777, 0.154925, 0.037187, 0.08962]"
Chameleon,client,42,752,0,M0,F,evaluation,0,1,0.685801088809967,0,0.9230098724365234,False,"[0.621067, 0.081988, 0.215517, 0.042665, 0.038763]"
Chameleon,client,42,754,0,M0,F,evaluation,0,1,0.4680747985839844,0,0.9230098724365234,False,"[0.467566, 0.132336, 0.165236, 0.106698, 0.128164]"
Chameleon,client,42,759,0,M0,F,evaluation,3,1,0.46623697876930237,0,0.6903667449951172,True,"[0.026762, 0.030254, 0.109104, 0.185059, 0.648822]"
Chameleon,client,42,773,0,M0,F,evaluation,2,1,0.2354491502046585,0,0.9081204533576965,False,"[0.35929, 0.218338, 0.26644, 0.050619, 0.105313]"
Chameleon,client,42,787,0,M0,F,evaluation,4,1,0.86681067943573,0,0.8727429509162903,False,"[0.033386, 0.011179, 0.107304, 0.004429, 0.843702]"
Chameleon,client,42,790,0,M0,F,evaluation,1,1,0.9520906805992126,1,0.8939235210418701,False,"[0.247674, 0.607565, 0.075553, 0.021318, 0.047889]"
Chameleon,client,42,791,0,M0,F,evaluation,0,1,0.40072962641716003,0,0.9230098724365234,False,"[0.508957, 0.222024, 0.125135, 0.022221, 0.121663]"
Chameleon,client,42,793,0,M0,F,evaluation,0,1,0.33521929383277893,0,0.9230098724365234,False,"[0.47849, 0.239777, 0.154925, 0.037187, 0.08962]"
Chameleon,client,42,795,0,M0,F,evaluation,1,1,0.8994478583335876,1,0.8939235210418701,False,"[0.531167, 0.256718, 0.098689, 0.030945, 0.082481]"
Chameleon,client,42,797,0,M0,F,evaluation,2,1,0.8228580951690674,0,0.9081204533576965,False,"[0.000201, 0.00011, 0.750612, 0.062967, 0.18611]"
Chameleon,client,42,799,0,M0,F,evaluation,1,1,0.8516393303871155,0,0.8939235210418701,False,"[0.456954, 0.254049, 0.140569, 0.038056, 0.110373]"
Chameleon,client,42,810,0,M0,F,evaluation,0,1,0.40134772658348083,0,0.9230098724365234,False,"[0.538222, 0.212494, 0.148395, 0.068166, 0.032722]"
Chameleon,client,42,815,0,M0,F,evaluation,3,1,0.5222505331039429,0,0.6903667449951172,True,"[0.000171, 0.000406, 0.133517, 0.317752, 0.548155]"
Chameleon,client,42,829,0,M0,F,evaluation,0,1,0.3844735622406006,0,0.9230098724365234,False,"[0.457457, 0.172748, 0.206276, 0.099354, 0.064166]"
Chameleon,client,42,830,0,M0,F,evaluation,2,1,0.8162170052528381,0,0.9081204533576965,False,"[0.015993, 0.123751, 0.820929, 0.014603, 0.024723]"
Chameleon,client,42,831,0,M0,F,evaluation,4,1,0.8705920577049255,0,0.8727429509162903,False,"[0.004479, 0.012448, 0.104112, 0.087551, 0.791411]"
Chameleon,client,42,834,0,M0,F,evaluation,0,1,0.5041492581367493,0,0.9230098724365234,False,"[0.596622, 0.200188, 0.08649, 0.028454, 0.088246]"
Chameleon,client,42,840,0,M0,F,evaluation,1,1,0.8545676469802856,0,0.8939235210418701,False,"[0.353136, 0.338472, 0.162467, 0.042328, 0.103598]"
Chameleon,client,42,847,0,M0,F,evaluation,0,1,0.3385440707206726,0,0.9230098724365234,False,"[0.506122, 0.254486, 0.110604, 0.0359, 0.092888]"
Chameleon,client,42,850,0,M0,F,evaluation,4,1,0.29344460368156433,0,0.8727429509162903,False,"[0.076167, 0.090263, 0.401333, 0.085637, 0.346599]"
Chameleon,client,42,852,0,M0,F,evaluation,0,1,0.30697983503341675,0,0.9230098724365234,False,"[0.535558, 0.297105, 0.073078, 0.017992, 0.076268]"
Chameleon,client,42,854,0,M0,F,evaluation,2,1,0.2864115834236145,0,0.9081204533576965,False,"[0.264125, 0.177398, 0.291087, 0.060411, 0.20698]"
Chameleon,client,42,857,0,M0,F,evaluation,2,1,0.12513785064220428,0,0.9081204533576965,False,"[0.571457, 0.203847, 0.12824, 0.042584, 0.053872]"
Chameleon,client,42,862,0,M0,F,evaluation,4,1,0.06456717848777771,0,0.8727429509162903,False,"[0.473424, 0.213088, 0.096666, 0.083367, 0.133455]"
Chameleon,client,42,869,0,M0,F,evaluation,1,1,0.9621978998184204,1,0.8939235210418701,False,"[0.588724, 0.358777, 0.031586, 0.006281, 0.014632]"
Chameleon,client,42,871,0,M0,F,evaluation,0,1,0.22031192481517792,0,0.9230098724365234,False,"[0.437289, 0.285868, 0.139826, 0.091804, 0.045213]"
Chameleon,client,42,873,0,M0,F,evaluation,1,1,0.9616153240203857,1,0.8939235210418701,False,"[0.549709, 0.388026, 0.03801, 0.007928, 0.016328]"
Chameleon,client,42,874,0,M0,F,evaluation,4,1,0.8717679381370544,0,0.8727429509162903,False,"[0.000299, 0.001146, 0.144505, 0.145077, 0.708973]"
Chameleon,client,42,879,0,M0,F,evaluation,1,1,0.782339870929718,0,0.8939235210418701,False,"[0.457457, 0.172748, 0.206276, 0.099354, 0.064166]"
Chameleon,client,42,882,0,M0,F,evaluation,4,1,0.9061782360076904,1,0.8727429509162903,False,"[0.004098, 0.00931, 0.020591, 0.17131, 0.794691]"
Chameleon,client,42,883,0,M0,F,evaluation,1,1,0.9613273739814758,1,0.8939235210418701,False,"[0.372196, 0.533535, 0.057694, 0.015951, 0.020624]"
Chameleon,client,42,455,0,M0,H,evaluation,3,0,0.6805569529533386,0,0.6903667449951172,True,"[0.020168, 0.005135, 0.137219, 0.758954, 0.078523]"
Chameleon,client,42,471,0,M0,H,evaluation,0,0,0.18244610726833344,0,0.9230098724365234,False,"[0.132461, 0.175994, 0.137067, 0.170147, 0.38433]"
Chameleon,client,42,473,0,M0,H,evaluation,0,0,0.28143540024757385,0,0.9230098724365234,False,"[0.397415, 0.22467, 0.173318, 0.08275, 0.121848]"
Chameleon,client,42,475,0,M0,H,evaluation,2,0,0.8048733472824097,0,0.9081204533576965,False,"[0.003702, 0.001518, 0.731475, 0.044245, 0.21906]"
Chameleon,client,42,480,0,M0,H,evaluation,4,0,0.06205040216445923,0,0.8727429509162903,False,"[0.338602, 0.197642, 0.251, 0.073931, 0.138824]"
Chameleon,client,42,487,0,M0,H,evaluation,0,0,0.2181151956319809,0,0.9230098724365234,False,"[0.402449, 0.28824, 0.133913, 0.056829, 0.118569]"
Chameleon,client,42,489,0,M0,H,evaluation,2,0,0.17345181107521057,0,0.9081204533576965,False,"[0.435953, 0.243244, 0.193827, 0.066318, 0.060658]"
Chameleon,client,42,511,0,M0,H,evaluation,0,0,0.4193923771381378,0,0.9230098724365234,False,"[0.451621, 0.167032, 0.173536, 0.066818, 0.140992]"
Chameleon,client,42,514,0,M0,H,evaluation,3,0,0.26998260617256165,0,0.6903667449951172,True,"[0.163994, 0.155631, 0.175169, 0.203605, 0.301602]"
Chameleon,client,42,520,0,M0,H,evaluation,0,0,0.2758353054523468,0,0.9230098724365234,False,"[0.244443, 0.155815, 0.313571, 0.074079, 0.212092]"
Chameleon,client,42,521,0,M0,H,evaluation,2,0,0.27078402042388916,0,0.9081204533576965,False,"[0.193691, 0.146424, 0.191709, 0.181505, 0.286671]"
Chameleon,client,42,523,0,M0,H,evaluation,0,0,0.2783409357070923,0,0.9230098724365234,False,"[0.395936, 0.226222, 0.17313, 0.082821, 0.121891]"
Chameleon,client,42,535,0,M0,H,evaluation,3,0,0.31776729226112366,0,0.6903667449951172,True,"[0.290278, 0.156032, 0.312002, 0.069493, 0.172195]"
Chameleon,client,42,539,0,M0,H,evaluation,2,0,0.22531932592391968,0,0.9081204533576965,False,"[0.446813, 0.15479, 0.246121, 0.05222, 0.100056]"
Chameleon,client,42,551,0,M0,H,evaluation,0,0,0.2491752952337265,0,0.9230098724365234,False,"[0.359409, 0.229886, 0.198192, 0.082712, 0.129802]"
Chameleon,client,42,554,0,M0,H,evaluation,2,0,0.48654720187187195,0,0.9081204533576965,False,"[0.323054, 0.084761, 0.450624, 0.082762, 0.058799]"
Chameleon,client,42,578,0,M0,H,evaluation,0,0,0.38238751888275146,0,0.9230098724365234,False,"[0.533232, 0.245409, 0.09686, 0.022294, 0.102205]"
Chameleon,client,42,579,0,M0,H,evaluation,0,0,0.3607112467288971,0,0.9230098724365234,False,"[0.447639, 0.209338, 0.201868, 0.029721, 0.111434]"
Chameleon,client,42,586,0,M0,H,evaluation,3,0,0.23425306379795074,0,0.6903667449951172,True,"[0.197765, 0.214647, 0.277703, 0.106738, 0.203148]"
Chameleon,client,42,589,0,M0,H,evaluation,4,0,0.7974420785903931,0,0.8727429509162903,False,"[0.003882, 0.004192, 0.251925, 0.193962, 0.546039]"
Chameleon,client,42,593,0,M0,H,evaluation,0,0,0.28519970178604126,0,0.9230098724365234,False,"[0.411213, 0.232797, 0.180843, 0.06529, 0.109857]"
Chameleon,client,42,621,0,M0,H,evaluation,0,0,0.1842847317457199,0,0.9230098724365234,False,"[0.400938, 0.331472, 0.10516, 0.028311, 0.134118]"
Chameleon,client,42,667,0,M0,H,evaluation,3,0,0.3297384977340698,0,0.6903667449951172,True,"[0.465597, 0.187369, 0.16697, 0.074919, 0.105146]"
Chameleon,client,42,680,0,M0,H,evaluation,0,0,0.3925870358943939,0,0.9230098724365234,False,"[0.533968, 0.233464, 0.108539, 0.035105, 0.088923]"
Chameleon,client,42,693,0,M0,H,evaluation,1,0,0.8725501298904419,0,0.8939235210418701,False,"[0.69147, 0.07258, 0.158104, 0.037097, 0.040749]"
Chameleon,client,42,694,0,M0,H,evaluation,2,0,0.11980544775724411,0,0.9081204533576965,False,"[0.542312, 0.21915, 0.117608, 0.042834, 0.078097]"
Chameleon,client,42,705,0,M0,H,evaluation,2,0,0.11130478233098984,0,0.9081204533576965,False,"[0.341149, 0.383248, 0.125857, 0.030505, 0.119241]"
Chameleon,client,42,769,0,M0,H,evaluation,1,0,0.8374163508415222,0,0.8939235210418701,False,"[0.494527, 0.212531, 0.128943, 0.037735, 0.126265]"
Chameleon,client,42,771,0,M0,H,evaluation,0,0,0.44670164585113525,0,0.9230098724365234,False,"[0.562606, 0.213868, 0.115429, 0.032103, 0.075994]"
Chameleon,client,42,774,0,M0,H,evaluation,0,0,0.24035567045211792,0,0.9230098724365234,False,"[0.420888, 0.277979, 0.091505, 0.071637, 0.137991]"
Chameleon,client,42,776,0,M0,H,evaluation,2,0,0.17626526951789856,0,0.9081204533576965,False,"[0.412656, 0.209794, 0.192074, 0.049851, 0.135625]"
Chameleon,client,42,778,0,M0,H,evaluation,4,0,0.2256568968296051,0,0.8727429509162903,False,"[0.313948, 0.026358, 0.595788, 0.029861, 0.034044]"
Chameleon,client,42,826,0,M0,H,evaluation,1,0,0.8940344452857971,1,0.8939235210418701,False,"[0.508632, 0.266953, 0.102679, 0.037005, 0.084732]"
Chameleon,client,42,835,0,M0,H,evaluation,1,0,0.8903013467788696,0,0.8939235210418701,False,"[0.566794, 0.208279, 0.126346, 0.022198, 0.076383]"
Chameleon,client,42,836,0,M0,H,evaluation,0,0,0.3925870358943939,0,0.9230098724365234,False,"[0.533968, 0.233464, 0.108539, 0.035105, 0.088923]"
Chameleon,client,42,841,0,M0,H,evaluation,0,0,0.4298344850540161,0,0.9230098724365234,False,"[0.593991, 0.242461, 0.081524, 0.024097, 0.057927]"
Chameleon,client,42,864,0,M0,H,evaluation,4,0,0.003435809165239334,0,0.8727429509162903,False,"[0.448635, 0.410937, 0.107517, 0.004332, 0.028579]"
Chameleon,client,42,866,0,M0,H,evaluation,0,0,0.36998212337493896,0,0.9230098724365234,False,"[0.536541, 0.248357, 0.095925, 0.037537, 0.08164]"
Chameleon,client,42,870,0,M0,H,evaluation,3,0,0.32102444767951965,0,0.6903667449951172,True,"[0.260685, 0.440894, 0.251363, 0.005973, 0.041085]"
Chameleon,client,42,68,1,MR,attack_member,evaluation,2,1,0.4307428300380707,0,0.9081204533576965,False,"[0.237921, 0.166245, 0.414627, 0.07966, 0.101546]"
Chameleon,client,42,93,1,MR,attack_member,evaluation,0,1,0.2917960286140442,0,0.9230098724365234,False,"[0.368597, 0.179619, 0.208125, 0.14395, 0.099709]"
Chameleon,client,42,125,1,MR,attack_member,evaluation,0,1,0.8254101872444153,0,0.9230098724365234,False,"[0.796578, 0.056379, 0.088805, 0.042301, 0.015937]"
Chameleon,client,42,143,1,MR,attack_member,evaluation,0,1,0.29110604524612427,0,0.9230098724365234,False,"[0.370645, 0.196444, 0.223107, 0.096516, 0.113287]"
Chameleon,client,42,144,1,MR,attack_member,evaluation,1,1,0.7203962206840515,0,0.8939235210418701,False,"[0.306979, 0.225741, 0.350527, 0.067195, 0.049558]"
Chameleon,client,42,145,1,MR,attack_member,evaluation,0,1,0.21816885471343994,0,0.9230098724365234,False,"[0.188283, 0.16294, 0.19631, 0.155559, 0.296907]"
Chameleon,client,42,160,1,MR,attack_member,evaluation,0,1,0.28282758593559265,0,0.9230098724365234,False,"[0.26661, 0.144085, 0.360973, 0.099155, 0.129177]"
Chameleon,client,42,164,1,MR,attack_member,evaluation,0,1,0.24407929182052612,0,0.9230098724365234,False,"[0.326266, 0.203947, 0.231433, 0.117459, 0.120896]"
Chameleon,client,42,166,1,MR,attack_member,evaluation,0,1,0.3174305558204651,0,0.9230098724365234,False,"[0.382032, 0.173235, 0.238565, 0.119286, 0.086882]"
Chameleon,client,42,197,1,MR,attack_member,evaluation,0,1,0.3174305558204651,0,0.9230098724365234,False,"[0.382032, 0.173235, 0.238565, 0.119286, 0.086882]"
Chameleon,client,42,231,1,MR,attack_member,evaluation,0,1,0.31665918231010437,0,0.9230098724365234,False,"[0.3394, 0.156259, 0.246112, 0.120392, 0.137837]"
Chameleon,client,42,260,1,MR,attack_member,evaluation,0,1,0.3174305558204651,0,0.9230098724365234,False,"[0.382032, 0.173235, 0.238565, 0.119286, 0.086882]"
Chameleon,client,42,305,1,MR,attack_member,evaluation,0,1,0.777007520198822,0,0.9230098724365234,False,"[0.763293, 0.079758, 0.055754, 0.073253, 0.027942]"
Chameleon,client,42,306,1,MR,attack_member,evaluation,0,1,0.2984192669391632,0,0.9230098724365234,False,"[0.399886, 0.202209, 0.168837, 0.116847, 0.112221]"
Chameleon,client,42,317,1,MR,attack_member,evaluation,2,1,0.6851515173912048,0,0.9081204533576965,False,"[0.086359, 0.090921, 0.585366, 0.117575, 0.119779]"
Chameleon,client,42,327,1,MR,attack_member,evaluation,1,1,0.8654513359069824,0,0.8939235210418701,False,"[0.194997, 0.467261, 0.225655, 0.035199, 0.076888]"
Chameleon,client,42,343,1,MR,attack_member,evaluation,0,1,0.25324350595474243,0,0.9230098724365234,False,"[0.295855, 0.140167, 0.236958, 0.239018, 0.088003]"
Chameleon,client,42,344,1,MR,attack_member,evaluation,0,1,0.3174305558204651,0,0.9230098724365234,False,"[0.382032, 0.173235, 0.238565, 0.119286, 0.086882]"
Chameleon,client,42,355,1,MR,attack_member,evaluation,0,1,0.3174305558204651,0,0.9230098724365234,False,"[0.382032, 0.173235, 0.238565, 0.119286, 0.086882]"
Chameleon,client,42,375,1,MR,attack_member,evaluation,1,1,0.8966076970100403,1,0.8939235210418701,False,"[0.24558, 0.490573, 0.091689, 0.106331, 0.065827]"
Chameleon,client,42,399,1,MR,attack_member,evaluation,0,1,0.3174305558204651,0,0.9230098724365234,False,"[0.382032, 0.173235, 0.238565, 0.119286, 0.086882]"
Chameleon,client,42,402,1,MR,attack_member,evaluation,3,1,0.3491896092891693,0,0.6903667449951172,True,"[0.375463, 0.178732, 0.222096, 0.133949, 0.089759]"
Chameleon,client,42,420,1,MR,attack_member,evaluation,0,1,0.3174305558204651,0,0.9230098724365234,False,"[0.382032, 0.173235, 0.238565, 0.119286, 0.086882]"
Chameleon,client,42,178,1,MR,attack_member,evaluation,2,1,0.6485655307769775,0,0.9081204533576965,False,"[0.037512, 0.035359, 0.264342, 0.614283, 0.048504]"
Chameleon,client,42,252,1,MR,attack_member,evaluation,0,1,0.12403202056884766,0,0.9230098724365234,False,"[0.045226, 0.039542, 0.280334, 0.577237, 0.057661]"
Chameleon,client,42,261,1,MR,attack_member,evaluation,3,1,0.6224367022514343,0,0.6903667449951172,True,"[0.049549, 0.041858, 0.286259, 0.560349, 0.061986]"
Chameleon,client,42,3,2,MR,attack_member,evaluation,4,1,0.8069318532943726,0,0.8727429509162903,False,"[0.034349, 0.036583, 0.101637, 0.096565, 0.730867]"
Chameleon,client,42,24,2,MR,attack_member,evaluation,3,1,0.2281220704317093,0,0.6903667449951172,True,"[0.191523, 0.24615, 0.294093, 0.09794, 0.170295]"
Chameleon,client,42,37,2,MR,attack_member,evaluation,1,1,0.8318966031074524,0,0.8939235210418701,False,"[0.259408, 0.411015, 0.064191, 0.16741, 0.097977]"
Chameleon,client,42,63,2,MR,attack_member,evaluation,2,1,0.2853409945964813,0,0.9081204533576965,False,"[0.147841, 0.229677, 0.26916, 0.098623, 0.254698]"
Chameleon,client,42,72,2,MR,attack_member,evaluation,4,1,0.8891487121582031,1,0.8727429509162903,False,"[0.064478, 0.009357, 0.040326, 0.046877, 0.838963]"
Chameleon,client,42,84,2,MR,attack_member,evaluation,2,1,0.5510042309761047,0,0.9081204533576965,False,"[0.227134, 0.054375, 0.474063, 0.097233, 0.147195]"
Chameleon,client,42,88,2,MR,attack_member,evaluation,4,1,0.09761227667331696,0,0.8727429509162903,False,"[0.308813, 0.150874, 0.330793, 0.095569, 0.113951]"
Chameleon,client,42,155,2,MR,attack_member,evaluation,0,1,0.37871891260147095,0,0.9230098724365234,False,"[0.218638, 0.063135, 0.542737, 0.045899, 0.129591]"
Chameleon,client,42,244,2,MR,attack_member,evaluation,4,1,0.3661515712738037,0,0.8727429509162903,False,"[0.374274, 0.027777, 0.397129, 0.027791, 0.173029]"
Chameleon,client,42,300,2,MR,attack_member,evaluation,3,1,0.313963383436203,0,0.6903667449951172,True,"[0.135096, 0.118799, 0.061151, 0.263734, 0.421219]"
Chameleon,client,42,307,2,MR,attack_member,evaluation,2,1,0.8709937930107117,0,0.9081204533576965,False,"[0.002094, 0.003462, 0.887995, 0.000392, 0.106058]"
Chameleon,client,42,325,2,MR,attack_member,evaluation,3,1,0.3144223988056183,0,0.6903667449951172,True,"[0.063763, 0.119128, 0.074993, 0.30473, 0.437386]"
Chameleon,client,42,349,2,MR,attack_member,evaluation,0,1,0.22697636485099792,0,0.9230098724365234,False,"[0.34124, 0.236354, 0.260254, 0.070556, 0.091596]"
Chameleon,client,42,414,2,MR,attack_member,evaluation,2,1,0.29945218563079834,0,0.9081204533576965,False,"[0.119078, 0.436327, 0.392177, 0.011523, 0.040895]"
Chameleon,client,42,417,2,MR,attack_member,evaluation,1,1,0.6484895348548889,0,0.8939235210418701,False,"[0.269931, 0.221171, 0.30765, 0.128246, 0.073002]"
Chameleon,client,42,430,2,MR,attack_member,evaluation,4,1,0.18966667354106903,0,0.8727429509162903,False,"[0.277599, 0.122879, 0.273648, 0.124376, 0.201498]"
Chameleon,client,42,576,2,MR,attack_member,evaluation,4,1,0.8914152383804321,1,0.8727429509162903,False,"[0.001946, 0.011221, 0.067954, 0.001953, 0.916926]"
Chameleon,client,42,580,2,MR,attack_member,evaluation,3,1,0.3696240484714508,0,0.6903667449951172,True,"[0.289478, 0.157986, 0.299569, 0.157596, 0.095371]"
Chameleon,client,42,700,2,MR,attack_member,evaluation,2,1,0.40675288438796997,0,0.9081204533576965,False,"[0.211722, 0.120041, 0.242455, 0.336521, 0.089262]"
Chameleon,client,42,715,2,MR,attack_member,evaluation,2,1,0.27952155470848083,0,0.9081204533576965,False,"[0.377176, 0.157641, 0.276983, 0.09759, 0.090609]"
Chameleon,client,42,731,2,MR,attack_member,evaluation,0,1,0.3455651104450226,0,0.9230098724365234,False,"[0.219123, 0.062492, 0.557645, 0.097697, 0.063042]"
Chameleon,client,42,768,2,MR,attack_member,evaluation,3,1,0.4531547725200653,0,0.6903667449951172,True,"[0.257443, 0.120943, 0.238995, 0.307996, 0.074623]"
Chameleon,client,42,782,2,MR,attack_member,evaluation,2,1,0.7690907120704651,0,0.9081204533576965,False,"[0.100914, 0.03549, 0.706684, 0.052322, 0.10459]"
Chameleon,client,42,837,2,MR,attack_member,evaluation,4,1,0.5181446671485901,0,0.8727429509162903,False,"[0.120679, 0.09094, 0.141073, 0.154055, 0.493253]"
Chameleon,client,42,849,2,MR,attack_member,evaluation,3,1,0.3111703395843506,0,0.6903667449951172,True,"[0.106656, 0.331882, 0.038853, 0.505628, 0.016981]"
Chameleon,client,42,875,2,MR,attack_member,evaluation,2,1,0.4589884579181671,0,0.9081204533576965,False,"[0.250805, 0.16191, 0.448528, 0.065805, 0.072952]"
Chameleon,client,42,19,3,MR,attack_member,evaluation,4,1,0.36943671107292175,0,0.8727429509162903,False,"[0.061266, 0.08376, 0.334185, 0.20629, 0.314499]"
Chameleon,client,42,60,3,MR,attack_member,evaluation,0,1,0.17994605004787445,0,0.9230098724365234,False,"[0.064201, 0.098298, 0.27143, 0.267664, 0.298407]"
Chameleon,client,42,67,3,MR,attack_member,evaluation,0,1,0.18277406692504883,0,0.9230098724365234,False,"[0.063382, 0.104345, 0.199403, 0.269813, 0.363056]"
Chameleon,client,42,74,3,MR,attack_member,evaluation,2,1,0.3207017779350281,0,0.9081204533576965,False,"[0.030086, 0.062342, 0.098202, 0.360795, 0.448575]"
Chameleon,client,42,86,3,MR,attack_member,evaluation,3,1,0.4039768874645233,0,0.6903667449951172,True,"[0.053226, 0.086448, 0.269463, 0.305473, 0.28539]"
Chameleon,client,42,105,3,MR,attack_member,evaluation,2,1,0.3688800036907196,0,0.9081204533576965,False,"[0.155869, 0.14154, 0.270245, 0.20653, 0.225816]"
Chameleon,client,42,131,3,MR,attack_member,evaluation,2,1,0.4551207423210144,0,0.9081204533576965,False,"[0.047932, 0.084715, 0.275609, 0.275659, 0.316086]"
Chameleon,client,42,187,3,MR,attack_member,evaluation,3,1,0.40468156337738037,0,0.6903667449951172,True,"[0.068, 0.081972, 0.254211, 0.285929, 0.309888]"
Chameleon,client,42,218,3,MR,attack_member,evaluation,3,1,0.5014506578445435,0,0.6903667449951172,True,"[0.02608, 0.032209, 0.120901, 0.454215, 0.366595]"
Chameleon,client,42,233,3,MR,attack_member,evaluation,1,1,0.12795455753803253,0,0.8939235210418701,False,"[0.049385, 0.088235, 0.305979, 0.24674, 0.309662]"
Chameleon,client,42,278,3,MR,attack_member,evaluation,2,1,0.45312222838401794,0,0.9081204533576965,False,"[0.164538, 0.129042, 0.401238, 0.094939, 0.210244]"
Chameleon,client,42,294,3,MR,attack_member,evaluation,2,1,0.5074331760406494,0,0.9081204533576965,False,"[0.111737, 0.114669, 0.406109, 0.153284, 0.214199]"
Chameleon,client,42,326,3,MR,attack_member,evaluation,4,1,0.6785529851913452,0,0.8727429509162903,False,"[0.021185, 0.047576, 0.203023, 0.2571, 0.471116]"
Chameleon,client,42,450,3,MR,attack_member,evaluation,2,1,0.47280988097190857,0,0.9081204533576965,False,"[0.032737, 0.064711, 0.279873, 0.279162, 0.343516]"
Chameleon,client,42,492,3,MR,attack_member,evaluation,3,1,0.4659207761287689,0,0.6903667449951172,True,"[0.070527, 0.062554, 0.214502, 0.389704, 0.262713]"
Chameleon,client,42,629,3,MR,attack_member,evaluation,3,1,0.6295250058174133,0,0.6903667449951172,True,"[0.017271, 0.011275, 0.022984, 0.788758, 0.159712]"
Chameleon,client,42,767,3,MR,attack_member,evaluation,2,1,0.5633126497268677,0,0.9081204533576965,False,"[0.019193, 0.038962, 0.388601, 0.201479, 0.351765]"
Chameleon,client,42,788,3,MR,attack_member,evaluation,3,1,0.539289116859436,0,0.6903667449951172,True,"[0.000178, 0.000236, 0.001457, 0.498717, 0.499412]"
Chameleon,client,42,792,3,MR,attack_member,evaluation,4,1,0.9104527831077576,1,0.8727429509162903,False,"[0.000443, 0.003016, 0.037015, 0.163317, 0.796208]"
Chameleon,client,42,811,3,MR,attack_member,evaluation,3,1,0.6284791827201843,0,0.6903667449951172,True,"[0.006398, 0.000526, 0.002319, 0.795543, 0.195213]"
Chameleon,client,42,813,3,MR,attack_member,evaluation,4,1,0.5623427629470825,0,0.8727429509162903,False,"[0.038433, 0.088547, 0.154162, 0.193487, 0.52537]"
Chameleon,client,42,838,3,MR,attack_member,evaluation,1,1,0.6207359433174133,0,0.8939235210418701,False,"[0.326054, 0.188534, 0.193508, 0.148999, 0.142905]"
Chameleon,client,42,97,4,MR,attack_member,evaluation,0,1,0.436779260635376,0,0.9230098724365234,False,"[0.464943, 0.132891, 0.247521, 0.120172, 0.034473]"
Chameleon,client,42,108,4,MR,attack_member,evaluation,2,1,0.4182586967945099,0,0.9081204533576965,False,"[0.283858, 0.090013, 0.312954, 0.221081, 0.092094]"
Chameleon,client,42,177,4,MR,attack_member,evaluation,0,1,0.2387595772743225,0,0.9230098724365234,False,"[0.262976, 0.155202, 0.246474, 0.190315, 0.145032]"
Chameleon,client,42,262,4,MR,attack_member,evaluation,3,1,0.39010655879974365,0,0.6903667449951172,True,"[0.391235, 0.174584, 0.207824, 0.178961, 0.047396]"
Chameleon,client,42,281,4,MR,attack_member,evaluation,2,1,0.45355236530303955,0,0.9081204533576965,False,"[0.200374, 0.137473, 0.404276, 0.108085, 0.149791]"
Chameleon,client,42,379,4,MR,attack_member,evaluation,2,1,0.2902440130710602,0,0.9081204533576965,False,"[0.449853, 0.116376, 0.26702, 0.137121, 0.02963]"
Chameleon,client,42,408,4,MR,attack_member,evaluation,0,1,0.42111313343048096,0,0.9230098724365234,False,"[0.451557, 0.130979, 0.251848, 0.133956, 0.031661]"
Chameleon,client,42,495,4,MR,attack_member,evaluation,1,1,0.7379912734031677,0,0.8939235210418701,False,"[0.437927, 0.143919, 0.254244, 0.130547, 0.033362]"
Chameleon,client,42,669,4,MR,attack_member,evaluation,3,1,0.5169417858123779,0,0.6903667449951172,True,"[0.288769, 0.084314, 0.313273, 0.239178, 0.074465]"
Chameleon,client,42,699,4,MR,attack_member,evaluation,0,1,0.3973921537399292,0,0.9230098724365234,False,"[0.438414, 0.139125, 0.250517, 0.135391, 0.036553]"
Chameleon,client,42,856,4,MR,attack_member,evaluation,1,1,0.598450779914856,0,0.8939235210418701,False,"[0.179075, 0.269985, 0.321776, 0.111119, 0.118044]"
Chameleon,client,42,6,4,MR,attack_member,evaluation,0,1,0.10281112790107727,0,0.9230098724365234,False,"[0.36219, 0.3886, 0.060319, 0.107662, 0.081228]"
Chameleon,client,42,314,4,MR,attack_member,evaluation,2,1,0.3611612021923065,0,0.9081204533576965,False,"[0.1529, 0.176969, 0.30235, 0.151202, 0.216578]"
Chameleon,client,42,398,4,MR,attack_member,evaluation,0,1,0.3047287166118622,0,0.9230098724365234,False,"[0.339037, 0.174001, 0.25087, 0.09105, 0.145042]"
Chameleon,client,42,464,4,MR,attack_member,evaluation,1,1,0.723214864730835,0,0.8939235210418701,False,"[0.258595, 0.291647, 0.218454, 0.163966, 0.067339]"
Chameleon,client,42,508,4,MR,attack_member,evaluation,1,1,0.45261144638061523,0,0.8939235210418701,False,"[0.174815, 0.21547, 0.25559, 0.164214, 0.18991]"
Chameleon,client,42,603,4,MR,attack_member,evaluation,4,1,0.15724003314971924,0,0.8727429509162903,False,"[0.096071, 0.155583, 0.306149, 0.141553, 0.300644]"
Chameleon,client,42,647,4,MR,attack_member,evaluation,2,1,0.3651427626609802,0,0.9081204533576965,False,"[0.161355, 0.071905, 0.268069, 0.158328, 0.340344]"
Chameleon,client,42,786,4,MR,attack_member,evaluation,2,1,0.13845087587833405,0,0.9081204533576965,False,"[0.607039, 0.118373, 0.116111, 0.075995, 0.082481]"
Chameleon,client,42,853,4,MR,attack_member,evaluation,0,1,0.5288033485412598,0,0.9230098724365234,False,"[0.472537, 0.087061, 0.175893, 0.140339, 0.12417]"
Chameleon,client,42,884,4,MR,attack_member,evaluation,1,1,0.9673305153846741,1,0.8939235210418701,False,"[0.136291, 0.753335, 0.095257, 0.006812, 0.008304]"
Chameleon,client,42,139,4,MR,attack_member,evaluation,2,1,0.5330238342285156,0,0.9081204533576965,False,"[0.162961, 0.153435, 0.468984, 0.121964, 0.092655]"
Chameleon,client,42,320,4,MR,attack_member,evaluation,3,1,0.719990074634552,1,0.6903667449951172,True,"[0.017864, 0.002408, 0.004938, 0.938707, 0.036083]"
Chameleon,client,42,346,4,MR,attack_member,evaluation,3,1,0.2432217001914978,0,0.6903667449951172,True,"[0.03677, 0.223266, 0.117769, 0.438102, 0.184093]"
Chameleon,client,42,415,4,MR,attack_member,evaluation,3,1,0.2444879710674286,0,0.6903667449951172,True,"[0.034479, 0.220071, 0.122587, 0.435725, 0.187138]"
Chameleon,client,42,582,4,MR,attack_member,evaluation,3,1,0.6334583759307861,0,0.6903667449951172,True,"[0.007715, 0.007918, 0.005726, 0.814058, 0.164584]"
Chameleon,client,42,643,4,MR,attack_member,evaluation,4,1,0.46778562664985657,0,0.8727429509162903,False,"[0.02379, 0.081618, 0.241584, 0.386408, 0.2666]"
Chameleon,client,42,77,1,MR,attack_nonmember,evaluation,0,0,0.43517419695854187,0,0.9230098724365234,False,"[0.448473, 0.127239, 0.211164, 0.133845, 0.079278]"
Chameleon,client,42,172,1,MR,attack_nonmember,evaluation,2,0,0.45920389890670776,0,0.9081204533576965,False,"[0.383062, 0.022472, 0.397044, 0.116228, 0.081194]"
Chameleon,client,42,198,1,MR,attack_nonmember,evaluation,0,0,0.3581863343715668,0,0.9230098724365234,False,"[0.446518, 0.186825, 0.18998, 0.097657, 0.079019]"
Chameleon,client,42,217,1,MR,attack_nonmember,evaluation,3,0,0.6403812170028687,0,0.6903667449951172,True,"[0.007449, 0.004481, 0.008792, 0.818541, 0.160737]"
Chameleon,client,42,265,1,MR,attack_nonmember,evaluation,4,0,0.022730739787220955,0,0.8727429509162903,False,"[0.252378, 0.299805, 0.13314, 0.153426, 0.161251]"
Chameleon,client,42,266,1,MR,attack_nonmember,evaluation,0,0,0.2980769872665405,0,0.9230098724365234,False,"[0.428713, 0.221303, 0.167862, 0.095564, 0.086558]"
Chameleon,client,42,363,1,MR,attack_nonmember,evaluation,0,0,0.4290270209312439,0,0.9230098724365234,False,"[0.517592, 0.174719, 0.106644, 0.122037, 0.079009]"
Chameleon,client,42,371,1,MR,attack_nonmember,evaluation,4,0,0.8997518420219421,1,0.8727429509162903,False,"[0.000574, 0.011095, 0.045795, 0.014125, 0.928412]"
Chameleon,client,42,259,1,MR,attack_nonmember,evaluation,3,0,0.3703533113002777,0,0.6903667449951172,True,"[0.017011, 0.090623, 0.259559, 0.252915, 0.379891]"
Chameleon,client,42,658,1,MR,attack_nonmember,evaluation,4,0,0.4983135759830475,0,0.8727429509162903,False,"[0.058311, 0.043888, 0.313628, 0.511887, 0.072285]"
Chameleon,client,42,859,1,MR,attack_nonmember,evaluation,2,0,0.2479400485754013,0,0.9081204533576965,False,"[0.018134, 0.114867, 0.034382, 0.364557, 0.46806]"
Chameleon,client,42,7,2,MR,attack_nonmember,evaluation,2,0,0.4254125654697418,0,0.9081204533576965,False,"[0.110012, 0.157925, 0.341331, 0.164636, 0.226094]"
Chameleon,client,42,8,2,MR,attack_nonmember,evaluation,2,0,0.2375631034374237,0,0.9081204533576965,False,"[0.325247, 0.26322, 0.254346, 0.098852, 0.058336]"
Chameleon,client,42,96,2,MR,attack_nonmember,evaluation,3,0,0.3038606643676758,0,0.6903667449951172,True,"[0.127347, 0.148505, 0.431125, 0.079762, 0.213261]"
Chameleon,client,42,331,2,MR,attack_nonmember,evaluation,4,0,0.05132535099983215,0,0.8727429509162903,False,"[0.282891, 0.197018, 0.319624, 0.135063, 0.065403]"
Chameleon,client,42,457,2,MR,attack_nonmember,evaluation,4,0,0.2992759048938751,0,0.8727429509162903,False,"[0.109066, 0.133719, 0.109081, 0.58088, 0.067254]"
Chameleon,client,42,605,2,MR,attack_nonmember,evaluation,1,0,0.2669621407985687,0,0.8939235210418701,False,"[0.155186, 0.047929, 0.650225, 0.039408, 0.107252]"
Chameleon,client,42,606,2,MR,attack_nonmember,evaluation,2,0,0.8194242119789124,0,0.9081204533576965,False,"[0.02786, 0.028325, 0.757753, 0.070981, 0.115081]"
Chameleon,client,42,672,2,MR,attack_nonmember,evaluation,4,0,0.26601338386535645,0,0.8727429509162903,False,"[0.010927, 0.02111, 0.750272, 0.029809, 0.187883]"
Chameleon,client,42,735,2,MR,attack_nonmember,evaluation,3,0,0.357494056224823,0,0.6903667449951172,True,"[0.382032, 0.173235, 0.238565, 0.119286, 0.086882]"
Chameleon,client,42,770,2,MR,attack_nonmember,evaluation,2,0,0.1065702885389328,0,0.9081204533576965,False,"[0.652688, 0.025626, 0.044222, 0.040326, 0.237138]"
Chameleon,client,42,36,2,MR,attack_nonmember,evaluation,2,0,0.07307472079992294,0,0.9081204533576965,False,"[0.02824, 0.845628, 0.119154, 0.000939, 0.006039]"
Chameleon,client,42,87,3,MR,attack_nonmember,evaluation,4,0,0.33644798398017883,0,0.8727429509162903,False,"[0.054456, 0.085781, 0.362453, 0.20862, 0.288691]"
Chameleon,client,42,94,3,MR,attack_nonmember,evaluation,4,0,0.3633297085762024,0,0.8727429509162903,False,"[0.068332, 0.100254, 0.257071, 0.283101, 0.291242]"
Chameleon,client,42,109,3,MR,attack_nonmember,evaluation,2,0,0.4372332692146301,0,0.9081204533576965,False,"[0.057705, 0.095316, 0.270724, 0.264485, 0.311769]"
Chameleon,client,42,156,3,MR,attack_nonmember,evaluation,3,0,0.4096716642379761,0,0.6903667449951172,True,"[0.05244, 0.078571, 0.252661, 0.296566, 0.319762]"
Chameleon,client,42,159,3,MR,attack_nonmember,evaluation,3,0,0.4217004179954529,0,0.6903667449951172,True,"[0.069491, 0.077908, 0.139309, 0.399462, 0.31383]"
Chameleon,client,42,232,3,MR,attack_nonmember,evaluation,0,0,0.20245037972927094,0,0.9230098724365234,False,"[0.035847, 0.062559, 0.247084, 0.290526, 0.363984]"
Chameleon,client,42,279,3,MR,attack_nonmember,evaluation,3,0,0.33560270071029663,0,0.6903667449951172,True,"[0.070925, 0.104004, 0.186132, 0.208938, 0.43]"
Chameleon,client,42,817,3,MR,attack_nonmember,evaluation,3,0,0.508569061756134,0,0.6903667449951172,True,"[9.9e-05, 0.000974, 0.004474, 0.157411, 0.837043]"
Chameleon,client,42,868,3,MR,attack_nonmember,evaluation,3,0,0.5073872208595276,0,0.6903667449951172,True,"[0.000103, 0.001196, 0.007163, 0.140592, 0.850946]"
Chameleon,client,42,16,4,MR,attack_nonmember,evaluation,0,0,0.438466340303421,0,0.9230098724365234,False,"[0.465131, 0.132759, 0.2496, 0.117451, 0.035059]"
Chameleon,client,42,337,4,MR,attack_nonmember,evaluation,1,0,0.7307278513908386,0,0.8939235210418701,False,"[0.461606, 0.119395, 0.253487, 0.134148, 0.031365]"
Chameleon,client,42,518,4,MR,attack_nonmember,evaluation,1,0,0.572119414806366,0,0.8939235210418701,False,"[0.315417, 0.162628, 0.19992, 0.226393, 0.095642]"
Chameleon,client,42,560,4,MR,attack_nonmember,evaluation,3,0,0.46598631143569946,0,0.6903667449951172,True,"[0.443962, 0.129492, 0.259003, 0.134841, 0.032702]"
Chameleon,client,42,687,4,MR,attack_nonmember,evaluation,2,0,0.25174379348754883,0,0.9081204533576965,False,"[0.440452, 0.156609, 0.241236, 0.126073, 0.03563]"
Chameleon,client,42,137,4,MR,attack_nonmember,evaluation,1,0,0.8610602021217346,0,0.8939235210418701,False,"[0.642179, 0.111922, 0.108865, 0.064186, 0.072848]"
Chameleon,client,42,564,4,MR,attack_nonmember,evaluation,2,0,0.3075191378593445,0,0.9081204533576965,False,"[0.136129, 0.091217, 0.221664, 0.143232, 0.407757]"
Chameleon,client,42,275,4,MR,attack_nonmember,evaluation,3,0,0.3634119927883148,0,0.6903667449951172,True,"[0.215179, 0.12414, 0.348889, 0.127974, 0.183817]"
Chameleon,client,42,513,4,MR,attack_nonmember,evaluation,1,0,0.23780743777751923,0,0.8939235210418701,False,"[0.03244, 0.217299, 0.128701, 0.430399, 0.191161]"
Chameleon,client,42,681,4,MR,attack_nonmember,evaluation,3,0,0.23118595778942108,0,0.6903667449951172,True,"[0.030005, 0.220262, 0.175172, 0.366173, 0.208387]"
Chameleon,client,42,686,4,MR,attack_nonmember,evaluation,3,0,0.5409942269325256,0,0.6903667449951172,True,"[0.681572, 0.027945, 0.059038, 0.024441, 0.207004]"
Chameleon,client,42,432,0,MR,F,evaluation,2,0,0.3384653925895691,0,0.9081204533576965,False,"[0.31714, 0.148412, 0.322424, 0.103204, 0.108819]"
Chameleon,client,42,437,0,MR,F,evaluation,0,0,0.2346552312374115,0,0.9230098724365234,False,"[0.291179, 0.184241, 0.258178, 0.14489, 0.121513]"
Chameleon,client,42,438,0,MR,F,evaluation,0,0,0.5611814260482788,0,0.9230098724365234,False,"[0.525587, 0.099805, 0.255558, 0.082867, 0.036182]"
Chameleon,client,42,443,0,MR,F,evaluation,0,0,0.30546537041664124,0,0.9230098724365234,False,"[0.282626, 0.119235, 0.370285, 0.139327, 0.088527]"
Chameleon,client,42,449,0,MR,F,evaluation,3,0,0.28107982873916626,0,0.6903667449951172,True,"[0.268032, 0.190169, 0.21984, 0.153804, 0.168156]"
Chameleon,client,42,458,0,MR,F,evaluation,2,0,0.15119901299476624,0,0.9081204533576965,False,"[0.387459, 0.185339, 0.1029, 0.125244, 0.199059]"
Chameleon,client,42,461,0,MR,F,evaluation,1,0,0.5036565661430359,0,0.8939235210418701,False,"[0.289807, 0.126168, 0.342266, 0.122852, 0.118906]"
Chameleon,client,42,462,0,MR,F,evaluation,1,0,0.31721433997154236,0,0.8939235210418701,False,"[0.089767, 0.196192, 0.352903, 0.12201, 0.239128]"
Chameleon,client,42,468,0,MR,F,evaluation,0,0,0.3159147799015045,0,0.9230098724365234,False,"[0.280485, 0.098368, 0.284626, 0.20483, 0.131691]"
Chameleon,client,42,469,0,MR,F,evaluation,1,0,0.5439997911453247,0,0.8939235210418701,False,"[0.29808, 0.126783, 0.373859, 0.14755, 0.053728]"
Chameleon,client,42,482,0,MR,F,evaluation,0,0,0.2564905881881714,0,0.9230098724365234,False,"[0.331036, 0.198592, 0.284106, 0.093843, 0.092423]"
Chameleon,client,42,490,0,MR,F,evaluation,0,0,0.2784564793109894,0,0.9230098724365234,False,"[0.309322, 0.167024, 0.288725, 0.11367, 0.121259]"
Chameleon,client,42,493,0,MR,F,evaluation,0,0,0.28893768787384033,0,0.9230098724365234,False,"[0.312774, 0.166426, 0.285542, 0.10072, 0.134538]"
Chameleon,client,42,506,0,MR,F,evaluation,4,0,0.08650903403759003,0,0.8727429509162903,False,"[0.210986, 0.139032, 0.46929, 0.087651, 0.09304]"
Chameleon,client,42,507,0,MR,F,evaluation,1,0,0.5898609161376953,0,0.8939235210418701,False,"[0.304775, 0.181516, 0.242492, 0.119412, 0.151805]"
Chameleon,client,42,510,0,MR,F,evaluation,1,0,0.5268166661262512,0,0.8939235210418701,False,"[0.269904, 0.16971, 0.271059, 0.145467, 0.14386]"
Chameleon,client,42,516,0,MR,F,evaluation,0,0,0.1467588096857071,0,0.9230098724365234,False,"[0.300619, 0.288786, 0.192688, 0.111676, 0.106232]"
Chameleon,client,42,517,0,MR,F,evaluation,4,0,0.08875686675310135,0,0.8727429509162903,False,"[0.283791, 0.175936, 0.271612, 0.099881, 0.16878]"
Chameleon,client,42,525,0,MR,F,evaluation,3,0,0.41940006613731384,0,0.6903667449951172,True,"[0.249075, 0.109339, 0.456116, 0.058933, 0.126537]"
Chameleon,client,42,527,0,MR,F,evaluation,0,0,0.30789363384246826,0,0.9230098724365234,False,"[0.334666, 0.168036, 0.340975, 0.065953, 0.090369]"
Chameleon,client,42,528,0,MR,F,evaluation,0,0,0.28005465865135193,0,0.9230098724365234,False,"[0.301445, 0.151998, 0.2634, 0.15216, 0.130998]"
Chameleon,client,42,545,0,MR,F,evaluation,3,0,0.2581160068511963,0,0.6903667449951172,True,"[0.325795, 0.242766, 0.204336, 0.09223, 0.134874]"
Chameleon,client,42,553,0,MR,F,evaluation,4,0,0.20736248791217804,0,0.8727429509162903,False,"[0.327184, 0.018154, 0.650701, 0.002164, 0.001797]"
Chameleon,client,42,559,0,MR,F,evaluation,1,0,0.5780340433120728,0,0.8939235210418701,False,"[0.298637, 0.170608, 0.277083, 0.127596, 0.126076]"
Chameleon,client,42,561,0,MR,F,evaluation,3,0,0.3239791989326477,0,0.6903667449951172,True,"[0.313797, 0.193206, 0.301025, 0.096023, 0.095948]"
Chameleon,client,42,562,0,MR,F,evaluation,0,0,0.2891038954257965,0,0.9230098724365234,False,"[0.313081, 0.159373, 0.300216, 0.114769, 0.112561]"
Chameleon,client,42,568,0,MR,F,evaluation,0,0,0.2775740623474121,0,0.9230098724365234,False,"[0.307099, 0.172271, 0.34614, 0.079083, 0.095407]"
Chameleon,client,42,575,0,MR,F,evaluation,4,0,0.15790732204914093,0,0.8727429509162903,False,"[0.35699, 0.120161, 0.291737, 0.102028, 0.129083]"
Chameleon,client,42,577,0,MR,F,evaluation,0,0,0.2008952498435974,0,0.9230098724365234,False,"[0.218948, 0.167068, 0.237294, 0.199131, 0.17756]"
Chameleon,client,42,590,0,MR,F,evaluation,4,0,0.12126699090003967,0,0.8727429509162903,False,"[0.40225, 0.135349, 0.274359, 0.1102, 0.077842]"
Chameleon,client,42,596,0,MR,F,evaluation,0,0,0.26486802101135254,0,0.9230098724365234,False,"[0.311727, 0.176255, 0.285162, 0.117971, 0.108885]"
Chameleon,client,42,598,0,MR,F,evaluation,3,0,0.4765991270542145,0,0.6903667449951172,True,"[0.400917, 0.103536, 0.294445, 0.127452, 0.073651]"
Chameleon,client,42,600,0,MR,F,evaluation,0,0,0.21917162835597992,0,0.9230098724365234,False,"[0.22355, 0.144044, 0.232073, 0.22682, 0.173513]"
Chameleon,client,42,607,0,MR,F,evaluation,4,0,0.079621821641922,0,0.8727429509162903,False,"[0.289445, 0.162932, 0.346641, 0.100503, 0.100479]"
Chameleon,client,42,616,0,MR,F,evaluation,0,0,0.22080868482589722,0,0.9230098724365234,False,"[0.253217, 0.162127, 0.190335, 0.219282, 0.175039]"
Chameleon,client,42,625,0,MR,F,evaluation,0,0,0.2504270374774933,0,0.9230098724365234,False,"[0.290055, 0.183057, 0.305126, 0.098595, 0.123166]"
Chameleon,client,42,631,0,MR,F,evaluation,2,0,0.2121700644493103,0,0.9081204533576965,False,"[0.494145, 0.133498, 0.199052, 0.113986, 0.05932]"
Chameleon,client,42,634,0,MR,F,evaluation,4,0,0.021506264805793762,0,0.8727429509162903,False,"[0.222342, 0.26827, 0.298115, 0.114814, 0.096459]"
Chameleon,client,42,635,0,MR,F,evaluation,0,0,0.2807307541370392,0,0.9230098724365234,False,"[0.314564, 0.167254, 0.325396, 0.101616, 0.091169]"
Chameleon,client,42,641,0,MR,F,evaluation,1,0,0.6522036194801331,0,0.8939235210418701,False,"[0.350303, 0.146674, 0.385336, 0.040013, 0.077673]"
Chameleon,client,42,644,0,MR,F,evaluation,3,0,0.46961209177970886,0,0.6903667449951172,True,"[0.182998, 0.029245, 0.345519, 0.036995, 0.405242]"
Chameleon,client,42,650,0,MR,F,evaluation,1,0,0.7735887765884399,0,0.8939235210418701,False,"[0.433915, 0.200557, 0.157743, 0.093624, 0.11416]"
Chameleon,client,42,654,0,MR,F,evaluation,3,0,0.325517863035202,0,0.6903667449951172,True,"[0.350103, 0.233828, 0.303548, 0.061289, 0.051233]"
Chameleon,client,42,656,0,MR,F,evaluation,1,0,0.5895839929580688,0,0.8939235210418701,False,"[0.321003, 0.112922, 0.487659, 0.047505, 0.030911]"
Chameleon,client,42,661,0,MR,F,evaluation,4,0,0.12401417642831802,0,0.8727429509162903,False,"[0.424527, 0.129209, 0.281892, 0.097207, 0.067165]"
Chameleon,client,42,664,0,MR,F,evaluation,0,0,0.2916019558906555,0,0.9230098724365234,False,"[0.301879, 0.161428, 0.382651, 0.064991, 0.08905]"
Chameleon,client,42,670,0,MR,F,evaluation,0,0,0.29244115948677063,0,0.9230098724365234,False,"[0.303223, 0.1425, 0.28279, 0.15041, 0.121077]"
Chameleon,client,42,678,0,MR,F,evaluation,4,0,0.1834639459848404,0,0.8727429509162903,False,"[0.296061, 0.027168, 0.669592, 0.004853, 0.002326]"
Chameleon,client,42,682,0,MR,F,evaluation,1,0,0.6055595278739929,0,0.8939235210418701,False,"[0.296118, 0.157461, 0.407805, 0.080755, 0.05786]"
Chameleon,client,42,684,0,MR,F,evaluation,0,0,0.2697460353374481,0,0.9230098724365234,False,"[0.293869, 0.152939, 0.274081, 0.157422, 0.12169]"
Chameleon,client,42,688,0,MR,F,evaluation,0,0,0.30889418721199036,0,0.9230098724365234,False,"[0.310075, 0.145395, 0.444137, 0.065846, 0.034547]"
Chameleon,client,42,689,0,MR,F,evaluation,2,0,0.3307361900806427,0,0.9081204533576965,False,"[0.366552, 0.139079, 0.324634, 0.093651, 0.076085]"
Chameleon,client,42,690,0,MR,F,evaluation,0,0,0.20662064850330353,0,0.9230098724365234,False,"[0.285524, 0.204886, 0.276291, 0.138007, 0.095293]"
Chameleon,client,42,712,0,MR,F,evaluation,1,0,0.6495940685272217,0,0.8939235210418701,False,"[0.350715, 0.137147, 0.42022, 0.031397, 0.060521]"
Chameleon,client,42,717,0,MR,F,evaluation,1,0,0.3837229609489441,0,0.8939235210418701,False,"[0.228867, 0.139238, 0.214995, 0.240111, 0.17679]"
Chameleon,client,42,718,0,MR,F,evaluation,0,0,0.1946226954460144,0,0.9230098724365234,False,"[0.209949, 0.164012, 0.222563, 0.218246, 0.185229]"
Chameleon,client,42,728,0,MR,F,evaluation,1,0,0.4066036641597748,0,0.8939235210418701,False,"[0.22768, 0.154434, 0.206113, 0.235716, 0.176057]"
Chameleon,client,42,734,0,MR,F,evaluation,3,0,0.3826046884059906,0,0.6903667449951172,True,"[0.342601, 0.151431, 0.375524, 0.046123, 0.084322]"
Chameleon,client,42,745,0,MR,F,evaluation,1,0,0.5895183086395264,0,0.8939235210418701,False,"[0.312436, 0.143645, 0.36297, 0.113351, 0.067598]"
Chameleon,client,42,746,0,MR,F,evaluation,0,0,0.3356436789035797,0,0.9230098724365234,False,"[0.371961, 0.166373, 0.332144, 0.064382, 0.06514]"
Chameleon,client,42,750,0,MR,F,evaluation,0,0,0.2716060280799866,0,0.9230098724365234,False,"[0.320101, 0.186735, 0.349552, 0.06326, 0.080352]"
Chameleon,client,42,752,0,MR,F,evaluation,0,0,0.3589683175086975,0,0.9230098724365234,False,"[0.313785, 0.116911, 0.398843, 0.077753, 0.092708]"
Chameleon,client,42,754,0,MR,F,evaluation,0,0,0.20490868389606476,0,0.9230098724365234,False,"[0.209652, 0.173377, 0.234514, 0.164411, 0.218046]"
Chameleon,client,42,759,0,MR,F,evaluation,3,0,0.34536051750183105,0,0.6903667449951172,True,"[0.271764, 0.183363, 0.426184, 0.043294, 0.075395]"
Chameleon,client,42,773,0,MR,F,evaluation,2,0,0.4059290885925293,0,0.9081204533576965,False,"[0.223629, 0.12054, 0.299392, 0.22588, 0.130559]"
Chameleon,client,42,787,0,MR,F,evaluation,4,0,0.22130480408668518,0,0.8727429509162903,False,"[0.385871, 0.04623, 0.481127, 0.030844, 0.055927]"
Chameleon,client,42,790,0,MR,F,evaluation,1,0,0.29387304186820984,0,0.8939235210418701,False,"[0.223356, 0.064581, 0.373635, 0.154734, 0.183695]"
Chameleon,client,42,791,0,MR,F,evaluation,0,0,0.3438011407852173,0,0.9230098724365234,False,"[0.395191, 0.184953, 0.320874, 0.028097, 0.070886]"
Chameleon,client,42,793,0,MR,F,evaluation,0,0,0.2716060280799866,0,0.9230098724365234,False,"[0.320101, 0.186735, 0.349552, 0.06326, 0.080352]"
Chameleon,client,42,795,0,MR,F,evaluation,1,0,0.6793454885482788,0,0.8939235210418701,False,"[0.345605, 0.168376, 0.350673, 0.0836, 0.051745]"
Chameleon,client,42,797,0,MR,F,evaluation,2,0,0.25185325741767883,0,0.9081204533576965,False,"[0.12762, 0.20081, 0.185232, 0.166254, 0.320084]"
Chameleon,client,42,799,0,MR,F,evaluation,1,0,0.6710563898086548,0,0.8939235210418701,False,"[0.348512, 0.157397, 0.386713, 0.042135, 0.065243]"
Chameleon,client,42,810,0,MR,F,evaluation,0,0,0.28831106424331665,0,0.9230098724365234,False,"[0.40978, 0.221331, 0.233687, 0.070549, 0.064652]"
Chameleon,client,42,815,0,MR,F,evaluation,3,0,0.24023139476776123,0,0.6903667449951172,True,"[0.122422, 0.425912, 0.167909, 0.165292, 0.118465]"
Chameleon,client,42,829,0,MR,F,evaluation,0,0,0.3174305558204651,0,0.9230098724365234,False,"[0.382032, 0.173235, 0.238565, 0.119286, 0.086882]"
Chameleon,client,42,830,0,MR,F,evaluation,2,0,0.21791212260723114,0,0.9081204533576965,False,"[0.191561, 0.198265, 0.189313, 0.09453, 0.326331]"
Chameleon,client,42,831,0,MR,F,evaluation,4,0,0.004043024033308029,0,0.8727429509162903,False,"[0.129352, 0.404862, 0.235092, 0.129848, 0.100845]"
Chameleon,client,42,834,0,MR,F,evaluation,0,0,0.32521212100982666,0,0.9230098724365234,False,"[0.35514, 0.162537, 0.326009, 0.077189, 0.079125]"
Chameleon,client,42,840,0,MR,F,evaluation,1,0,0.6116188764572144,0,0.8939235210418701,False,"[0.296646, 0.198542, 0.247483, 0.111567, 0.145761]"
Chameleon,client,42,847,0,MR,F,evaluation,0,0,0.28615719079971313,0,0.9230098724365234,False,"[0.312706, 0.164785, 0.366444, 0.082482, 0.073583]"
Chameleon,client,42,850,0,MR,F,evaluation,4,0,0.11232493072748184,0,0.8727429509162903,False,"[0.212844, 0.109023, 0.528957, 0.038948, 0.110228]"
Chameleon,client,42,852,0,MR,F,evaluation,0,0,0.2545284628868103,0,0.9230098724365234,False,"[0.303504, 0.171277, 0.259316, 0.152071, 0.113832]"
Chameleon,client,42,854,0,MR,F,evaluation,2,0,0.5122056603431702,0,0.9081204533576965,False,"[0.262355, 0.124142, 0.498374, 0.042047, 0.073083]"
Chameleon,client,42,857,0,MR,F,evaluation,2,0,0.29832151532173157,0,0.9081204533576965,False,"[0.390063, 0.16164, 0.308175, 0.082713, 0.057408]"
Chameleon,client,42,862,0,MR,F,evaluation,4,0,0.06765633821487427,0,0.8727429509162903,False,"[0.486405, 0.166024, 0.276417, 0.026177, 0.044977]"
Chameleon,client,42,869,0,MR,F,evaluation,1,0,0.8367291688919067,0,0.8939235210418701,False,"[0.496391, 0.18026, 0.245209, 0.027842, 0.050298]"
Chameleon,client,42,871,0,MR,F,evaluation,0,0,0.1503731906414032,0,0.9230098724365234,False,"[0.285405, 0.261601, 0.218711, 0.149694, 0.084589]"
Chameleon,client,42,873,0,MR,F,evaluation,1,0,0.8251256942749023,0,0.8939235210418701,False,"[0.478224, 0.18407, 0.251006, 0.02931, 0.05739]"
Chameleon,client,42,874,0,MR,F,evaluation,4,0,0.0017287401715293527,0,0.8727429509162903,False,"[0.096762, 0.48024, 0.181025, 0.133924, 0.108049]"
Chameleon,client,42,879,0,MR,F,evaluation,1,0,0.6978523135185242,0,0.8939235210418701,False,"[0.382032, 0.173235, 0.238565, 0.119286, 0.086882]"
Chameleon,client,42,882,0,MR,F,evaluation,4,0,0.03841662034392357,0,0.8727429509162903,False,"[0.129022, 0.208118, 0.447192, 0.111621, 0.104047]"
Chameleon,client,42,883,0,MR,F,evaluation,1,0,0.8298894166946411,0,0.8939235210418701,False,"[0.454345, 0.221693, 0.196403, 0.037922, 0.089638]"
Chameleon,client,42,455,0,MR,H,evaluation,3,0,0.4326947033405304,0,0.6903667449951172,True,"[0.174027, 0.047954, 0.277207, 0.062437, 0.438374]"
Chameleon,client,42,471,0,MR,H,evaluation,0,0,0.11596029251813889,0,0.9230098724365234,False,"[0.254684, 0.30557, 0.238709, 0.10576, 0.095277]"
Chameleon,client,42,473,0,MR,H,evaluation,0,0,0.256296843290329,0,0.9230098724365234,False,"[0.307573, 0.182163, 0.280946, 0.115757, 0.113561]"
Chameleon,client,42,475,0,MR,H,evaluation,2,0,0.25248995423316956,0,0.9081204533576965,False,"[0.202912, 0.167396, 0.215031, 0.110422, 0.304239]"
Chameleon,client,42,480,0,MR,H,evaluation,4,0,0.084588922560215,0,0.8727429509162903,False,"[0.334537, 0.163562, 0.30133, 0.100864, 0.099706]"
Chameleon,client,42,487,0,MR,H,evaluation,0,0,0.20586010813713074,0,0.9230098724365234,False,"[0.228914, 0.160406, 0.197858, 0.229815, 0.183007]"
Chameleon,client,42,489,0,MR,H,evaluation,2,0,0.24319908022880554,0,0.9081204533576965,False,"[0.308787, 0.246181, 0.251533, 0.101716, 0.091781]"
Chameleon,client,42,511,0,MR,H,evaluation,0,0,0.33623385429382324,0,0.9230098724365234,False,"[0.349281, 0.14525, 0.322142, 0.100854, 0.082473]"
Chameleon,client,42,514,0,MR,H,evaluation,3,0,0.3367919623851776,0,0.6903667449951172,True,"[0.303584, 0.156328, 0.295616, 0.10118, 0.143292]"
Chameleon,client,42,520,0,MR,H,evaluation,0,0,0.3102067708969116,0,0.9230098724365234,False,"[0.265447, 0.128877, 0.457902, 0.057547, 0.090227]"
Chameleon,client,42,521,0,MR,H,evaluation,2,0,0.2657167613506317,0,0.9081204533576965,False,"[0.31585, 0.207555, 0.272064, 0.08985, 0.114681]"
Chameleon,client,42,523,0,MR,H,evaluation,0,0,0.2553042471408844,0,0.9230098724365234,False,"[0.305696, 0.181936, 0.282437, 0.11588, 0.11405]"
Chameleon,client,42,535,0,MR,H,evaluation,3,0,0.41782963275909424,0,0.6903667449951172,True,"[0.258979, 0.124981, 0.452596, 0.072567, 0.090877]"
Chameleon,client,42,539,0,MR,H,evaluation,2,0,0.3815857172012329,0,0.9081204533576965,False,"[0.347261, 0.135698, 0.382254, 0.069158, 0.065629]"
Chameleon,client,42,551,0,MR,H,evaluation,0,0,0.2633405923843384,0,0.9230098724365234,False,"[0.27999, 0.155345, 0.286425, 0.144618, 0.133622]"
Chameleon,client,42,554,0,MR,H,evaluation,2,0,0.252456396818161,0,0.9081204533576965,False,"[0.492948, 0.12084, 0.264883, 0.073273, 0.048055]"
Chameleon,client,42,578,0,MR,H,evaluation,0,0,0.27451640367507935,0,0.9230098724365234,False,"[0.311381, 0.165923, 0.266923, 0.133667, 0.122106]"
Chameleon,client,42,579,0,MR,H,evaluation,0,0,0.33261582255363464,0,0.9230098724365234,False,"[0.367142, 0.175343, 0.35864, 0.03108, 0.067795]"
Chameleon,client,42,586,0,MR,H,evaluation,3,0,0.3293524384498596,0,0.6903667449951172,True,"[0.270233, 0.162814, 0.323349, 0.104371, 0.139233]"
Chameleon,client,42,589,0,MR,H,evaluation,4,0,0.029094044119119644,0,0.8727429509162903,False,"[0.17661, 0.286923, 0.165072, 0.167473, 0.203922]"
Chameleon,client,42,593,0,MR,H,evaluation,0,0,0.24812307953834534,0,0.9230098724365234,False,"[0.308321, 0.195747, 0.303034, 0.088272, 0.104626]"
Chameleon,client,42,621,0,MR,H,evaluation,0,0,0.2531128525733948,0,0.9230098724365234,False,"[0.27738, 0.171173, 0.194372, 0.151531, 0.205544]"
Chameleon,client,42,667,0,MR,H,evaluation,3,0,0.3567129373550415,0,0.6903667449951172,True,"[0.301703, 0.164626, 0.306958, 0.127794, 0.098918]"
Chameleon,client,42,680,0,MR,H,evaluation,0,0,0.29681023955345154,0,0.9230098724365234,False,"[0.329571, 0.165215, 0.3511, 0.084603, 0.069512]"
Chameleon,client,42,693,0,MR,H,evaluation,1,0,0.49789467453956604,0,0.8939235210418701,False,"[0.278653, 0.128727, 0.372976, 0.090514, 0.12913]"
Chameleon,client,42,694,0,MR,H,evaluation,2,0,0.3827030658721924,0,0.9081204533576965,False,"[0.320849, 0.151868, 0.369647, 0.098363, 0.059273]"
Chameleon,client,42,705,0,MR,H,evaluation,2,0,0.2798009514808655,0,0.9081204533576965,False,"[0.278216, 0.18487, 0.263798, 0.110369, 0.162747]"
Chameleon,client,42,769,0,MR,H,evaluation,1,0,0.6314942240715027,0,0.8939235210418701,False,"[0.312457, 0.172044, 0.342936, 0.093241, 0.079322]"
Chameleon,client,42,771,0,MR,H,evaluation,0,0,0.30822834372520447,0,0.9230098724365234,False,"[0.362551, 0.175798, 0.330152, 0.076742, 0.054757]"
Chameleon,client,42,774,0,MR,H,evaluation,0,0,0.30403611063957214,0,0.9230098724365234,False,"[0.365899, 0.185543, 0.302064, 0.070687, 0.075807]"
Chameleon,client,42,776,0,MR,H,evaluation,2,0,0.3769267499446869,0,0.9081204533576965,False,"[0.342421, 0.153178, 0.393699, 0.048004, 0.062698]"
Chameleon,client,42,778,0,MR,H,evaluation,4,0,0.23196759819984436,0,0.8727429509162903,False,"[0.45682, 0.048481, 0.410905, 0.049535, 0.034259]"
Chameleon,client,42,826,0,MR,H,evaluation,1,0,0.6681719422340393,0,0.8939235210418701,False,"[0.337407, 0.172009, 0.338155, 0.087916, 0.064512]"
Chameleon,client,42,835,0,MR,H,evaluation,1,0,0.7844768762588501,0,0.8939235210418701,False,"[0.444005, 0.166227, 0.311599, 0.030392, 0.047777]"
Chameleon,client,42,836,0,MR,H,evaluation,0,0,0.29681023955345154,0,0.9230098724365234,False,"[0.329571, 0.165215, 0.3511, 0.084603, 0.069512]"
Chameleon,client,42,841,0,MR,H,evaluation,0,0,0.3356436789035797,0,0.9230098724365234,False,"[0.371961, 0.166373, 0.332144, 0.064382, 0.06514]"
Chameleon,client,42,864,0,MR,H,evaluation,4,0,0.07005501538515091,0,0.8727429509162903,False,"[0.284438, 0.200278, 0.222967, 0.15628, 0.136037]"
Chameleon,client,42,866,0,MR,H,evaluation,0,0,0.2833774983882904,0,0.9230098724365234,False,"[0.349432, 0.18418, 0.303848, 0.094068, 0.068472]"
Chameleon,client,42,870,0,MR,H,evaluation,3,0,0.25728273391723633,0,0.6903667449951172,True,"[0.216942, 0.205635, 0.22702, 0.170058, 0.180344]"
