dataset,scenario,seed,global_node_id,client_id,stage,subset,pool_role,true_class,membership_label,mia_score,decision,threshold,fallback_status,local_degree,local_label_agreement,correct_prediction,prob_vector
Chameleon,client,99,438,0,M0,attack_member,evaluation,0,1,0.49201297760009766,0,0.6727619171142578,True,6,0.3333333333333333,0,"[0.326027, 0.112841, 0.353426, 0.112331, 0.095376]"
Chameleon,client,99,467,0,M0,attack_member,evaluation,2,1,0.4181293845176697,0,0.6727619171142578,True,4,0.25,0,"[0.001595, 0.001353, 0.206145, 0.401062, 0.389846]"
Chameleon,client,99,473,0,M0,attack_member,evaluation,0,1,0.40748414397239685,0,0.6727619171142578,True,5,0.0,1,"[0.363624, 0.215189, 0.172933, 0.13351, 0.114744]"
Chameleon,client,99,490,0,M0,attack_member,evaluation,0,1,0.5090184211730957,0,0.6727619171142578,True,4,0.75,1,"[0.563834, 0.216142, 0.167541, 0.022459, 0.030024]"
Chameleon,client,99,500,0,M0,attack_member,evaluation,3,1,0.43711334466934204,0,0.6727619171142578,True,7,0.42857142857142855,1,"[0.026141, 0.008608, 0.099651, 0.561637, 0.303963]"
Chameleon,client,99,521,0,M0,attack_member,evaluation,2,1,0.3884240686893463,0,0.6727619171142578,True,3,0.0,1,"[0.148182, 0.190602, 0.316151, 0.169302, 0.175762]"
Chameleon,client,99,535,0,M0,attack_member,evaluation,3,1,0.46918705105781555,0,0.6727619171142578,True,4,0.25,0,"[0.309163, 0.230469, 0.198027, 0.165076, 0.097265]"
Chameleon,client,99,562,0,M0,attack_member,evaluation,0,1,0.37966614961624146,0,0.6727619171142578,True,6,0.0,1,"[0.522387, 0.134703, 0.136031, 0.099941, 0.106938]"
Chameleon,client,99,568,0,M0,attack_member,evaluation,0,1,0.3737761080265045,0,0.6727619171142578,True,5,0.0,1,"[0.381221, 0.214192, 0.145758, 0.13076, 0.128069]"
Chameleon,client,99,584,0,M0,attack_member,evaluation,2,1,0.6384058594703674,0,0.6727619171142578,True,0,,1,"[0.095458, 0.119762, 0.611088, 0.101122, 0.07257]"
Chameleon,client,99,593,0,M0,attack_member,evaluation,0,1,0.38441023230552673,0,0.6727619171142578,True,4,0.0,1,"[0.490503, 0.185674, 0.123728, 0.096809, 0.103286]"
Chameleon,client,99,604,0,M0,attack_member,evaluation,1,1,0.3680945932865143,0,0.6727619171142578,True,3,0.0,0,"[0.197234, 0.168111, 0.220414, 0.22719, 0.187051]"
Chameleon,client,99,612,0,M0,attack_member,evaluation,3,1,0.433485746383667,0,0.6727619171142578,True,2,0.0,0,"[0.313117, 0.220888, 0.196764, 0.156367, 0.112863]"
Chameleon,client,99,621,0,M0,attack_member,evaluation,0,1,0.35696545243263245,0,0.6727619171142578,True,2,0.0,1,"[0.692654, 0.047053, 0.114936, 0.046174, 0.099183]"
Chameleon,client,99,639,0,M0,attack_member,evaluation,4,1,0.3035154342651367,0,0.6727619171142578,True,1,1.0,1,"[0.37365, 0.042299, 0.029914, 0.048657, 0.505479]"
Chameleon,client,99,673,0,M0,attack_member,evaluation,4,1,0.4556211531162262,0,0.6727619171142578,True,2,1.0,1,"[0.10296, 0.018475, 0.085551, 0.065218, 0.727796]"
Chameleon,client,99,678,0,M0,attack_member,evaluation,4,1,0.44738054275512695,0,0.6727619171142578,True,53,0.03773584905660377,0,"[0.960687, 0.015017, 0.00941, 0.000848, 0.014038]"
Chameleon,client,99,746,0,M0,attack_member,evaluation,0,1,0.431240975856781,0,0.6727619171142578,True,2,0.0,1,"[0.64705, 0.196772, 0.068668, 0.036734, 0.050775]"
Chameleon,client,99,753,0,M0,attack_member,evaluation,0,1,0.3922084867954254,0,0.6727619171142578,True,2,0.0,1,"[0.62272, 0.178524, 0.077686, 0.046933, 0.074137]"
Chameleon,client,99,795,0,M0,attack_member,evaluation,1,1,0.3938952684402466,0,0.6727619171142578,True,2,0.5,0,"[0.594251, 0.202684, 0.089384, 0.038226, 0.075456]"
Chameleon,client,99,796,0,M0,attack_member,evaluation,0,1,0.3304857909679413,0,0.6727619171142578,True,1,0.0,1,"[0.756251, 0.047515, 0.071105, 0.023882, 0.101247]"
Chameleon,client,99,831,0,M0,attack_member,evaluation,4,1,0.5164151787757874,0,0.6727619171142578,True,3,1.0,1,"[0.002548, 0.001114, 0.115105, 0.067363, 0.81387]"
Chameleon,client,99,833,0,M0,attack_member,evaluation,0,1,0.48597583174705505,0,0.6727619171142578,True,0,,1,"[0.655216, 0.119109, 0.109838, 0.079689, 0.036149]"
Chameleon,client,99,841,0,M0,attack_member,evaluation,0,1,0.431240975856781,0,0.6727619171142578,True,2,0.0,1,"[0.64705, 0.196772, 0.068668, 0.036734, 0.050775]"
Chameleon,client,99,864,0,M0,attack_member,evaluation,4,1,0.30873385071754456,0,0.6727619171142578,True,2,0.0,0,"[0.697265, 0.014982, 0.02899, 0.114051, 0.144712]"
Chameleon,client,99,879,0,M0,attack_member,evaluation,1,1,0.45546191930770874,0,0.6727619171142578,True,0,,0,"[0.322465, 0.231778, 0.212013, 0.134675, 0.099069]"
Chameleon,client,99,883,0,M0,attack_member,evaluation,1,1,0.5500785112380981,0,0.6727619171142578,True,0,,1,"[0.388893, 0.409778, 0.071685, 0.089388, 0.040256]"
Chameleon,client,99,30,1,M0,attack_member,evaluation,0,1,0.5279579758644104,0,0.6727619171142578,True,2,0.0,1,"[0.343739, 0.205824, 0.254959, 0.129015, 0.066463]"
Chameleon,client,99,47,1,M0,attack_member,evaluation,2,1,0.8053460717201233,1,0.6727619171142578,True,0,,1,"[0.020506, 0.006423, 0.934634, 0.031042, 0.007394]"
Chameleon,client,99,59,1,M0,attack_member,evaluation,0,1,0.4596334993839264,0,0.6727619171142578,True,2,1.0,1,"[0.317911, 0.217724, 0.218757, 0.14562, 0.099988]"
Chameleon,client,99,61,1,M0,attack_member,evaluation,0,1,0.4686269760131836,0,0.6727619171142578,True,2,0.5,1,"[0.299167, 0.19519, 0.228134, 0.174021, 0.103489]"
Chameleon,client,99,77,1,M0,attack_member,evaluation,0,1,0.4231930673122406,0,0.6727619171142578,True,3,0.6666666666666666,1,"[0.541749, 0.134534, 0.114647, 0.125413, 0.083657]"
Chameleon,client,99,83,1,M0,attack_member,evaluation,0,1,0.4596334993839264,0,0.6727619171142578,True,2,1.0,1,"[0.317911, 0.217724, 0.218757, 0.14562, 0.099988]"
Chameleon,client,99,132,1,M0,attack_member,evaluation,0,1,0.4905259907245636,0,0.6727619171142578,True,2,1.0,1,"[0.372279, 0.233985, 0.207177, 0.112733, 0.073826]"
Chameleon,client,99,145,1,M0,attack_member,evaluation,0,1,0.31549161672592163,0,0.6727619171142578,True,2,0.0,0,"[0.16586, 0.23146, 0.134059, 0.247196, 0.221425]"
Chameleon,client,99,153,1,M0,attack_member,evaluation,4,1,0.32670003175735474,0,0.6727619171142578,True,9,0.1111111111111111,0,"[0.002641, 0.1666, 0.039589, 0.425545, 0.365626]"
Chameleon,client,99,186,1,M0,attack_member,evaluation,0,1,0.4559469223022461,0,0.6727619171142578,True,1,1.0,1,"[0.72633, 0.086854, 0.078603, 0.067711, 0.040501]"
Chameleon,client,99,189,1,M0,attack_member,evaluation,4,1,0.5713127255439758,0,0.6727619171142578,True,0,,1,"[3e-06, 0.000291, 1.6e-05, 0.007729, 0.991961]"
Chameleon,client,99,195,1,M0,attack_member,evaluation,1,1,0.5678861737251282,0,0.6727619171142578,True,1,0.0,0,"[0.253546, 0.257677, 0.264931, 0.160283, 0.063563]"
Chameleon,client,99,282,1,M0,attack_member,evaluation,1,1,0.45546191930770874,0,0.6727619171142578,True,0,,0,"[0.322465, 0.231778, 0.212013, 0.134675, 0.099069]"
Chameleon,client,99,311,1,M0,attack_member,evaluation,0,1,0.5584031343460083,0,0.6727619171142578,True,1,0.0,0,"[0.302493, 0.189752, 0.308715, 0.136037, 0.063003]"
Chameleon,client,99,315,1,M0,attack_member,evaluation,1,1,0.6872817277908325,1,0.6727619171142578,True,0,,1,"[0.043508, 0.644889, 0.141583, 0.120742, 0.049278]"
Chameleon,client,99,336,1,M0,attack_member,evaluation,0,1,0.45546191930770874,0,0.6727619171142578,True,0,,1,"[0.322465, 0.231778, 0.212013, 0.134675, 0.099069]"
Chameleon,client,99,350,1,M0,attack_member,evaluation,0,1,0.3858358561992645,0,0.6727619171142578,True,1,0.0,1,"[0.690057, 0.055164, 0.104162, 0.06678, 0.083837]"
Chameleon,client,99,386,1,M0,attack_member,evaluation,2,1,0.7018065452575684,1,0.6727619171142578,True,2,0.0,1,"[0.165137, 0.207595, 0.5047, 0.103924, 0.018645]"
Chameleon,client,99,396,1,M0,attack_member,evaluation,0,1,0.3869282901287079,0,0.6727619171142578,True,0,,1,"[0.844219, 0.03586, 0.032652, 0.029409, 0.05786]"
Chameleon,client,99,432,1,M0,attack_member,evaluation,2,1,0.5386508107185364,0,0.6727619171142578,True,0,,0,"[0.469707, 0.102695, 0.266803, 0.111112, 0.049683]"
Chameleon,client,99,435,1,M0,attack_member,evaluation,1,1,0.5193408727645874,0,0.6727619171142578,True,0,,0,"[0.346887, 0.261757, 0.203774, 0.122569, 0.065014]"
Chameleon,client,99,362,1,M0,attack_member,evaluation,2,1,0.7062273621559143,1,0.6727619171142578,True,6,0.3333333333333333,1,"[0.197479, 0.187664, 0.419289, 0.179351, 0.016217]"
Chameleon,client,99,677,1,M0,attack_member,evaluation,1,1,0.7272875905036926,1,0.6727619171142578,True,3,0.0,0,"[0.171992, 0.164128, 0.427483, 0.221867, 0.01453]"
Chameleon,client,99,802,1,M0,attack_member,evaluation,3,1,0.805971622467041,1,0.6727619171142578,True,1,0.0,1,"[0.001605, 0.014478, 0.147805, 0.779716, 0.056396]"
Chameleon,client,99,804,1,M0,attack_member,evaluation,3,1,0.7844920754432678,1,0.6727619171142578,True,0,,0,"[0.161756, 0.057208, 0.403062, 0.371559, 0.006416]"
Chameleon,client,99,859,1,M0,attack_member,evaluation,2,1,0.6972313523292542,1,0.6727619171142578,True,0,,1,"[0.008891, 0.059932, 0.467712, 0.377413, 0.086052]"
Chameleon,client,99,53,2,M0,attack_member,evaluation,1,1,0.20534908771514893,0,0.6727619171142578,True,4,0.0,1,"[0.008305, 0.450397, 0.002393, 0.164145, 0.374759]"
Chameleon,client,99,85,2,M0,attack_member,evaluation,1,1,0.3618045151233673,0,0.6727619171142578,True,3,0.6666666666666666,1,"[0.160748, 0.606433, 0.032356, 0.037773, 0.16269]"
Chameleon,client,99,90,2,M0,attack_member,evaluation,2,1,0.394522100687027,0,0.6727619171142578,True,10,0.2,0,"[0.570823, 0.176026, 0.125919, 0.045021, 0.08221]"
Chameleon,client,99,151,2,M0,attack_member,evaluation,3,1,0.38728204369544983,0,0.6727619171142578,True,1,0.0,1,"[0.004522, 0.112778, 0.000149, 0.57909, 0.303461]"
Chameleon,client,99,154,2,M0,attack_member,evaluation,0,1,0.38585516810417175,0,0.6727619171142578,True,3,0.3333333333333333,1,"[0.375591, 0.1309, 0.196701, 0.158837, 0.137971]"
Chameleon,client,99,191,2,M0,attack_member,evaluation,2,1,0.28797805309295654,0,0.6727619171142578,True,1,0.0,0,"[0.173336, 0.123733, 0.179704, 0.168939, 0.354288]"
Chameleon,client,99,236,2,M0,attack_member,evaluation,4,1,0.5718400478363037,0,0.6727619171142578,True,0,,1,"[0.001849, 0.000713, 6.7e-05, 0.000356, 0.997015]"
Chameleon,client,99,417,2,M0,attack_member,evaluation,1,1,0.530523419380188,0,0.6727619171142578,True,5,0.4,0,"[0.259868, 0.230943, 0.364639, 0.069096, 0.075454]"
Chameleon,client,99,439,2,M0,attack_member,evaluation,4,1,0.5731931924819946,0,0.6727619171142578,True,1,1.0,1,"[0.000261, 3.5e-05, 3e-06, 4.6e-05, 0.999655]"
Chameleon,client,99,457,2,M0,attack_member,evaluation,4,1,0.23569145798683167,0,0.6727619171142578,True,0,,1,"[0.019368, 0.305169, 0.15287, 0.118682, 0.403911]"
Chameleon,client,99,531,2,M0,attack_member,evaluation,4,1,0.5732539296150208,0,0.6727619171142578,True,0,,1,"[9.7e-05, 5.4e-05, 6e-06, 5.8e-05, 0.999785]"
Chameleon,client,99,537,2,M0,attack_member,evaluation,4,1,0.5725052356719971,0,0.6727619171142578,True,3,0.6666666666666666,1,"[0.000559, 2.9e-05, 1.3e-05, 0.002371, 0.997029]"
Chameleon,client,99,597,2,M0,attack_member,evaluation,0,1,0.4369896352291107,0,0.6727619171142578,True,1,1.0,1,"[0.835645, 0.066102, 0.051808, 0.015243, 0.031203]"
Chameleon,client,99,605,2,M0,attack_member,evaluation,1,1,0.40606197714805603,0,0.6727619171142578,True,5,0.0,0,"[0.521866, 0.229586, 0.128089, 0.040145, 0.080314]"
Chameleon,client,99,660,2,M0,attack_member,evaluation,0,1,0.43400198221206665,0,0.6727619171142578,True,0,,1,"[0.786464, 0.088161, 0.065983, 0.021691, 0.0377]"
Chameleon,client,99,672,2,M0,attack_member,evaluation,4,1,0.49050235748291016,0,0.6727619171142578,True,0,,1,"[0.006359, 0.003264, 0.003634, 0.293522, 0.693221]"
Chameleon,client,99,710,2,M0,attack_member,evaluation,2,1,0.8138613104820251,1,0.6727619171142578,True,0,,1,"[0.02215, 0.011792, 0.778311, 0.178606, 0.009141]"
Chameleon,client,99,730,2,M0,attack_member,evaluation,3,1,0.426555871963501,0,0.6727619171142578,True,5,0.4,0,"[0.516881, 0.244561, 0.128556, 0.038869, 0.071133]"
Chameleon,client,99,731,2,M0,attack_member,evaluation,0,1,0.24811261892318726,0,0.6727619171142578,True,2,0.0,1,"[0.690549, 0.100253, 0.031926, 0.01185, 0.165422]"
Chameleon,client,99,735,2,M0,attack_member,evaluation,3,1,0.45546191930770874,0,0.6727619171142578,True,0,,0,"[0.322465, 0.231778, 0.212013, 0.134675, 0.099069]"
Chameleon,client,99,738,2,M0,attack_member,evaluation,1,1,0.5438897609710693,0,0.6727619171142578,True,1,1.0,1,"[0.133644, 0.711219, 0.034539, 0.020925, 0.099673]"
Chameleon,client,99,741,2,M0,attack_member,evaluation,0,1,0.38687393069267273,0,0.6727619171142578,True,2,0.0,1,"[0.437241, 0.269922, 0.144794, 0.046668, 0.101375]"
Chameleon,client,99,770,2,M0,attack_member,evaluation,2,1,0.5629456043243408,0,0.6727619171142578,True,0,,1,"[0.314322, 0.02771, 0.374775, 0.198187, 0.085005]"
Chameleon,client,99,502,2,M0,attack_member,evaluation,3,1,0.45461249351501465,0,0.6727619171142578,True,1,1.0,1,"[0.006133, 0.002291, 0.001142, 0.67703, 0.313404]"
Chameleon,client,99,723,2,M0,attack_member,evaluation,1,1,0.32969358563423157,0,0.6727619171142578,True,2,0.0,1,"[0.010759, 0.628121, 0.151825, 0.003758, 0.205538]"
Chameleon,client,99,779,2,M0,attack_member,evaluation,4,1,0.2814585566520691,0,0.6727619171142578,True,1,0.0,0,"[0.011184, 0.591612, 0.159289, 0.004029, 0.233887]"
Chameleon,client,99,60,3,M0,attack_member,evaluation,0,1,0.4367184042930603,0,0.6727619171142578,True,73,0.0136986301369863,0,"[0.037584, 0.016774, 0.451666, 0.255559, 0.238417]"
Chameleon,client,99,131,3,M0,attack_member,evaluation,2,1,0.4175300598144531,0,0.6727619171142578,True,54,0.3333333333333333,1,"[0.027573, 0.015097, 0.416246, 0.269799, 0.271285]"
Chameleon,client,99,187,3,M0,attack_member,evaluation,3,1,0.42368894815444946,0,0.6727619171142578,True,59,0.1864406779661017,0,"[0.032259, 0.01536, 0.343672, 0.337506, 0.271203]"
Chameleon,client,99,190,3,M0,attack_member,evaluation,4,1,0.3954601287841797,0,0.6727619171142578,True,64,0.265625,1,"[0.021997, 0.019883, 0.240748, 0.301614, 0.415759]"
Chameleon,client,99,287,3,M0,attack_member,evaluation,2,1,0.407761812210083,0,0.6727619171142578,True,39,0.3076923076923077,0,"[0.012961, 0.014316, 0.298647, 0.170773, 0.503303]"
Chameleon,client,99,313,3,M0,attack_member,evaluation,3,1,0.4306753873825073,0,0.6727619171142578,True,50,0.22,0,"[0.032038, 0.017555, 0.425349, 0.275298, 0.249761]"
Chameleon,client,99,321,3,M0,attack_member,evaluation,1,1,0.4119263291358948,0,0.6727619171142578,True,44,0.06818181818181818,0,"[0.027933, 0.016664, 0.392866, 0.280875, 0.281662]"
Chameleon,client,99,340,3,M0,attack_member,evaluation,3,1,0.4040071964263916,0,0.6727619171142578,True,8,0.375,1,"[0.026, 0.053192, 0.087113, 0.519482, 0.314213]"
Chameleon,client,99,345,3,M0,attack_member,evaluation,2,1,0.6044942736625671,0,0.6727619171142578,True,10,0.0,0,"[0.007235, 0.008547, 0.207069, 0.617134, 0.160015]"
Chameleon,client,99,394,3,M0,attack_member,evaluation,3,1,0.7029665112495422,1,0.6727619171142578,True,1,0.0,1,"[0.040828, 0.046554, 0.11045, 0.702932, 0.099235]"
Chameleon,client,99,499,3,M0,attack_member,evaluation,1,1,0.49422702193260193,0,0.6727619171142578,True,0,,1,"[0.190794, 0.522719, 0.060067, 0.12534, 0.10108]"
Chameleon,client,99,501,3,M0,attack_member,evaluation,3,1,0.4038519859313965,0,0.6727619171142578,True,32,0.15625,0,"[0.021999, 0.018457, 0.43498, 0.235305, 0.289259]"
Chameleon,client,99,503,3,M0,attack_member,evaluation,2,1,0.3886606693267822,0,0.6727619171142578,True,34,0.29411764705882354,1,"[0.021645, 0.019688, 0.357857, 0.250267, 0.350542]"
Chameleon,client,99,504,3,M0,attack_member,evaluation,4,1,0.46783286333084106,0,0.6727619171142578,True,44,0.4090909090909091,1,"[0.002723, 0.009848, 0.101647, 0.234071, 0.651711]"
Chameleon,client,99,547,3,M0,attack_member,evaluation,1,1,0.39611291885375977,0,0.6727619171142578,True,26,0.0,0,"[0.020293, 0.019084, 0.421695, 0.230977, 0.307951]"
Chameleon,client,99,707,3,M0,attack_member,evaluation,4,1,0.49291205406188965,0,0.6727619171142578,True,6,0.3333333333333333,1,"[0.000331, 0.003517, 0.037531, 0.251781, 0.70684]"
Chameleon,client,99,725,3,M0,attack_member,evaluation,4,1,0.5593582391738892,0,0.6727619171142578,True,13,0.46153846153846156,1,"[5.4e-05, 0.001122, 0.013731, 0.03692, 0.948173]"
Chameleon,client,99,747,3,M0,attack_member,evaluation,3,1,0.47400906682014465,0,0.6727619171142578,True,8,0.375,0,"[0.000196, 0.002273, 0.032498, 0.333247, 0.631786]"
Chameleon,client,99,794,3,M0,attack_member,evaluation,2,1,0.4884805381298065,0,0.6727619171142578,True,7,0.2857142857142857,0,"[0.005642, 0.007463, 0.269983, 0.487021, 0.229891]"
Chameleon,client,99,811,3,M0,attack_member,evaluation,3,1,0.8664780259132385,1,0.6727619171142578,True,1,0.0,1,"[0.00104, 0.000211, 0.157708, 0.829434, 0.011607]"
Chameleon,client,99,872,3,M0,attack_member,evaluation,3,1,0.5585904717445374,0,0.6727619171142578,True,0,,0,"[8e-06, 0.00026, 0.003045, 0.05671, 0.939978]"
Chameleon,client,99,471,0,M0,attack_nonmember,evaluation,0,0,0.23758040368556976,0,0.6727619171142578,True,1,0.0,0,"[0.118649, 0.243469, 0.180748, 0.072831, 0.384303]"
Chameleon,client,99,536,0,M0,attack_nonmember,evaluation,2,0,0.36628323793411255,0,0.6727619171142578,True,6,0.16666666666666666,0,"[0.717552, 0.014413, 0.070925, 0.097591, 0.09952]"
Chameleon,client,99,538,0,M0,attack_nonmember,evaluation,3,0,0.448740690946579,0,0.6727619171142578,True,2,0.0,0,"[0.232794, 0.159407, 0.282379, 0.19353, 0.131891]"
Chameleon,client,99,553,0,M0,attack_nonmember,evaluation,4,0,0.4341413378715515,0,0.6727619171142578,True,76,0.07894736842105263,0,"[0.942014, 0.019061, 0.015664, 0.001279, 0.021983]"
Chameleon,client,99,579,0,M0,attack_nonmember,evaluation,0,0,0.3543734550476074,0,0.6727619171142578,True,8,0.5,1,"[0.717905, 0.093197, 0.062237, 0.039606, 0.087056]"
Chameleon,client,99,631,0,M0,attack_nonmember,evaluation,2,0,0.473683625459671,0,0.6727619171142578,True,2,0.0,1,"[0.257063, 0.069307, 0.378929, 0.165355, 0.129346]"
Chameleon,client,99,693,0,M0,attack_nonmember,evaluation,1,0,0.43858325481414795,0,0.6727619171142578,True,2,0.0,0,"[0.286173, 0.162328, 0.219497, 0.205699, 0.126303]"
Chameleon,client,99,717,0,M0,attack_nonmember,evaluation,1,0,0.3415817320346832,0,0.6727619171142578,True,1,0.0,0,"[0.738953, 0.063663, 0.067849, 0.034267, 0.095267]"
Chameleon,client,99,752,0,M0,attack_nonmember,evaluation,0,0,0.3478614091873169,0,0.6727619171142578,True,0,,1,"[0.272382, 0.140148, 0.200486, 0.198646, 0.188338]"
Chameleon,client,99,754,0,M0,attack_nonmember,evaluation,0,0,0.4645627439022064,0,0.6727619171142578,True,0,,1,"[0.276253, 0.194863, 0.23103, 0.187392, 0.110462]"
Chameleon,client,99,874,0,M0,attack_nonmember,evaluation,4,0,0.4191976487636566,0,0.6727619171142578,True,0,,1,"[9.7e-05, 0.000117, 0.238388, 0.305973, 0.455424]"
Chameleon,client,99,18,1,M0,attack_nonmember,evaluation,3,0,0.5779497027397156,0,0.6727619171142578,True,0,,0,"[0.350085, 0.121347, 0.236846, 0.232709, 0.059014]"
Chameleon,client,99,54,1,M0,attack_nonmember,evaluation,0,0,0.5379600524902344,0,0.6727619171142578,True,0,,1,"[0.44351, 0.178714, 0.169633, 0.159607, 0.048537]"
Chameleon,client,99,280,1,M0,attack_nonmember,evaluation,0,0,0.7113456130027771,1,0.6727619171142578,True,1,0.0,0,"[0.039219, 0.680405, 0.13307, 0.108464, 0.038842]"
Chameleon,client,99,291,1,M0,attack_nonmember,evaluation,0,0,0.5490837097167969,0,0.6727619171142578,True,0,,1,"[0.445525, 0.137169, 0.159715, 0.207054, 0.050537]"
Chameleon,client,99,375,1,M0,attack_nonmember,evaluation,1,0,0.43295496702194214,0,0.6727619171142578,True,1,0.0,0,"[0.894867, 0.032219, 0.041289, 0.003763, 0.027862]"
Chameleon,client,99,387,1,M0,attack_nonmember,evaluation,3,0,0.6975094079971313,1,0.6727619171142578,True,0,,0,"[0.128312, 0.228206, 0.462404, 0.152468, 0.028609]"
Chameleon,client,99,399,1,M0,attack_nonmember,evaluation,0,0,0.45546191930770874,0,0.6727619171142578,True,0,,1,"[0.322465, 0.231778, 0.212013, 0.134675, 0.099069]"
Chameleon,client,99,406,1,M0,attack_nonmember,evaluation,0,0,0.45546188950538635,0,0.6727619171142578,True,0,,1,"[0.322465, 0.231778, 0.212013, 0.134675, 0.099069]"
Chameleon,client,99,425,1,M0,attack_nonmember,evaluation,0,0,0.4776391088962555,0,0.6727619171142578,True,0,,0,"[0.20345, 0.367487, 0.167241, 0.156894, 0.104927]"
Chameleon,client,99,429,1,M0,attack_nonmember,evaluation,0,0,0.45546188950538635,0,0.6727619171142578,True,0,,1,"[0.322465, 0.231778, 0.212013, 0.134675, 0.099069]"
Chameleon,client,99,658,1,M0,attack_nonmember,evaluation,4,0,0.7146186232566833,1,0.6727619171142578,True,4,0.0,0,"[0.187263, 0.178508, 0.417737, 0.200702, 0.015791]"
Chameleon,client,99,91,2,M0,attack_nonmember,evaluation,4,0,0.5567837357521057,0,0.6727619171142578,True,7,0.5714285714285714,1,"[0.00293, 0.00069, 0.018364, 0.036948, 0.941068]"
Chameleon,client,99,199,2,M0,attack_nonmember,evaluation,4,0,0.3285728693008423,0,0.6727619171142578,True,3,0.6666666666666666,1,"[0.00676, 0.165955, 0.001266, 0.349284, 0.476735]"
Chameleon,client,99,220,2,M0,attack_nonmember,evaluation,2,0,0.8184962868690491,1,0.6727619171142578,True,1,1.0,1,"[0.01941, 0.010569, 0.80567, 0.159359, 0.004992]"
Chameleon,client,99,223,2,M0,attack_nonmember,evaluation,1,0,0.44979119300842285,0,0.6727619171142578,True,0,,0,"[0.12687, 0.062592, 0.07945, 0.524453, 0.206635]"
Chameleon,client,99,229,2,M0,attack_nonmember,evaluation,2,0,0.5031858086585999,0,0.6727619171142578,True,7,0.5714285714285714,1,"[0.25603, 0.209904, 0.273153, 0.16637, 0.094541]"
Chameleon,client,99,256,2,M0,attack_nonmember,evaluation,3,0,0.3477533161640167,0,0.6727619171142578,True,4,0.25,0,"[0.280025, 0.134101, 0.353538, 0.056083, 0.176253]"
Chameleon,client,99,359,2,M0,attack_nonmember,evaluation,2,0,0.4304577112197876,0,0.6727619171142578,True,2,0.5,0,"[0.264305, 0.223168, 0.196178, 0.191003, 0.125346]"
Chameleon,client,99,414,2,M0,attack_nonmember,evaluation,2,0,0.4389527440071106,0,0.6727619171142578,True,1,0.0,0,"[0.006555, 0.002248, 0.001357, 0.627384, 0.362456]"
Chameleon,client,99,558,2,M0,attack_nonmember,evaluation,3,0,0.307195246219635,0,0.6727619171142578,True,3,0.0,0,"[0.170163, 0.135852, 0.253763, 0.17271, 0.267512]"
Chameleon,client,99,768,2,M0,attack_nonmember,evaluation,3,0,0.5565017461776733,0,0.6727619171142578,True,0,,0,"[0.19331, 0.061736, 0.609872, 0.039122, 0.095961]"
Chameleon,client,99,875,2,M0,attack_nonmember,evaluation,2,0,0.5437442064285278,0,0.6727619171142578,True,0,,1,"[0.052317, 0.204906, 0.485005, 0.14344, 0.114332]"
Chameleon,client,99,14,3,M0,attack_nonmember,evaluation,3,0,0.4164895713329315,0,0.6727619171142578,True,49,0.24489795918367346,0,"[0.085261, 0.035815, 0.369269, 0.274501, 0.235155]"
Chameleon,client,99,19,3,M0,attack_nonmember,evaluation,4,0,0.40671229362487793,0,0.6727619171142578,True,71,0.2535211267605634,0,"[0.035278, 0.018219, 0.373936, 0.2854, 0.287167]"
Chameleon,client,99,324,3,M0,attack_nonmember,evaluation,3,0,0.4228399991989136,0,0.6727619171142578,True,45,0.17777777777777778,0,"[0.031291, 0.016938, 0.460063, 0.236904, 0.254804]"
Chameleon,client,99,454,3,M0,attack_nonmember,evaluation,2,0,0.450856477022171,0,0.6727619171142578,True,38,0.23684210526315788,0,"[0.003626, 0.007586, 0.191417, 0.184237, 0.613134]"
Chameleon,client,99,552,3,M0,attack_nonmember,evaluation,3,0,0.41411903500556946,0,0.6727619171142578,True,28,0.07142857142857142,0,"[0.005206, 0.009636, 0.186276, 0.363126, 0.435756]"
Chameleon,client,99,556,3,M0,attack_nonmember,evaluation,3,0,0.46923625469207764,0,0.6727619171142578,True,12,0.16666666666666666,0,"[0.002837, 0.010756, 0.066259, 0.272273, 0.647876]"
Chameleon,client,99,663,3,M0,attack_nonmember,evaluation,3,0,0.5174303650856018,0,0.6727619171142578,True,19,0.21052631578947367,0,"[0.000267, 0.001577, 0.053947, 0.146111, 0.798097]"
Chameleon,client,99,695,3,M0,attack_nonmember,evaluation,2,0,0.3961889445781708,0,0.6727619171142578,True,14,0.21428571428571427,0,"[0.01477, 0.025313, 0.275544, 0.21349, 0.470883]"
Chameleon,client,99,708,3,M0,attack_nonmember,evaluation,4,0,0.367156445980072,0,0.6727619171142578,True,11,0.5454545454545454,1,"[0.027383, 0.051463, 0.322456, 0.14831, 0.450389]"
Chameleon,client,99,5,4,M0,F,evaluation,2,1,0.4539823532104492,0,0.6727619171142578,True,4,0.0,0,"[0.334003, 0.071087, 0.256542, 0.212432, 0.125935]"
Chameleon,client,99,46,4,M0,F,evaluation,0,1,0.5014644861221313,0,0.6727619171142578,True,7,0.0,0,"[0.257904, 0.076583, 0.328982, 0.219082, 0.117448]"
Chameleon,client,99,62,4,M0,F,evaluation,0,1,0.5651729106903076,0,0.6727619171142578,True,56,0.25,1,"[0.463881, 0.028834, 0.298694, 0.1559, 0.052691]"
Chameleon,client,99,78,4,M0,F,evaluation,2,1,0.5600218176841736,0,0.6727619171142578,True,52,0.2692307692307692,0,"[0.473512, 0.029368, 0.306962, 0.138125, 0.052033]"
Chameleon,client,99,80,4,M0,F,evaluation,0,1,0.5586920976638794,0,0.6727619171142578,True,52,0.2692307692307692,1,"[0.485316, 0.025367, 0.30004, 0.13819, 0.051087]"
Chameleon,client,99,108,4,M0,F,evaluation,2,1,0.554899275302887,0,0.6727619171142578,True,6,0.0,1,"[0.17042, 0.052633, 0.332509, 0.323254, 0.121184]"
Chameleon,client,99,203,4,M0,F,evaluation,2,1,0.5971457362174988,0,0.6727619171142578,True,46,0.32608695652173914,0,"[0.412913, 0.022245, 0.372196, 0.144229, 0.048416]"
Chameleon,client,99,207,4,M0,F,evaluation,0,1,0.5648468732833862,0,0.6727619171142578,True,42,0.23809523809523808,1,"[0.454584, 0.028333, 0.321489, 0.141793, 0.053801]"
Chameleon,client,99,221,4,M0,F,evaluation,0,1,0.564708948135376,0,0.6727619171142578,True,41,0.21951219512195122,1,"[0.452512, 0.028384, 0.322093, 0.142718, 0.054293]"
Chameleon,client,99,224,4,M0,F,evaluation,4,1,0.3807654082775116,0,0.6727619171142578,True,3,0.0,0,"[0.009035, 0.009388, 0.662994, 0.009935, 0.308647]"
Chameleon,client,99,249,4,M0,F,evaluation,4,1,0.6174049973487854,0,0.6727619171142578,True,50,0.04,0,"[0.31598, 0.017188, 0.366317, 0.23648, 0.064034]"
Chameleon,client,99,254,4,M0,F,evaluation,0,1,0.5475477576255798,0,0.6727619171142578,True,40,0.225,1,"[0.510417, 0.028181, 0.287297, 0.124032, 0.050074]"
Chameleon,client,99,262,4,M0,F,evaluation,3,1,0.482714980840683,0,0.6727619171142578,True,16,0.25,0,"[0.616652, 0.033812, 0.151069, 0.139161, 0.059306]"
Chameleon,client,99,267,4,M0,F,evaluation,3,1,0.4489161968231201,0,0.6727619171142578,True,2,0.5,0,"[0.375321, 0.112683, 0.25818, 0.146041, 0.107775]"
Chameleon,client,99,269,4,M0,F,evaluation,0,1,0.5659337639808655,0,0.6727619171142578,True,38,0.18421052631578946,1,"[0.447457, 0.028224, 0.326371, 0.1432, 0.054748]"
Chameleon,client,99,281,4,M0,F,evaluation,2,1,0.5734782814979553,0,0.6727619171142578,True,1,0.0,1,"[0.177266, 0.134702, 0.374335, 0.222575, 0.091122]"
Chameleon,client,99,283,4,M0,F,evaluation,0,1,0.4508313834667206,0,0.6727619171142578,True,5,0.0,0,"[0.255929, 0.077655, 0.270367, 0.250075, 0.145974]"
Chameleon,client,99,296,4,M0,F,evaluation,3,1,0.49492159485816956,0,0.6727619171142578,True,5,0.2,1,"[0.285043, 0.063684, 0.241489, 0.287658, 0.122125]"
Chameleon,client,99,299,4,M0,F,evaluation,2,1,0.5850070714950562,0,0.6727619171142578,True,15,0.5333333333333333,1,"[0.333528, 0.04899, 0.41296, 0.140259, 0.064262]"
Chameleon,client,99,334,4,M0,F,evaluation,0,1,0.5652721524238586,0,0.6727619171142578,True,35,0.17142857142857143,1,"[0.440213, 0.028351, 0.328105, 0.146752, 0.056579]"
Chameleon,client,99,348,4,M0,F,evaluation,0,1,0.5738338232040405,0,0.6727619171142578,True,2,0.0,0,"[0.315314, 0.083651, 0.402772, 0.131458, 0.066804]"
Chameleon,client,99,354,4,M0,F,evaluation,2,1,0.611065685749054,0,0.6727619171142578,True,35,0.37142857142857144,1,"[0.389853, 0.023611, 0.395831, 0.14441, 0.046295]"
Chameleon,client,99,411,4,M0,F,evaluation,3,1,0.38888633251190186,0,0.6727619171142578,True,4,0.25,0,"[0.095929, 0.083859, 0.297453, 0.286473, 0.236287]"
Chameleon,client,99,442,4,M0,F,evaluation,0,1,0.5706850290298462,0,0.6727619171142578,True,26,0.07692307692307693,1,"[0.373084, 0.024258, 0.338028, 0.194201, 0.070429]"
Chameleon,client,99,472,4,M0,F,evaluation,2,1,0.6216092109680176,0,0.6727619171142578,True,29,0.27586206896551724,1,"[0.330836, 0.015915, 0.393135, 0.202686, 0.057428]"
Chameleon,client,99,486,4,M0,F,evaluation,2,1,0.49249792098999023,0,0.6727619171142578,True,7,0.14285714285714285,0,"[0.297566, 0.040937, 0.29103, 0.247696, 0.122771]"
Chameleon,client,99,548,4,M0,F,evaluation,0,1,0.3173888623714447,0,0.6727619171142578,True,3,0.0,0,"[0.175542, 0.216941, 0.216692, 0.175809, 0.215016]"
Chameleon,client,99,624,4,M0,F,evaluation,2,1,0.5779597163200378,0,0.6727619171142578,True,18,0.3333333333333333,0,"[0.37999, 0.032453, 0.3724, 0.153145, 0.062012]"
Chameleon,client,99,648,4,M0,F,evaluation,3,1,0.49797841906547546,0,0.6727619171142578,True,6,0.6666666666666666,1,"[0.162063, 0.025611, 0.240337, 0.405916, 0.166073]"
Chameleon,client,99,669,4,M0,F,evaluation,3,1,0.6098771095275879,0,0.6727619171142578,True,4,0.5,0,"[0.189266, 0.048035, 0.440799, 0.235154, 0.086746]"
Chameleon,client,99,687,4,M0,F,evaluation,2,1,0.5741917490959167,0,0.6727619171142578,True,12,0.25,1,"[0.329037, 0.03676, 0.374198, 0.18533, 0.074675]"
Chameleon,client,99,716,4,M0,F,evaluation,3,1,0.5225677490234375,0,0.6727619171142578,True,6,0.5,0,"[0.241339, 0.036303, 0.350375, 0.251183, 0.120799]"
Chameleon,client,99,760,4,M0,F,evaluation,2,1,0.5209054946899414,0,0.6727619171142578,True,3,0.0,1,"[0.24205, 0.045997, 0.34968, 0.243341, 0.118932]"
Chameleon,client,99,798,4,M0,F,evaluation,3,1,0.5845640897750854,0,0.6727619171142578,True,9,0.2222222222222222,0,"[0.215257, 0.037845, 0.385103, 0.264779, 0.097016]"
Chameleon,client,99,818,4,M0,F,evaluation,4,1,0.5447723865509033,0,0.6727619171142578,True,7,0.0,0,"[0.193756, 0.047791, 0.318881, 0.317667, 0.121905]"
Chameleon,client,99,823,4,M0,F,evaluation,2,1,0.5530362725257874,0,0.6727619171142578,True,5,0.4,1,"[0.241241, 0.092136, 0.369783, 0.203658, 0.093182]"
Chameleon,client,99,825,4,M0,F,evaluation,3,1,0.4923042058944702,0,0.6727619171142578,True,2,0.5,1,"[0.158191, 0.073809, 0.222409, 0.389435, 0.156156]"
Chameleon,client,99,843,4,M0,F,evaluation,3,1,0.5852496027946472,0,0.6727619171142578,True,3,0.0,0,"[0.187279, 0.146004, 0.399942, 0.186302, 0.080473]"
Chameleon,client,99,844,4,M0,F,evaluation,1,1,0.5810929536819458,0,0.6727619171142578,True,2,0.5,0,"[0.197409, 0.227668, 0.361085, 0.14429, 0.069548]"
Chameleon,client,99,845,4,M0,F,evaluation,2,1,0.579107940196991,0,0.6727619171142578,True,1,0.0,1,"[0.18218, 0.300153, 0.31019, 0.139199, 0.068278]"
Chameleon,client,99,856,4,M0,F,evaluation,1,1,0.522991418838501,0,0.6727619171142578,True,0,,1,"[0.252616, 0.318637, 0.197489, 0.152396, 0.078862]"
Chameleon,client,99,0,4,M0,F,evaluation,3,1,0.36196646094322205,0,0.6727619171142578,True,18,0.2222222222222222,0,"[0.004504, 0.146402, 0.040735, 0.216997, 0.591362]"
Chameleon,client,99,12,4,M0,F,evaluation,4,1,0.3273698091506958,0,0.6727619171142578,True,9,0.5555555555555556,1,"[0.012974, 0.158404, 0.060232, 0.28573, 0.48266]"
Chameleon,client,99,52,4,M0,F,evaluation,3,1,0.5605455636978149,0,0.6727619171142578,True,10,0.2,0,"[0.123921, 0.099325, 0.439787, 0.224115, 0.112852]"
Chameleon,client,99,200,4,M0,F,evaluation,2,1,0.24129527807235718,0,0.6727619171142578,True,7,0.0,0,"[0.04611, 0.284145, 0.116581, 0.158272, 0.394892]"
Chameleon,client,99,309,4,M0,F,evaluation,2,1,0.40793415904045105,0,0.6727619171142578,True,2,0.5,1,"[0.179866, 0.174075, 0.321934, 0.164041, 0.160084]"
Chameleon,client,99,314,4,M0,F,evaluation,2,1,0.30018162727355957,0,0.6727619171142578,True,3,0.3333333333333333,0,"[0.110483, 0.21365, 0.173359, 0.239678, 0.262829]"
Chameleon,client,99,466,4,M0,F,evaluation,2,1,0.41166120767593384,0,0.6727619171142578,True,3,0.3333333333333333,1,"[0.004408, 0.019305, 0.730236, 0.002696, 0.243354]"
Chameleon,client,99,508,4,M0,F,evaluation,1,1,0.2488947957754135,0,0.6727619171142578,True,4,0.0,0,"[0.101686, 0.291267, 0.163946, 0.14656, 0.296542]"
Chameleon,client,99,512,4,M0,F,evaluation,1,1,0.3417049050331116,0,0.6727619171142578,True,11,0.09090909090909091,0,"[0.004513, 0.165778, 0.048788, 0.214949, 0.565971]"
Chameleon,client,99,529,4,M0,F,evaluation,4,1,0.30837303400039673,0,0.6727619171142578,True,4,0.25,0,"[0.025132, 0.152742, 0.396771, 0.107111, 0.318244]"
Chameleon,client,99,543,4,M0,F,evaluation,4,1,0.3495005667209625,0,0.6727619171142578,True,10,0.4,1,"[0.004172, 0.147276, 0.048914, 0.256134, 0.543504]"
Chameleon,client,99,571,4,M0,F,evaluation,0,1,0.4541650116443634,0,0.6727619171142578,True,0,,1,"[0.468798, 0.152972, 0.171455, 0.126128, 0.080646]"
Chameleon,client,99,599,4,M0,F,evaluation,4,1,0.371457040309906,0,0.6727619171142578,True,11,0.2727272727272727,1,"[0.005612, 0.093068, 0.068866, 0.362483, 0.469971]"
Chameleon,client,99,603,4,M0,F,evaluation,4,1,0.40229764580726624,0,0.6727619171142578,True,10,0.2,0,"[0.00244, 0.050978, 0.020713, 0.49347, 0.4324]"
Chameleon,client,99,633,4,M0,F,evaluation,3,1,0.41763627529144287,0,0.6727619171142578,True,6,0.3333333333333333,1,"[0.001141, 0.041672, 0.018574, 0.596276, 0.342337]"
Chameleon,client,99,640,4,M0,F,evaluation,2,1,0.7766969203948975,1,0.6727619171142578,True,2,0.5,1,"[0.016187, 0.006684, 0.909874, 0.03879, 0.028465]"
Chameleon,client,99,739,4,M0,F,evaluation,2,1,0.3239840865135193,0,0.6727619171142578,True,1,0.0,1,"[0.029614, 0.360093, 0.377502, 0.024538, 0.208253]"
Chameleon,client,99,740,4,M0,F,evaluation,3,1,0.5203343629837036,0,0.6727619171142578,True,1,1.0,1,"[0.043269, 0.016957, 0.104967, 0.631293, 0.203515]"
Chameleon,client,99,751,4,M0,F,evaluation,3,1,0.5519151091575623,0,0.6727619171142578,True,0,,1,"[0.016749, 0.041218, 0.021574, 0.731167, 0.189292]"
Chameleon,client,99,777,4,M0,F,evaluation,2,1,0.5255731344223022,0,0.6727619171142578,True,3,0.3333333333333333,0,"[0.015608, 0.109693, 0.337416, 0.377147, 0.160137]"
Chameleon,client,99,786,4,M0,F,evaluation,2,1,0.670906662940979,0,0.6727619171142578,True,1,0.0,1,"[0.220358, 0.088977, 0.593085, 0.061806, 0.035774]"
Chameleon,client,99,846,4,M0,F,evaluation,3,1,0.41237083077430725,0,0.6727619171142578,True,0,,1,"[0.001263, 0.069714, 0.030689, 0.592256, 0.306078]"
Chameleon,client,99,853,4,M0,F,evaluation,0,1,0.47378090023994446,0,0.6727619171142578,True,0,,1,"[0.376553, 0.121027, 0.154778, 0.246983, 0.100659]"
Chameleon,client,99,865,4,M0,F,evaluation,0,1,0.6437028646469116,0,0.6727619171142578,True,0,,0,"[0.296563, 0.09758, 0.51234, 0.060438, 0.033079]"
Chameleon,client,99,884,4,M0,F,evaluation,1,1,0.3960922360420227,0,0.6727619171142578,True,0,,1,"[0.042449, 0.579807, 0.179673, 0.031977, 0.166095]"
Chameleon,client,99,9,4,M0,F,evaluation,2,1,0.7513903975486755,1,0.6727619171142578,True,1,1.0,1,"[0.029401, 0.098258, 0.652039, 0.185062, 0.03524]"
Chameleon,client,99,142,4,M0,F,evaluation,4,1,0.5271480679512024,0,0.6727619171142578,True,3,0.6666666666666666,1,"[0.010472, 0.038738, 0.004376, 0.03388, 0.912535]"
Chameleon,client,99,173,4,M0,F,evaluation,3,1,0.6511310935020447,0,0.6727619171142578,True,1,0.0,1,"[0.02844, 0.036804, 0.039866, 0.760903, 0.133987]"
Chameleon,client,99,273,4,M0,F,evaluation,2,1,0.8195552229881287,1,0.6727619171142578,True,2,0.0,0,"[0.011982, 0.034111, 0.301618, 0.621187, 0.031102]"
Chameleon,client,99,275,4,M0,F,evaluation,3,1,0.8324449062347412,1,0.6727619171142578,True,0,,1,"[0.014355, 0.014448, 0.365669, 0.583843, 0.021684]"
Chameleon,client,99,318,4,M0,F,evaluation,4,1,0.36466991901397705,0,0.6727619171142578,True,3,0.0,0,"[0.390386, 0.07305, 0.202085, 0.171231, 0.163249]"
Chameleon,client,99,319,4,M0,F,evaluation,1,1,0.5286088585853577,0,0.6727619171142578,True,3,0.3333333333333333,1,"[0.121975, 0.701395, 0.037183, 0.032241, 0.107206]"
Chameleon,client,99,332,4,M0,F,evaluation,4,1,0.4600743055343628,0,0.6727619171142578,True,1,1.0,1,"[0.040414, 0.05411, 0.027527, 0.134188, 0.743761]"
Chameleon,client,99,346,4,M0,F,evaluation,3,1,0.7024739980697632,1,0.6727619171142578,True,10,0.3,1,"[0.00934, 0.135384, 0.007256, 0.754584, 0.093436]"
Chameleon,client,99,410,4,M0,F,evaluation,3,1,0.6053763031959534,0,0.6727619171142578,True,5,0.6,1,"[0.002532, 0.009618, 0.00151, 0.811841, 0.174499]"
Chameleon,client,99,415,4,M0,F,evaluation,3,1,0.7032497525215149,1,0.6727619171142578,True,9,0.2222222222222222,1,"[0.00927, 0.130871, 0.006796, 0.759026, 0.094037]"
Chameleon,client,99,427,4,M0,F,evaluation,2,1,0.6255011558532715,0,0.6727619171142578,True,1,1.0,1,"[0.215042, 0.141322, 0.491598, 0.098829, 0.053208]"
Chameleon,client,99,434,4,M0,F,evaluation,0,1,0.45546191930770874,0,0.6727619171142578,True,0,,1,"[0.322465, 0.231778, 0.212013, 0.134675, 0.099069]"
Chameleon,client,99,436,4,M0,F,evaluation,2,1,0.6042001247406006,0,0.6727619171142578,True,1,0.0,1,"[0.15607, 0.069985, 0.520132, 0.165919, 0.087894]"
Chameleon,client,99,444,4,M0,F,evaluation,4,1,0.5599362850189209,0,0.6727619171142578,True,1,1.0,1,"[0.00494, 0.00534, 0.002465, 0.025993, 0.961263]"
Chameleon,client,99,479,4,M0,F,evaluation,0,1,0.44790521264076233,0,0.6727619171142578,True,3,0.3333333333333333,1,"[0.87506, 0.057737, 0.017028, 0.02792, 0.022256]"
Chameleon,client,99,542,4,M0,F,evaluation,1,1,0.689906120300293,1,0.6727619171142578,True,6,0.0,0,"[0.011066, 0.131957, 0.005943, 0.75122, 0.099815]"
Chameleon,client,99,582,4,M0,F,evaluation,3,1,0.8543294668197632,1,0.6727619171142578,True,0,,1,"[0.001031, 0.007029, 0.003048, 0.958362, 0.03053]"
Chameleon,client,99,620,4,M0,F,evaluation,3,1,0.7900983095169067,1,0.6727619171142578,True,1,0.0,1,"[0.081903, 0.017046, 0.091958, 0.759117, 0.049976]"
Chameleon,client,99,651,4,M0,F,evaluation,3,1,0.5213151574134827,0,0.6727619171142578,True,1,0.0,1,"[0.010262, 0.094142, 0.003765, 0.69994, 0.191891]"
Chameleon,client,99,686,4,M0,F,evaluation,3,1,0.832511305809021,1,0.6727619171142578,True,0,,1,"[0.004639, 0.014724, 0.01891, 0.917222, 0.044505]"
Chameleon,client,99,737,4,M0,F,evaluation,3,1,0.8762552738189697,1,0.6727619171142578,True,0,,1,"[0.008434, 0.001474, 0.001864, 0.979188, 0.009041]"
Chameleon,client,99,851,4,M0,F,evaluation,0,1,0.4538744390010834,0,0.6727619171142578,True,1,0.0,1,"[0.874133, 0.072993, 0.011519, 0.023635, 0.017719]"
Chameleon,client,99,858,4,M0,F,evaluation,3,1,0.5862483978271484,0,0.6727619171142578,True,2,0.0,1,"[0.013478, 0.13255, 0.003675, 0.703441, 0.146856]"
Chameleon,client,99,880,4,M0,F,evaluation,4,1,0.5393211245536804,0,0.6727619171142578,True,0,,1,"[0.01087, 0.01943, 0.004896, 0.048203, 0.916601]"
Chameleon,client,99,885,4,M0,F,evaluation,4,1,0.4190848171710968,0,0.6727619171142578,True,0,,0,"[0.02024, 0.141582, 0.004735, 0.595301, 0.238142]"
Chameleon,client,99,887,4,M0,F,evaluation,0,1,0.48524659872055054,0,0.6727619171142578,True,0,,1,"[0.678822, 0.104423, 0.125095, 0.058497, 0.033163]"
Chameleon,client,99,97,4,M0,H,evaluation,0,0,0.5630660653114319,0,0.6727619171142578,True,48,0.25,1,"[0.461691, 0.028769, 0.314341, 0.141992, 0.053207]"
Chameleon,client,99,130,4,M0,H,evaluation,1,0,0.5665459036827087,0,0.6727619171142578,True,48,0.25,0,"[0.464138, 0.027982, 0.317306, 0.139373, 0.051201]"
Chameleon,client,99,141,4,M0,H,evaluation,1,0,0.5571721792221069,0,0.6727619171142578,True,46,0.21739130434782608,0,"[0.420076, 0.022371, 0.315964, 0.174948, 0.066641]"
Chameleon,client,99,165,4,M0,H,evaluation,0,0,0.5639474391937256,0,0.6727619171142578,True,45,0.24444444444444444,1,"[0.457868, 0.028601, 0.317537, 0.142413, 0.053581]"
Chameleon,client,99,304,4,M0,H,evaluation,1,0,0.5655372738838196,0,0.6727619171142578,True,36,0.25,0,"[0.442726, 0.028265, 0.327707, 0.145376, 0.055926]"
Chameleon,client,99,337,4,M0,H,evaluation,1,0,0.5826046466827393,0,0.6727619171142578,True,36,0.2222222222222222,0,"[0.366232, 0.020515, 0.346757, 0.199166, 0.06733]"
Chameleon,client,99,424,4,M0,H,evaluation,1,0,0.4170275330543518,0,0.6727619171142578,True,3,0.0,0,"[0.356208, 0.140004, 0.204153, 0.17503, 0.124605]"
Chameleon,client,99,447,4,M0,H,evaluation,4,0,0.3811407685279846,0,0.6727619171142578,True,6,0.3333333333333333,0,"[0.409339, 0.116415, 0.092786, 0.239447, 0.142013]"
Chameleon,client,99,488,4,M0,H,evaluation,0,0,0.5734686851501465,0,0.6727619171142578,True,21,0.047619047619047616,1,"[0.403984, 0.030339, 0.355573, 0.15045, 0.059653]"
Chameleon,client,99,495,4,M0,H,evaluation,1,0,0.5771322250366211,0,0.6727619171142578,True,21,0.2857142857142857,0,"[0.394486, 0.030389, 0.363814, 0.151438, 0.059872]"
Chameleon,client,99,518,4,M0,H,evaluation,1,0,0.5059712529182434,0,0.6727619171142578,True,2,0.0,0,"[0.22751, 0.0588, 0.297444, 0.286517, 0.129729]"
Chameleon,client,99,560,4,M0,H,evaluation,3,0,0.5772265195846558,0,0.6727619171142578,True,21,0.23809523809523808,0,"[0.349548, 0.024803, 0.357377, 0.196223, 0.072049]"
Chameleon,client,99,628,4,M0,H,evaluation,1,0,0.6308484673500061,0,0.6727619171142578,True,17,0.17647058823529413,0,"[0.316226, 0.025165, 0.445, 0.161622, 0.051988]"
Chameleon,client,99,642,4,M0,H,evaluation,2,0,0.6397665739059448,0,0.6727619171142578,True,17,0.35294117647058826,1,"[0.30179, 0.026504, 0.462356, 0.159099, 0.05025]"
Chameleon,client,99,644,4,M0,H,evaluation,3,0,0.6165635585784912,0,0.6727619171142578,True,1,1.0,1,"[0.151787, 0.151888, 0.280748, 0.334699, 0.080879]"
Chameleon,client,99,645,4,M0,H,evaluation,2,0,0.6123348474502563,0,0.6727619171142578,True,14,0.2857142857142857,1,"[0.293074, 0.02897, 0.407369, 0.203793, 0.066794]"
Chameleon,client,99,744,4,M0,H,evaluation,3,0,0.5544809699058533,0,0.6727619171142578,True,1,1.0,1,"[0.126535, 0.051895, 0.333262, 0.355453, 0.132854]"
Chameleon,client,99,775,4,M0,H,evaluation,3,0,0.5640614628791809,0,0.6727619171142578,True,9,0.2222222222222222,0,"[0.285223, 0.046629, 0.366749, 0.213562, 0.087837]"
Chameleon,client,99,1,4,M0,H,evaluation,0,0,0.28745320439338684,0,0.6727619171142578,True,9,0.0,0,"[0.010432, 0.216261, 0.073651, 0.250821, 0.448835]"
Chameleon,client,99,6,4,M0,H,evaluation,0,0,0.35483089089393616,0,0.6727619171142578,True,2,0.0,0,"[0.229406, 0.009851, 0.021386, 0.378592, 0.360764]"
Chameleon,client,99,64,4,M0,H,evaluation,3,0,0.5762395858764648,0,0.6727619171142578,True,8,0.125,0,"[0.175212, 0.101573, 0.459083, 0.171943, 0.09219]"
Chameleon,client,99,101,4,M0,H,evaluation,0,0,0.26174309849739075,0,0.6727619171142578,True,5,0.2,0,"[0.13255, 0.257686, 0.151379, 0.176355, 0.28203]"
Chameleon,client,99,148,4,M0,H,evaluation,1,0,0.33044689893722534,0,0.6727619171142578,True,4,0.0,0,"[0.041367, 0.150435, 0.069494, 0.407703, 0.331001]"
Chameleon,client,99,176,4,M0,H,evaluation,2,0,0.2733875513076782,0,0.6727619171142578,True,7,0.14285714285714285,0,"[0.068183, 0.205896, 0.114384, 0.19966, 0.411877]"
Chameleon,client,99,333,4,M0,H,evaluation,2,0,0.34586405754089355,0,0.6727619171142578,True,10,0.0,0,"[0.005275, 0.153795, 0.03205, 0.266991, 0.541889]"
Chameleon,client,99,463,4,M0,H,evaluation,0,0,0.6760237216949463,1,0.6727619171142578,True,2,0.5,0,"[0.203201, 0.088126, 0.607958, 0.06394, 0.036774]"
Chameleon,client,99,464,4,M0,H,evaluation,1,0,0.5066341757774353,0,0.6727619171142578,True,3,0.6666666666666666,0,"[0.410166, 0.190512, 0.188478, 0.14515, 0.065694]"
Chameleon,client,99,481,4,M0,H,evaluation,0,0,0.36287885904312134,0,0.6727619171142578,True,3,0.3333333333333333,0,"[0.202096, 0.180068, 0.162984, 0.265398, 0.189453]"
Chameleon,client,99,557,4,M0,H,evaluation,1,0,0.36006224155426025,0,0.6727619171142578,True,3,0.0,0,"[0.259079, 0.231402, 0.195897, 0.153757, 0.159864]"
Chameleon,client,99,581,4,M0,H,evaluation,3,0,0.38217979669570923,0,0.6727619171142578,True,11,0.2727272727272727,0,"[0.002743, 0.085156, 0.037544, 0.394639, 0.479917]"
Chameleon,client,99,630,4,M0,H,evaluation,4,0,0.35620883107185364,0,0.6727619171142578,True,7,0.14285714285714285,1,"[0.005468, 0.115176, 0.053962, 0.367043, 0.458351]"
Chameleon,client,99,824,4,M0,H,evaluation,2,0,0.7923192381858826,1,0.6727619171142578,True,0,,1,"[0.017941, 0.006088, 0.952802, 0.007326, 0.015844]"
Chameleon,client,99,126,4,M0,H,evaluation,4,0,0.778558611869812,1,0.6727619171142578,True,2,0.0,0,"[0.020044, 0.034052, 0.048891, 0.826733, 0.07028]"
Chameleon,client,99,202,4,M0,H,evaluation,3,0,0.4657917022705078,0,0.6727619171142578,True,1,0.0,1,"[0.091983, 0.05344, 0.057251, 0.583866, 0.21346]"
Chameleon,client,99,272,4,M0,H,evaluation,3,0,0.7017956972122192,1,0.6727619171142578,True,11,0.36363636363636365,1,"[0.009718, 0.139478, 0.007742, 0.750254, 0.092809]"
Chameleon,client,99,509,4,M0,H,evaluation,4,0,0.42240485548973083,0,0.6727619171142578,True,2,0.0,0,"[0.002072, 0.023367, 0.002111, 0.552517, 0.419934]"
Chameleon,client,99,513,4,M0,H,evaluation,1,0,0.7019204497337341,1,0.6727619171142578,True,8,0.125,0,"[0.009143, 0.127006, 0.006418, 0.761899, 0.095534]"
Chameleon,client,99,679,4,M0,H,evaluation,1,0,0.46605777740478516,0,0.6727619171142578,True,1,1.0,0,"[0.792151, 0.14081, 0.020989, 0.0282, 0.01785]"
Chameleon,client,99,861,4,M0,H,evaluation,1,0,0.4755970239639282,0,0.6727619171142578,True,1,0.0,0,"[0.855116, 0.07824, 0.030504, 0.02524, 0.0109]"
Chameleon,client,99,438,0,MR,attack_member,evaluation,0,1,0.5005720257759094,0,0.6727619171142578,True,6,0.3333333333333333,0,"[0.348444, 0.115553, 0.369105, 0.08182, 0.085078]"
Chameleon,client,99,467,0,MR,attack_member,evaluation,2,1,0.4148668646812439,0,0.6727619171142578,True,4,0.25,0,"[0.001864, 0.001298, 0.314246, 0.342781, 0.339811]"
Chameleon,client,99,473,0,MR,attack_member,evaluation,0,1,0.4036129117012024,0,0.6727619171142578,True,5,0.0,1,"[0.417279, 0.208521, 0.152632, 0.115418, 0.10615]"
Chameleon,client,99,490,0,MR,attack_member,evaluation,0,1,0.4874640703201294,0,0.6727619171142578,True,4,0.75,1,"[0.653163, 0.204913, 0.099165, 0.017865, 0.024894]"
Chameleon,client,99,500,0,MR,attack_member,evaluation,3,1,0.4660651683807373,0,0.6727619171142578,True,7,0.42857142857142855,1,"[0.022472, 0.009612, 0.078372, 0.624099, 0.265445]"
Chameleon,client,99,521,0,MR,attack_member,evaluation,2,1,0.3992132842540741,0,0.6727619171142578,True,3,0.0,1,"[0.153356, 0.197307, 0.322407, 0.160639, 0.16629]"
Chameleon,client,99,535,0,MR,attack_member,evaluation,3,1,0.46702465415000916,0,0.6727619171142578,True,4,0.25,0,"[0.381086, 0.212875, 0.160827, 0.158911, 0.086301]"
Chameleon,client,99,562,0,MR,attack_member,evaluation,0,1,0.3801950514316559,0,0.6727619171142578,True,6,0.0,1,"[0.571557, 0.128056, 0.119597, 0.083402, 0.097388]"
Chameleon,client,99,568,0,MR,attack_member,evaluation,0,1,0.3679046332836151,0,0.6727619171142578,True,5,0.0,1,"[0.434134, 0.193526, 0.13231, 0.117388, 0.122642]"
Chameleon,client,99,584,0,MR,attack_member,evaluation,2,1,0.6569090485572815,0,0.6727619171142578,True,0,,1,"[0.080324, 0.119616, 0.644684, 0.089219, 0.066157]"
Chameleon,client,99,593,0,MR,attack_member,evaluation,0,1,0.3860663175582886,0,0.6727619171142578,True,4,0.0,1,"[0.550683, 0.163955, 0.109998, 0.082107, 0.093257]"
Chameleon,client,99,604,0,MR,attack_member,evaluation,1,1,0.3595966696739197,0,0.6727619171142578,True,3,0.0,0,"[0.204342, 0.172739, 0.210569, 0.222586, 0.189764]"
Chameleon,client,99,612,0,MR,attack_member,evaluation,3,1,0.43435171246528625,0,0.6727619171142578,True,2,0.0,0,"[0.322183, 0.227109, 0.192567, 0.148462, 0.109678]"
Chameleon,client,99,621,0,MR,attack_member,evaluation,0,1,0.3778635859489441,0,0.6727619171142578,True,2,0.0,1,"[0.728136, 0.045846, 0.114124, 0.031315, 0.080578]"
Chameleon,client,99,639,0,MR,attack_member,evaluation,4,1,0.32751697301864624,0,0.6727619171142578,True,1,1.0,1,"[0.348762, 0.03369, 0.030227, 0.032879, 0.554442]"
Chameleon,client,99,673,0,MR,attack_member,evaluation,4,1,0.47347941994667053,0,0.6727619171142578,True,2,1.0,1,"[0.089573, 0.017594, 0.076155, 0.044768, 0.77191]"
Chameleon,client,99,678,0,MR,attack_member,evaluation,4,1,0.4570268392562866,0,0.6727619171142578,True,53,0.03773584905660377,0,"[0.977355, 0.010661, 0.003683, 0.000244, 0.008057]"
Chameleon,client,99,746,0,MR,attack_member,evaluation,0,1,0.4380406439304352,0,0.6727619171142578,True,2,0.0,1,"[0.727567, 0.159842, 0.049549, 0.0254, 0.037641]"
Chameleon,client,99,753,0,MR,attack_member,evaluation,0,1,0.401335209608078,0,0.6727619171142578,True,2,0.0,1,"[0.691401, 0.14488, 0.065258, 0.036911, 0.06155]"
Chameleon,client,99,795,0,MR,attack_member,evaluation,1,1,0.4040917456150055,0,0.6727619171142578,True,2,0.5,0,"[0.660701, 0.193682, 0.058597, 0.026976, 0.060044]"
Chameleon,client,99,796,0,MR,attack_member,evaluation,0,1,0.35408657789230347,0,0.6727619171142578,True,1,0.0,1,"[0.788, 0.045363, 0.068693, 0.016169, 0.081775]"
Chameleon,client,99,831,0,MR,attack_member,evaluation,4,1,0.4987349212169647,0,0.6727619171142578,True,3,1.0,1,"[0.003045, 0.001285, 0.17895, 0.047838, 0.768882]"
Chameleon,client,99,833,0,MR,attack_member,evaluation,0,1,0.48649564385414124,0,0.6727619171142578,True,0,,1,"[0.648113, 0.112925, 0.127108, 0.074314, 0.037541]"
Chameleon,client,99,841,0,MR,attack_member,evaluation,0,1,0.4380406439304352,0,0.6727619171142578,True,2,0.0,1,"[0.727567, 0.159842, 0.049549, 0.0254, 0.037641]"
Chameleon,client,99,864,0,MR,attack_member,evaluation,4,1,0.3314860761165619,0,0.6727619171142578,True,2,0.0,0,"[0.682808, 0.014057, 0.036581, 0.134432, 0.132122]"
Chameleon,client,99,879,0,MR,attack_member,evaluation,1,1,0.47484055161476135,0,0.6727619171142578,True,0,,0,"[0.304407, 0.250133, 0.226583, 0.12674, 0.092136]"
Chameleon,client,99,883,0,MR,attack_member,evaluation,1,1,0.5813756585121155,0,0.6727619171142578,True,0,,1,"[0.362723, 0.443957, 0.078717, 0.082883, 0.03172]"
Chameleon,client,99,30,1,MR,attack_member,evaluation,0,1,0.5643600821495056,0,0.6727619171142578,True,2,0.0,0,"[0.302494, 0.20738, 0.320585, 0.111921, 0.057621]"
Chameleon,client,99,47,1,MR,attack_member,evaluation,2,1,0.8097096085548401,1,0.6727619171142578,True,0,,1,"[0.014349, 0.004915, 0.9517, 0.0239, 0.005137]"
Chameleon,client,99,59,1,MR,attack_member,evaluation,0,1,0.47572967410087585,0,0.6727619171142578,True,2,1.0,1,"[0.301436, 0.235491, 0.232256, 0.136835, 0.093981]"
Chameleon,client,99,61,1,MR,attack_member,evaluation,0,1,0.45544978976249695,0,0.6727619171142578,True,2,0.5,1,"[0.327953, 0.189164, 0.224681, 0.154655, 0.103547]"
Chameleon,client,99,77,1,MR,attack_member,evaluation,0,1,0.40918290615081787,0,0.6727619171142578,True,3,0.6666666666666666,1,"[0.577853, 0.128803, 0.102864, 0.107096, 0.083385]"
Chameleon,client,99,83,1,MR,attack_member,evaluation,0,1,0.47572967410087585,0,0.6727619171142578,True,2,1.0,1,"[0.301436, 0.235491, 0.232256, 0.136835, 0.093981]"
Chameleon,client,99,132,1,MR,attack_member,evaluation,0,1,0.5138535499572754,0,0.6727619171142578,True,2,1.0,1,"[0.343607, 0.257365, 0.226371, 0.105355, 0.067303]"
Chameleon,client,99,145,1,MR,attack_member,evaluation,0,1,0.3188501000404358,0,0.6727619171142578,True,2,0.0,0,"[0.189085, 0.23818, 0.124476, 0.238697, 0.209562]"
Chameleon,client,99,153,1,MR,attack_member,evaluation,4,1,0.2804672122001648,0,0.6727619171142578,True,9,0.1111111111111111,1,"[0.002058, 0.241477, 0.026092, 0.337097, 0.393276]"
Chameleon,client,99,186,1,MR,attack_member,evaluation,0,1,0.4459918439388275,0,0.6727619171142578,True,1,1.0,1,"[0.762484, 0.090266, 0.059398, 0.050266, 0.037586]"
Chameleon,client,99,189,1,MR,attack_member,evaluation,4,1,0.5724191665649414,0,0.6727619171142578,True,0,,1,"[0.0, 0.000103, 2e-06, 0.003652, 0.996242]"
Chameleon,client,99,195,1,MR,attack_member,evaluation,1,1,0.580938458442688,0,0.6727619171142578,True,1,0.0,1,"[0.241275, 0.289013, 0.280077, 0.132487, 0.057148]"
Chameleon,client,99,282,1,MR,attack_member,evaluation,1,1,0.47484055161476135,0,0.6727619171142578,True,0,,0,"[0.304407, 0.250133, 0.226583, 0.12674, 0.092136]"
Chameleon,client,99,311,1,MR,attack_member,evaluation,0,1,0.5765321254730225,0,0.6727619171142578,True,1,0.0,0,"[0.289121, 0.196131, 0.344401, 0.114343, 0.056003]"
Chameleon,client,99,315,1,MR,attack_member,evaluation,1,1,0.7165282368659973,1,0.6727619171142578,True,0,,1,"[0.031669, 0.727179, 0.116479, 0.084524, 0.040149]"
Chameleon,client,99,336,1,MR,attack_member,evaluation,0,1,0.47484055161476135,0,0.6727619171142578,True,0,,1,"[0.304407, 0.250133, 0.226583, 0.12674, 0.092136]"
Chameleon,client,99,350,1,MR,attack_member,evaluation,0,1,0.3560587167739868,0,0.6727619171142578,True,1,0.0,1,"[0.689943, 0.061723, 0.089896, 0.06025, 0.098189]"
Chameleon,client,99,386,1,MR,attack_member,evaluation,2,1,0.7337290048599243,1,0.6727619171142578,True,2,0.0,1,"[0.103318, 0.182633, 0.639259, 0.06198, 0.012811]"
Chameleon,client,99,396,1,MR,attack_member,evaluation,0,1,0.4130071997642517,0,0.6727619171142578,True,0,,1,"[0.890601, 0.027978, 0.0208, 0.021598, 0.039023]"
Chameleon,client,99,432,1,MR,attack_member,evaluation,2,1,0.5968315601348877,0,0.6727619171142578,True,0,,1,"[0.37976, 0.060325, 0.430493, 0.084093, 0.045329]"
Chameleon,client,99,435,1,MR,attack_member,evaluation,1,1,0.5213240385055542,0,0.6727619171142578,True,0,,0,"[0.396716, 0.25614, 0.195099, 0.097482, 0.054563]"
Chameleon,client,99,362,1,MR,attack_member,evaluation,2,1,0.6881362795829773,1,0.6727619171142578,True,6,0.3333333333333333,1,"[0.283192, 0.141176, 0.313143, 0.243898, 0.01859]"
Chameleon,client,99,677,1,MR,attack_member,evaluation,1,1,0.7247650623321533,1,0.6727619171142578,True,3,0.0,0,"[0.237144, 0.1196, 0.29613, 0.331317, 0.015809]"
Chameleon,client,99,802,1,MR,attack_member,evaluation,3,1,0.8225573897361755,1,0.6727619171142578,True,1,0.0,1,"[0.001271, 0.013046, 0.13994, 0.799785, 0.045958]"
Chameleon,client,99,804,1,MR,attack_member,evaluation,3,1,0.7967527508735657,1,0.6727619171142578,True,0,,1,"[0.18026, 0.041908, 0.247035, 0.524165, 0.006631]"
Chameleon,client,99,859,1,MR,attack_member,evaluation,2,1,0.7073330283164978,1,0.6727619171142578,True,0,,1,"[0.0065, 0.058934, 0.537374, 0.319228, 0.077964]"
Chameleon,client,99,53,2,MR,attack_member,evaluation,1,1,0.23520071804523468,0,0.6727619171142578,True,4,0.0,0,"[0.006721, 0.348117, 0.001191, 0.108877, 0.535093]"
Chameleon,client,99,85,2,MR,attack_member,evaluation,1,1,0.48565489053726196,0,0.6727619171142578,True,3,0.6666666666666666,1,"[0.126876, 0.698153, 0.025464, 0.026724, 0.122783]"
Chameleon,client,99,90,2,MR,attack_member,evaluation,2,1,0.39184072613716125,0,0.6727619171142578,True,10,0.2,0,"[0.492204, 0.214165, 0.143906, 0.055602, 0.094123]"
Chameleon,client,99,151,2,MR,attack_member,evaluation,3,1,0.3902120888233185,0,0.6727619171142578,True,1,0.0,0,"[0.002571, 0.075426, 7.1e-05, 0.458481, 0.46345]"
Chameleon,client,99,154,2,MR,attack_member,evaluation,0,1,0.3807551860809326,0,0.6727619171142578,True,3,0.3333333333333333,1,"[0.373023, 0.127949, 0.196036, 0.160773, 0.14222]"
Chameleon,client,99,191,2,MR,attack_member,evaluation,2,1,0.2932739853858948,0,0.6727619171142578,True,1,0.0,0,"[0.189398, 0.134961, 0.231662, 0.159822, 0.284157]"
Chameleon,client,99,236,2,MR,attack_member,evaluation,4,1,0.5719384551048279,0,0.6727619171142578,True,0,,1,"[0.00207, 0.000488, 1.6e-05, 0.00026, 0.997166]"
Chameleon,client,99,417,2,MR,attack_member,evaluation,1,1,0.5396175384521484,0,0.6727619171142578,True,5,0.4,0,"[0.21367, 0.292281, 0.360946, 0.057421, 0.075682]"
Chameleon,client,99,439,2,MR,attack_member,evaluation,4,1,0.573112428188324,0,0.6727619171142578,True,1,1.0,1,"[0.000429, 4.2e-05, 2e-06, 2.8e-05, 0.9995]"
Chameleon,client,99,457,2,MR,attack_member,evaluation,4,1,0.22347931563854218,0,0.6727619171142578,True,0,,0,"[0.016819, 0.367907, 0.178959, 0.088859, 0.347457]"
Chameleon,client,99,531,2,MR,attack_member,evaluation,4,1,0.5732749104499817,0,0.6727619171142578,True,0,,1,"[0.00011, 3.5e-05, 0.0, 7e-06, 0.999847]"
Chameleon,client,99,537,2,MR,attack_member,evaluation,4,1,0.5726136565208435,0,0.6727619171142578,True,3,0.6666666666666666,1,"[0.000715, 2.2e-05, 3e-06, 0.001625, 0.997634]"
Chameleon,client,99,597,2,MR,attack_member,evaluation,0,1,0.4585493206977844,0,0.6727619171142578,True,1,1.0,1,"[0.871999, 0.070797, 0.033051, 0.008609, 0.015545]"
Chameleon,client,99,605,2,MR,attack_member,evaluation,1,1,0.4160792827606201,0,0.6727619171142578,True,5,0.0,0,"[0.42625, 0.285162, 0.148882, 0.050161, 0.089545]"
Chameleon,client,99,660,2,MR,attack_member,evaluation,0,1,0.4570893347263336,0,0.6727619171142578,True,0,,1,"[0.823235, 0.093215, 0.049099, 0.013339, 0.021112]"
Chameleon,client,99,672,2,MR,attack_member,evaluation,4,1,0.43619272112846375,0,0.6727619171142578,True,0,,0,"[0.005992, 0.003, 0.005473, 0.53743, 0.448105]"
Chameleon,client,99,710,2,MR,attack_member,evaluation,2,1,0.818688154220581,1,0.6727619171142578,True,0,,1,"[0.016874, 0.007404, 0.829895, 0.141062, 0.004766]"
Chameleon,client,99,730,2,MR,attack_member,evaluation,3,1,0.4475242793560028,0,0.6727619171142578,True,5,0.4,0,"[0.418132, 0.308071, 0.151325, 0.046021, 0.076451]"
Chameleon,client,99,731,2,MR,attack_member,evaluation,0,1,0.24320943653583527,0,0.6727619171142578,True,2,0.0,1,"[0.731603, 0.062851, 0.020382, 0.010389, 0.174776]"
Chameleon,client,99,735,2,MR,attack_member,evaluation,3,1,0.47484055161476135,0,0.6727619171142578,True,0,,0,"[0.304407, 0.250133, 0.226583, 0.12674, 0.092136]"
Chameleon,client,99,738,2,MR,attack_member,evaluation,1,1,0.6494760513305664,0,0.6727619171142578,True,1,1.0,1,"[0.099055, 0.791721, 0.029123, 0.012872, 0.06723]"
Chameleon,client,99,741,2,MR,attack_member,evaluation,0,1,0.40190616250038147,0,0.6727619171142578,True,2,0.0,1,"[0.350228, 0.319972, 0.166183, 0.055674, 0.107943]"
Chameleon,client,99,770,2,MR,attack_member,evaluation,2,1,0.6153477430343628,0,0.6727619171142578,True,0,,1,"[0.165756, 0.020314, 0.469503, 0.249801, 0.094627]"
Chameleon,client,99,502,2,MR,attack_member,evaluation,3,1,0.45785701274871826,0,0.6727619171142578,True,1,1.0,1,"[0.003172, 0.000798, 0.000322, 0.684543, 0.311165]"
Chameleon,client,99,723,2,MR,attack_member,evaluation,1,1,0.6236590147018433,0,0.6727619171142578,True,2,0.0,1,"[0.00684, 0.81809, 0.076981, 0.001372, 0.096717]"
Chameleon,client,99,779,2,MR,attack_member,evaluation,4,1,0.5612119436264038,0,0.6727619171142578,True,1,0.0,0,"[0.006943, 0.791378, 0.080177, 0.001506, 0.119995]"
Chameleon,client,99,60,3,MR,attack_member,evaluation,0,1,0.49884575605392456,0,0.6727619171142578,True,73,0.0136986301369863,0,"[0.052308, 0.016161, 0.458394, 0.287483, 0.185654]"
Chameleon,client,99,131,3,MR,attack_member,evaluation,2,1,0.48123660683631897,0,0.6727619171142578,True,54,0.3333333333333333,1,"[0.036163, 0.014421, 0.428786, 0.31478, 0.20585]"
Chameleon,client,99,187,3,MR,attack_member,evaluation,3,1,0.478420227766037,0,0.6727619171142578,True,59,0.1864406779661017,1,"[0.044701, 0.01518, 0.330474, 0.39604, 0.213606]"
Chameleon,client,99,190,3,MR,attack_member,evaluation,4,1,0.39417749643325806,0,0.6727619171142578,True,64,0.265625,1,"[0.033621, 0.021133, 0.234515, 0.350019, 0.360712]"
Chameleon,client,99,287,3,MR,attack_member,evaluation,2,1,0.3920387327671051,0,0.6727619171142578,True,39,0.3076923076923077,0,"[0.018564, 0.013918, 0.33656, 0.20354, 0.427418]"
Chameleon,client,99,313,3,MR,attack_member,evaluation,3,1,0.5079246759414673,0,0.6727619171142578,True,50,0.22,0,"[0.039728, 0.016475, 0.432044, 0.325779, 0.185974]"
Chameleon,client,99,321,3,MR,attack_member,evaluation,1,1,0.47241729497909546,0,0.6727619171142578,True,44,0.06818181818181818,0,"[0.036935, 0.015877, 0.391325, 0.340984, 0.214879]"
Chameleon,client,99,340,3,MR,attack_member,evaluation,3,1,0.4332523047924042,0,0.6727619171142578,True,8,0.375,1,"[0.027478, 0.055573, 0.080222, 0.57061, 0.266117]"
Chameleon,client,99,345,3,MR,attack_member,evaluation,2,1,0.5680710673332214,0,0.6727619171142578,True,10,0.0,0,"[0.009177, 0.010263, 0.180412, 0.619245, 0.180903]"
Chameleon,client,99,394,3,MR,attack_member,evaluation,3,1,0.7597538828849792,1,0.6727619171142578,True,1,0.0,1,"[0.030264, 0.033421, 0.103151, 0.757529, 0.075635]"
Chameleon,client,99,499,3,MR,attack_member,evaluation,1,1,0.5846584439277649,0,0.6727619171142578,True,0,,1,"[0.180057, 0.604958, 0.048435, 0.09681, 0.06974]"
Chameleon,client,99,501,3,MR,attack_member,evaluation,3,1,0.4740390479564667,0,0.6727619171142578,True,32,0.15625,0,"[0.026436, 0.016406, 0.460736, 0.285786, 0.210636]"
Chameleon,client,99,503,3,MR,attack_member,evaluation,2,1,0.42672574520111084,0,0.6727619171142578,True,34,0.29411764705882354,1,"[0.026101, 0.018626, 0.404894, 0.291368, 0.25901]"
Chameleon,client,99,504,3,MR,attack_member,evaluation,4,1,0.45527172088623047,0,0.6727619171142578,True,44,0.4090909090909091,1,"[0.004027, 0.010004, 0.092085, 0.290915, 0.602968]"
Chameleon,client,99,547,3,MR,attack_member,evaluation,1,1,0.45930224657058716,0,0.6727619171142578,True,26,0.0,0,"[0.023378, 0.016531, 0.456482, 0.280004, 0.223605]"
Chameleon,client,99,707,3,MR,attack_member,evaluation,4,1,0.5148311853408813,0,0.6727619171142578,True,6,0.3333333333333333,1,"[0.000437, 0.003823, 0.028317, 0.181562, 0.785861]"
Chameleon,client,99,725,3,MR,attack_member,evaluation,4,1,0.5518693327903748,0,0.6727619171142578,True,13,0.46153846153846156,1,"[0.000102, 0.001298, 0.020249, 0.058116, 0.920235]"
Chameleon,client,99,747,3,MR,attack_member,evaluation,3,1,0.4804612994194031,0,0.6727619171142578,True,8,0.375,0,"[0.00027, 0.002146, 0.024809, 0.319287, 0.653487]"
Chameleon,client,99,794,3,MR,attack_member,evaluation,2,1,0.5418384671211243,0,0.6727619171142578,True,7,0.2857142857142857,0,"[0.006002, 0.006889, 0.3521, 0.449489, 0.18552]"
Chameleon,client,99,811,3,MR,attack_member,evaluation,3,1,0.8611130714416504,1,0.6727619171142578,True,1,0.0,1,"[0.001555, 0.000261, 0.149166, 0.831866, 0.017153]"
Chameleon,client,99,872,3,MR,attack_member,evaluation,3,1,0.546171247959137,0,0.6727619171142578,True,0,,0,"[2.3e-05, 0.000322, 0.004945, 0.103843, 0.890866]"
Chameleon,client,99,471,0,MR,attack_nonmember,evaluation,0,0,0.213783860206604,0,0.6727619171142578,True,1,0.0,0,"[0.107777, 0.317575, 0.144023, 0.053864, 0.376761]"
Chameleon,client,99,536,0,MR,attack_nonmember,evaluation,2,0,0.38361090421676636,0,0.6727619171142578,True,6,0.16666666666666666,0,"[0.740927, 0.013527, 0.076412, 0.08435, 0.084784]"
Chameleon,client,99,538,0,MR,attack_nonmember,evaluation,3,0,0.44956421852111816,0,0.6727619171142578,True,2,0.0,0,"[0.235838, 0.160371, 0.282897, 0.190383, 0.13051]"
Chameleon,client,99,553,0,MR,attack_nonmember,evaluation,4,0,0.44915443658828735,0,0.6727619171142578,True,76,0.07894736842105263,0,"[0.969618, 0.012321, 0.005463, 0.000282, 0.012316]"
Chameleon,client,99,579,0,MR,attack_nonmember,evaluation,0,0,0.34435299038887024,0,0.6727619171142578,True,8,0.5,1,"[0.772219, 0.062032, 0.052618, 0.025677, 0.087454]"
Chameleon,client,99,631,0,MR,attack_nonmember,evaluation,2,0,0.4970698952674866,0,0.6727619171142578,True,2,0.0,1,"[0.255045, 0.068485, 0.425816, 0.134468, 0.116187]"
Chameleon,client,99,693,0,MR,attack_nonmember,evaluation,1,0,0.4378187358379364,0,0.6727619171142578,True,2,0.0,0,"[0.244901, 0.217, 0.218602, 0.192988, 0.126509]"
Chameleon,client,99,717,0,MR,attack_nonmember,evaluation,1,0,0.35357317328453064,0,0.6727619171142578,True,1,0.0,0,"[0.723711, 0.079597, 0.083855, 0.024983, 0.087852]"
Chameleon,client,99,752,0,MR,attack_nonmember,evaluation,0,0,0.33204755187034607,0,0.6727619171142578,True,0,,1,"[0.251256, 0.157802, 0.215653, 0.17582, 0.19947]"
Chameleon,client,99,754,0,MR,attack_nonmember,evaluation,0,0,0.4803016781806946,0,0.6727619171142578,True,0,,1,"[0.251051, 0.250896, 0.208589, 0.186893, 0.102571]"
Chameleon,client,99,874,0,MR,attack_nonmember,evaluation,4,0,0.39936965703964233,0,0.6727619171142578,True,0,,0,"[0.000117, 0.000102, 0.451285, 0.195762, 0.352735]"
Chameleon,client,99,18,1,MR,attack_nonmember,evaluation,3,0,0.5899099707603455,0,0.6727619171142578,True,0,,0,"[0.208373, 0.115442, 0.354866, 0.239657, 0.081662]"
Chameleon,client,99,54,1,MR,attack_nonmember,evaluation,0,0,0.5505161881446838,0,0.6727619171142578,True,0,,1,"[0.422207, 0.175347, 0.18962, 0.165163, 0.047663]"
Chameleon,client,99,280,1,MR,attack_nonmember,evaluation,0,0,0.7371278405189514,1,0.6727619171142578,True,1,0.0,0,"[0.027382, 0.763142, 0.106539, 0.072303, 0.030635]"
Chameleon,client,99,291,1,MR,attack_nonmember,evaluation,0,0,0.5177929401397705,0,0.6727619171142578,True,0,,1,"[0.459103, 0.148658, 0.110852, 0.220667, 0.060721]"
Chameleon,client,99,375,1,MR,attack_nonmember,evaluation,1,0,0.42057663202285767,0,0.6727619171142578,True,1,0.0,0,"[0.896001, 0.035692, 0.032187, 0.003469, 0.032651]"
Chameleon,client,99,387,1,MR,attack_nonmember,evaluation,3,0,0.7174713611602783,1,0.6727619171142578,True,0,,0,"[0.09116, 0.220541, 0.571315, 0.094563, 0.022421]"
Chameleon,client,99,399,1,MR,attack_nonmember,evaluation,0,0,0.47484055161476135,0,0.6727619171142578,True,0,,1,"[0.304407, 0.250133, 0.226583, 0.12674, 0.092136]"
Chameleon,client,99,406,1,MR,attack_nonmember,evaluation,0,0,0.47484055161476135,0,0.6727619171142578,True,0,,1,"[0.304407, 0.250133, 0.226583, 0.12674, 0.092136]"
Chameleon,client,99,425,1,MR,attack_nonmember,evaluation,0,0,0.4758731722831726,0,0.6727619171142578,True,0,,0,"[0.211508, 0.396075, 0.156916, 0.13269, 0.102811]"
Chameleon,client,99,429,1,MR,attack_nonmember,evaluation,0,0,0.47484055161476135,0,0.6727619171142578,True,0,,1,"[0.304407, 0.250133, 0.226583, 0.12674, 0.092136]"
Chameleon,client,99,658,1,MR,attack_nonmember,evaluation,4,0,0.7042543888092041,1,0.6727619171142578,True,4,0.0,0,"[0.265218, 0.132281, 0.297825, 0.287418, 0.017257]"
Chameleon,client,99,91,2,MR,attack_nonmember,evaluation,4,0,0.5497037172317505,0,0.6727619171142578,True,7,0.5714285714285714,1,"[0.010865, 0.001015, 0.022324, 0.043257, 0.922539]"
Chameleon,client,99,199,2,MR,attack_nonmember,evaluation,4,0,0.36152178049087524,0,0.6727619171142578,True,3,0.6666666666666666,1,"[0.005266, 0.130997, 0.000822, 0.335061, 0.527854]"
Chameleon,client,99,220,2,MR,attack_nonmember,evaluation,2,0,0.821255087852478,1,0.6727619171142578,True,1,1.0,1,"[0.016035, 0.006693, 0.83756, 0.136995, 0.002718]"
Chameleon,client,99,223,2,MR,attack_nonmember,evaluation,1,0,0.44901493191719055,0,0.6727619171142578,True,0,,0,"[0.148774, 0.055424, 0.0667, 0.525245, 0.203857]"
Chameleon,client,99,229,2,MR,attack_nonmember,evaluation,2,0,0.5568914413452148,0,0.6727619171142578,True,7,0.5714285714285714,1,"[0.215852, 0.208625, 0.337202, 0.159404, 0.078917]"
Chameleon,client,99,256,2,MR,attack_nonmember,evaluation,3,0,0.3463495969772339,0,0.6727619171142578,True,4,0.25,0,"[0.274925, 0.114401, 0.381008, 0.046123, 0.183542]"
Chameleon,client,99,359,2,MR,attack_nonmember,evaluation,2,0,0.4491257965564728,0,0.6727619171142578,True,2,0.5,0,"[0.273677, 0.235222, 0.202014, 0.176231, 0.112856]"
Chameleon,client,99,414,2,MR,attack_nonmember,evaluation,2,0,0.43644922971725464,0,0.6727619171142578,True,1,0.0,0,"[0.004552, 0.001068, 0.000426, 0.582613, 0.411342]"
Chameleon,client,99,558,2,MR,attack_nonmember,evaluation,3,0,0.3235287368297577,0,0.6727619171142578,True,3,0.0,0,"[0.181142, 0.123934, 0.291286, 0.159699, 0.243938]"
Chameleon,client,99,768,2,MR,attack_nonmember,evaluation,3,0,0.5412428975105286,0,0.6727619171142578,True,0,,0,"[0.212507, 0.042712, 0.619842, 0.023405, 0.101534]"
Chameleon,client,99,875,2,MR,attack_nonmember,evaluation,2,0,0.5632680058479309,0,0.6727619171142578,True,0,,1,"[0.053222, 0.19377, 0.524675, 0.122568, 0.105765]"
Chameleon,client,99,14,3,MR,attack_nonmember,evaluation,3,0,0.44185006618499756,0,0.6727619171142578,True,49,0.24489795918367346,0,"[0.106236, 0.037687, 0.360121, 0.290383, 0.205573]"
Chameleon,client,99,19,3,MR,attack_nonmember,evaluation,4,0,0.4531499743461609,0,0.6727619171142578,True,71,0.2535211267605634,0,"[0.048097, 0.018133, 0.396578, 0.312704, 0.224488]"
Chameleon,client,99,324,3,MR,attack_nonmember,evaluation,3,0,0.49733203649520874,0,0.6727619171142578,True,45,0.17777777777777778,0,"[0.039504, 0.015625, 0.479066, 0.276643, 0.189162]"
Chameleon,client,99,454,3,MR,attack_nonmember,evaluation,2,0,0.4269002079963684,0,0.6727619171142578,True,38,0.23684210526315788,0,"[0.005567, 0.007507, 0.219524, 0.239917, 0.527486]"
Chameleon,client,99,552,3,MR,attack_nonmember,evaluation,3,0,0.42723777890205383,0,0.6727619171142578,True,28,0.07142857142857142,1,"[0.006705, 0.008454, 0.187287, 0.475439, 0.322115]"
Chameleon,client,99,556,3,MR,attack_nonmember,evaluation,3,0,0.4426496922969818,0,0.6727619171142578,True,12,0.16666666666666666,0,"[0.004281, 0.011001, 0.074509, 0.36208, 0.548129]"
Chameleon,client,99,663,3,MR,attack_nonmember,evaluation,3,0,0.4852110743522644,0,0.6727619171142578,True,19,0.21052631578947367,0,"[0.00046, 0.001663, 0.077139, 0.234184, 0.686554]"
Chameleon,client,99,695,3,MR,attack_nonmember,evaluation,2,0,0.3886762261390686,0,0.6727619171142578,True,14,0.21428571428571427,0,"[0.01692, 0.023334, 0.302708, 0.263891, 0.393148]"
Chameleon,client,99,708,3,MR,attack_nonmember,evaluation,4,0,0.36579740047454834,0,0.6727619171142578,True,11,0.5454545454545454,0,"[0.025544, 0.0423, 0.426874, 0.157749, 0.347533]"
Chameleon,client,99,5,4,MR,F,evaluation,2,0,0.32341545820236206,0,0.6727619171142578,True,4,0.0,0,"[0.267209, 0.212177, 0.194664, 0.141212, 0.184738]"
Chameleon,client,99,46,4,MR,F,evaluation,0,0,0.255568265914917,0,0.6727619171142578,True,7,0.0,0,"[0.236838, 0.355146, 0.121212, 0.069468, 0.217335]"
Chameleon,client,99,62,4,MR,F,evaluation,0,0,0.29404348134994507,0,0.6727619171142578,True,56,0.25,1,"[0.328018, 0.294591, 0.129857, 0.074272, 0.173262]"
Chameleon,client,99,78,4,MR,F,evaluation,2,0,0.28951072692871094,0,0.6727619171142578,True,52,0.2692307692307692,0,"[0.325551, 0.29869, 0.130635, 0.068954, 0.17617]"
Chameleon,client,99,80,4,MR,F,evaluation,0,0,0.2846248745918274,0,0.6727619171142578,True,52,0.2692307692307692,1,"[0.334585, 0.29019, 0.132471, 0.064246, 0.178508]"
Chameleon,client,99,108,4,MR,F,evaluation,2,0,0.37443533539772034,0,0.6727619171142578,True,6,0.0,0,"[0.289071, 0.211584, 0.182102, 0.168072, 0.149171]"
Chameleon,client,99,203,4,MR,F,evaluation,2,0,0.2778010070323944,0,0.6727619171142578,True,46,0.32608695652173914,0,"[0.337673, 0.28735, 0.130568, 0.061218, 0.183191]"
Chameleon,client,99,207,4,MR,F,evaluation,0,0,0.26925304532051086,0,0.6727619171142578,True,42,0.23809523809523808,1,"[0.328594, 0.286994, 0.127655, 0.064224, 0.192533]"
Chameleon,client,99,221,4,MR,F,evaluation,0,0,0.2670575976371765,0,0.6727619171142578,True,41,0.21951219512195122,1,"[0.327722, 0.287998, 0.126364, 0.063514, 0.194401]"
Chameleon,client,99,224,4,MR,F,evaluation,4,0,0.32879599928855896,0,0.6727619171142578,True,3,0.0,1,"[0.145943, 0.152498, 0.025466, 0.044403, 0.63169]"
Chameleon,client,99,249,4,MR,F,evaluation,4,0,0.2679550349712372,0,0.6727619171142578,True,50,0.04,0,"[0.321879, 0.293405, 0.127493, 0.063093, 0.19413]"
Chameleon,client,99,254,4,MR,F,evaluation,0,0,0.27483466267585754,0,0.6727619171142578,True,40,0.225,1,"[0.333002, 0.303635, 0.122843, 0.056529, 0.183991]"
Chameleon,client,99,262,4,MR,F,evaluation,3,0,0.3483458459377289,0,0.6727619171142578,True,16,0.25,0,"[0.254126, 0.364219, 0.156716, 0.074457, 0.150481]"
Chameleon,client,99,267,4,MR,F,evaluation,3,0,0.3802202045917511,0,0.6727619171142578,True,2,0.5,0,"[0.280009, 0.199411, 0.220105, 0.151729, 0.148746]"
Chameleon,client,99,269,4,MR,F,evaluation,0,0,0.2622712552547455,0,0.6727619171142578,True,38,0.18421052631578946,1,"[0.325825, 0.290186, 0.124183, 0.061267, 0.198539]"
Chameleon,client,99,281,4,MR,F,evaluation,2,0,0.5046380162239075,0,0.6727619171142578,True,1,0.0,0,"[0.183879, 0.229095, 0.219117, 0.25759, 0.110318]"
Chameleon,client,99,283,4,MR,F,evaluation,0,0,0.2945515811443329,0,0.6727619171142578,True,5,0.0,0,"[0.242148, 0.257975, 0.169924, 0.127192, 0.202761]"
Chameleon,client,99,296,4,MR,F,evaluation,3,0,0.375552773475647,0,0.6727619171142578,True,5,0.2,0,"[0.17802, 0.230378, 0.247937, 0.173876, 0.169789]"
Chameleon,client,99,299,4,MR,F,evaluation,2,0,0.30374962091445923,0,0.6727619171142578,True,15,0.5333333333333333,0,"[0.295888, 0.337575, 0.131081, 0.066555, 0.168901]"
Chameleon,client,99,334,4,MR,F,evaluation,0,0,0.2552230656147003,0,0.6727619171142578,True,35,0.17142857142857143,1,"[0.323816, 0.29276, 0.119754, 0.058749, 0.204921]"
Chameleon,client,99,348,4,MR,F,evaluation,0,0,0.42884504795074463,0,0.6727619171142578,True,2,0.0,1,"[0.338399, 0.258471, 0.199164, 0.100104, 0.103863]"
Chameleon,client,99,354,4,MR,F,evaluation,2,0,0.28764989972114563,0,0.6727619171142578,True,35,0.37142857142857144,0,"[0.348093, 0.347676, 0.09418, 0.043601, 0.16645]"
Chameleon,client,99,411,4,MR,F,evaluation,3,0,0.28332123160362244,0,0.6727619171142578,True,4,0.25,0,"[0.183143, 0.163981, 0.166112, 0.197445, 0.289318]"
Chameleon,client,99,442,4,MR,F,evaluation,0,0,0.22988101840019226,0,0.6727619171142578,True,26,0.07692307692307693,1,"[0.326452, 0.288634, 0.106298, 0.046213, 0.232402]"
Chameleon,client,99,472,4,MR,F,evaluation,2,0,0.2643287777900696,0,0.6727619171142578,True,29,0.27586206896551724,0,"[0.362493, 0.319614, 0.099238, 0.036409, 0.182247]"
Chameleon,client,99,486,4,MR,F,evaluation,2,0,0.2779707610607147,0,0.6727619171142578,True,7,0.14285714285714285,0,"[0.293531, 0.223692, 0.158447, 0.112667, 0.211663]"
Chameleon,client,99,548,4,MR,F,evaluation,0,0,0.3419586420059204,0,0.6727619171142578,True,3,0.0,0,"[0.229173, 0.135296, 0.15297, 0.268517, 0.214045]"
Chameleon,client,99,624,4,MR,F,evaluation,2,0,0.23773695528507233,0,0.6727619171142578,True,18,0.3333333333333333,0,"[0.326686, 0.301232, 0.11038, 0.042407, 0.219294]"
Chameleon,client,99,648,4,MR,F,evaluation,3,0,0.24536001682281494,0,0.6727619171142578,True,6,0.6666666666666666,0,"[0.284789, 0.209507, 0.145559, 0.096976, 0.263169]"
Chameleon,client,99,669,4,MR,F,evaluation,3,0,0.36090725660324097,0,0.6727619171142578,True,4,0.5,0,"[0.32199, 0.387088, 0.095372, 0.065172, 0.130378]"
Chameleon,client,99,687,4,MR,F,evaluation,2,0,0.2234635055065155,0,0.6727619171142578,True,12,0.25,0,"[0.318593, 0.295082, 0.106263, 0.038857, 0.241205]"
Chameleon,client,99,716,4,MR,F,evaluation,3,0,0.2643347382545471,0,0.6727619171142578,True,6,0.5,0,"[0.274328, 0.208134, 0.182285, 0.097627, 0.237626]"
Chameleon,client,99,760,4,MR,F,evaluation,2,0,0.2634182572364807,0,0.6727619171142578,True,3,0.0,0,"[0.289434, 0.270323, 0.137687, 0.089415, 0.213141]"
Chameleon,client,99,798,4,MR,F,evaluation,3,0,0.21389718353748322,0,0.6727619171142578,True,9,0.2222222222222222,0,"[0.291092, 0.292521, 0.108525, 0.039353, 0.268508]"
Chameleon,client,99,818,4,MR,F,evaluation,4,0,0.20793256163597107,0,0.6727619171142578,True,7,0.0,0,"[0.293021, 0.297328, 0.098636, 0.033777, 0.277238]"
Chameleon,client,99,823,4,MR,F,evaluation,2,0,0.22633391618728638,0,0.6727619171142578,True,5,0.4,0,"[0.281207, 0.337097, 0.108315, 0.035684, 0.237697]"
Chameleon,client,99,825,4,MR,F,evaluation,3,0,0.26133468747138977,0,0.6727619171142578,True,2,0.5,0,"[0.368735, 0.195837, 0.156122, 0.067118, 0.212189]"
Chameleon,client,99,843,4,MR,F,evaluation,3,0,0.2722242474555969,0,0.6727619171142578,True,3,0.0,0,"[0.281792, 0.315182, 0.168076, 0.039603, 0.195348]"
Chameleon,client,99,844,4,MR,F,evaluation,1,0,0.32527488470077515,0,0.6727619171142578,True,2,0.5,1,"[0.298504, 0.302782, 0.201656, 0.040325, 0.156734]"
Chameleon,client,99,845,4,MR,F,evaluation,2,0,0.36336371302604675,0,0.6727619171142578,True,1,0.0,0,"[0.312571, 0.290513, 0.21447, 0.047884, 0.134563]"
Chameleon,client,99,856,4,MR,F,evaluation,1,0,0.40224725008010864,0,0.6727619171142578,True,0,,0,"[0.430856, 0.175395, 0.211946, 0.075847, 0.105956]"
Chameleon,client,99,0,4,MR,F,evaluation,3,0,0.539533793926239,0,0.6727619171142578,True,18,0.2222222222222222,1,"[0.04852, 0.002216, 0.00272, 0.743191, 0.203354]"
Chameleon,client,99,12,4,MR,F,evaluation,4,0,0.45012614130973816,0,0.6727619171142578,True,9,0.5555555555555556,0,"[0.096298, 0.009781, 0.009387, 0.628322, 0.256212]"
Chameleon,client,99,52,4,MR,F,evaluation,3,0,0.2715126574039459,0,0.6727619171142578,True,10,0.2,0,"[0.418012, 0.153703, 0.091086, 0.129727, 0.207472]"
Chameleon,client,99,200,4,MR,F,evaluation,2,0,0.3941435217857361,0,0.6727619171142578,True,7,0.0,0,"[0.151369, 0.030669, 0.03908, 0.500782, 0.278101]"
Chameleon,client,99,309,4,MR,F,evaluation,2,0,0.28430962562561035,0,0.6727619171142578,True,2,0.5,0,"[0.302502, 0.188544, 0.14205, 0.149449, 0.217456]"
Chameleon,client,99,314,4,MR,F,evaluation,2,0,0.4249362349510193,0,0.6727619171142578,True,3,0.3333333333333333,0,"[0.22301, 0.061457, 0.079051, 0.444968, 0.191514]"
Chameleon,client,99,466,4,MR,F,evaluation,2,0,0.41314926743507385,0,0.6727619171142578,True,3,0.3333333333333333,0,"[0.072486, 0.108049, 0.026015, 0.050086, 0.743364]"
Chameleon,client,99,508,4,MR,F,evaluation,1,0,0.337619423866272,0,0.6727619171142578,True,4,0.0,0,"[0.211004, 0.078152, 0.101546, 0.33715, 0.272147]"
Chameleon,client,99,512,4,MR,F,evaluation,1,0,0.5096317529678345,0,0.6727619171142578,True,11,0.09090909090909091,0,"[0.053348, 0.002821, 0.003306, 0.717343, 0.223182]"
Chameleon,client,99,529,4,MR,F,evaluation,4,0,0.2907350957393646,0,0.6727619171142578,True,4,0.25,1,"[0.19527, 0.106802, 0.16161, 0.129756, 0.406561]"
Chameleon,client,99,543,4,MR,F,evaluation,4,0,0.559253454208374,0,0.6727619171142578,True,10,0.4,0,"[0.051208, 0.002265, 0.002611, 0.754159, 0.189757]"
Chameleon,client,99,571,4,MR,F,evaluation,0,0,0.5034633874893188,0,0.6727619171142578,True,0,,0,"[0.24073, 0.184685, 0.269148, 0.20334, 0.102097]"
Chameleon,client,99,599,4,MR,F,evaluation,4,0,0.5005239248275757,0,0.6727619171142578,True,11,0.2727272727272727,0,"[0.071569, 0.003744, 0.004069, 0.697481, 0.223138]"
Chameleon,client,99,603,4,MR,F,evaluation,4,0,0.48719069361686707,0,0.6727619171142578,True,10,0.2,0,"[0.051805, 0.002504, 0.001771, 0.700309, 0.243612]"
Chameleon,client,99,633,4,MR,F,evaluation,3,0,0.5078858137130737,0,0.6727619171142578,True,6,0.3333333333333333,1,"[0.035787, 0.002136, 0.001357, 0.728953, 0.231767]"
Chameleon,client,99,640,4,MR,F,evaluation,2,0,0.6654080152511597,0,0.6727619171142578,True,2,0.5,1,"[0.088264, 0.008024, 0.457799, 0.351647, 0.094267]"
Chameleon,client,99,739,4,MR,F,evaluation,2,0,0.25424501299858093,0,0.6727619171142578,True,1,0.0,0,"[0.253575, 0.150155, 0.110423, 0.060566, 0.425282]"
Chameleon,client,99,740,4,MR,F,evaluation,3,0,0.31451159715652466,0,0.6727619171142578,True,1,1.0,0,"[0.206981, 0.12437, 0.24491, 0.175603, 0.248136]"
Chameleon,client,99,751,4,MR,F,evaluation,3,0,0.36122146248817444,0,0.6727619171142578,True,0,,0,"[0.096601, 0.110653, 0.025913, 0.176402, 0.590431]"
Chameleon,client,99,777,4,MR,F,evaluation,2,0,0.3531784117221832,0,0.6727619171142578,True,3,0.3333333333333333,0,"[0.331181, 0.031681, 0.020817, 0.381848, 0.234473]"
Chameleon,client,99,786,4,MR,F,evaluation,2,0,0.4063873887062073,0,0.6727619171142578,True,1,0.0,0,"[0.381187, 0.309115, 0.180374, 0.029652, 0.099672]"
Chameleon,client,99,846,4,MR,F,evaluation,3,0,0.6995184421539307,1,0.6727619171142578,True,0,,1,"[0.045881, 0.001788, 0.001152, 0.83483, 0.11635]"
Chameleon,client,99,853,4,MR,F,evaluation,0,0,0.45652976632118225,0,0.6727619171142578,True,0,,0,"[0.111233, 0.274888, 0.259445, 0.215722, 0.138712]"
Chameleon,client,99,865,4,MR,F,evaluation,0,0,0.45827969908714294,0,0.6727619171142578,True,0,,1,"[0.390293, 0.283449, 0.217615, 0.03148, 0.077163]"
Chameleon,client,99,884,4,MR,F,evaluation,1,0,0.2605643570423126,0,0.6727619171142578,True,0,,0,"[0.254113, 0.147939, 0.069282, 0.080825, 0.447842]"
Chameleon,client,99,9,4,MR,F,evaluation,2,0,0.5520519018173218,0,0.6727619171142578,True,1,1.0,0,"[0.100283, 0.372611, 0.31448, 0.12162, 0.091005]"
Chameleon,client,99,142,4,MR,F,evaluation,4,0,0.46312618255615234,0,0.6727619171142578,True,3,0.6666666666666666,0,"[0.086083, 0.590021, 0.08885, 0.101507, 0.13354]"
Chameleon,client,99,173,4,MR,F,evaluation,3,0,0.30141809582710266,0,0.6727619171142578,True,1,0.0,0,"[0.139649, 0.118163, 0.201523, 0.195341, 0.345324]"
Chameleon,client,99,273,4,MR,F,evaluation,2,0,0.4265545904636383,0,0.6727619171142578,True,2,0.0,0,"[0.126615, 0.38604, 0.308439, 0.043958, 0.134948]"
Chameleon,client,99,275,4,MR,F,evaluation,3,0,0.3877794146537781,0,0.6727619171142578,True,0,,0,"[0.222605, 0.327858, 0.293573, 0.020063, 0.135901]"
Chameleon,client,99,318,4,MR,F,evaluation,4,0,0.281060129404068,0,0.6727619171142578,True,3,0.0,0,"[0.30619, 0.248134, 0.153614, 0.09445, 0.197612]"
Chameleon,client,99,319,4,MR,F,evaluation,1,0,0.2568541169166565,0,0.6727619171142578,True,3,0.3333333333333333,0,"[0.316958, 0.138802, 0.1502, 0.110721, 0.283318]"
Chameleon,client,99,332,4,MR,F,evaluation,4,0,0.5197776556015015,0,0.6727619171142578,True,1,1.0,0,"[0.159042, 0.381988, 0.204734, 0.158864, 0.095371]"
Chameleon,client,99,346,4,MR,F,evaluation,3,0,0.3192234933376312,0,0.6727619171142578,True,10,0.3,0,"[0.187009, 0.045478, 0.297411, 0.083097, 0.387006]"
Chameleon,client,99,410,4,MR,F,evaluation,3,0,0.3033486604690552,0,0.6727619171142578,True,5,0.6,0,"[0.251884, 0.053842, 0.239868, 0.125309, 0.329097]"
Chameleon,client,99,415,4,MR,F,evaluation,3,0,0.3176725506782532,0,0.6727619171142578,True,9,0.2222222222222222,0,"[0.194674, 0.044189, 0.296806, 0.078026, 0.386305]"
Chameleon,client,99,427,4,MR,F,evaluation,2,0,0.4409046769142151,0,0.6727619171142578,True,1,1.0,0,"[0.287675, 0.372537, 0.143438, 0.093867, 0.102483]"
Chameleon,client,99,434,4,MR,F,evaluation,0,0,0.47484055161476135,0,0.6727619171142578,True,0,,1,"[0.304407, 0.250133, 0.226583, 0.12674, 0.092136]"
Chameleon,client,99,436,4,MR,F,evaluation,2,0,0.3782733976840973,0,0.6727619171142578,True,1,0.0,0,"[0.400028, 0.10211, 0.063371, 0.282037, 0.152455]"
Chameleon,client,99,444,4,MR,F,evaluation,4,0,0.3526773452758789,0,0.6727619171142578,True,1,1.0,0,"[0.077108, 0.108936, 0.108479, 0.404908, 0.300569]"
Chameleon,client,99,479,4,MR,F,evaluation,0,0,0.5611023902893066,0,0.6727619171142578,True,3,0.3333333333333333,0,"[0.179661, 0.520693, 0.16023, 0.065494, 0.073922]"
Chameleon,client,99,542,4,MR,F,evaluation,1,0,0.3051657974720001,0,0.6727619171142578,True,6,0.0,0,"[0.255448, 0.037992, 0.26698, 0.056027, 0.383552]"
Chameleon,client,99,582,4,MR,F,evaluation,3,0,0.7384579181671143,1,0.6727619171142578,True,0,,0,"[0.021642, 0.384596, 0.234599, 0.333951, 0.025212]"
Chameleon,client,99,620,4,MR,F,evaluation,3,0,0.4072853624820709,0,0.6727619171142578,True,1,0.0,0,"[0.304913, 0.095815, 0.23583, 0.21069, 0.152752]"
Chameleon,client,99,651,4,MR,F,evaluation,3,0,0.2575899660587311,0,0.6727619171142578,True,1,0.0,0,"[0.397831, 0.063421, 0.198972, 0.020194, 0.319582]"
Chameleon,client,99,686,4,MR,F,evaluation,3,0,0.3013503849506378,0,0.6727619171142578,True,0,,0,"[0.026052, 0.155223, 0.350426, 0.119263, 0.349035]"
Chameleon,client,99,737,4,MR,F,evaluation,3,0,0.398927241563797,0,0.6727619171142578,True,0,,0,"[0.530299, 0.032052, 0.063798, 0.248383, 0.125469]"
Chameleon,client,99,851,4,MR,F,evaluation,0,0,0.612091600894928,0,0.6727619171142578,True,1,0.0,0,"[0.134536, 0.54911, 0.1751, 0.079291, 0.061962]"
Chameleon,client,99,858,4,MR,F,evaluation,3,0,0.2627755105495453,0,0.6727619171142578,True,2,0.0,0,"[0.414274, 0.045448, 0.158331, 0.02827, 0.353677]"
Chameleon,client,99,880,4,MR,F,evaluation,4,0,0.4208008050918579,0,0.6727619171142578,True,0,,0,"[0.095382, 0.190556, 0.10035, 0.427033, 0.186679]"
Chameleon,client,99,885,4,MR,F,evaluation,4,0,0.24045297503471375,0,0.6727619171142578,True,0,,0,"[0.508625, 0.060486, 0.125461, 0.019588, 0.28584]"
Chameleon,client,99,887,4,MR,F,evaluation,0,0,0.5977123379707336,0,0.6727619171142578,True,0,,0,"[0.289159, 0.187016, 0.376044, 0.100768, 0.047013]"
Chameleon,client,99,97,4,MR,H,evaluation,0,0,0.2780970335006714,0,0.6727619171142578,True,48,0.25,1,"[0.330188, 0.285232, 0.130692, 0.068395, 0.185492]"
Chameleon,client,99,130,4,MR,H,evaluation,1,0,0.2835281491279602,0,0.6727619171142578,True,48,0.25,0,"[0.332985, 0.283618, 0.134043, 0.068464, 0.18089]"
Chameleon,client,99,141,4,MR,H,evaluation,1,0,0.2542216181755066,0,0.6727619171142578,True,46,0.21739130434782608,0,"[0.30677, 0.283743, 0.124868, 0.071387, 0.213231]"
Chameleon,client,99,165,4,MR,H,evaluation,0,0,0.27330318093299866,0,0.6727619171142578,True,45,0.24444444444444444,1,"[0.329689, 0.286025, 0.128625, 0.066452, 0.189209]"
Chameleon,client,99,304,4,MR,H,evaluation,1,0,0.25750449299812317,0,0.6727619171142578,True,36,0.25,0,"[0.324478, 0.2918, 0.121325, 0.059566, 0.202832]"
Chameleon,client,99,337,4,MR,H,evaluation,1,0,0.23871243000030518,0,0.6727619171142578,True,36,0.2222222222222222,0,"[0.325648, 0.276239, 0.118215, 0.054283, 0.225615]"
Chameleon,client,99,424,4,MR,H,evaluation,1,0,0.3711150884628296,0,0.6727619171142578,True,3,0.0,0,"[0.276626, 0.263406, 0.179936, 0.13521, 0.144821]"
Chameleon,client,99,447,4,MR,H,evaluation,4,0,0.6490954160690308,0,0.6727619171142578,True,6,0.3333333333333333,0,"[0.138114, 0.655055, 0.095302, 0.061126, 0.050402]"
Chameleon,client,99,488,4,MR,H,evaluation,0,0,0.2380739003419876,0,0.6727619171142578,True,21,0.047619047619047616,1,"[0.324409, 0.300942, 0.108934, 0.045824, 0.219891]"
Chameleon,client,99,495,4,MR,H,evaluation,1,0,0.2405717521905899,0,0.6727619171142578,True,21,0.2857142857142857,0,"[0.323583, 0.299138, 0.113422, 0.046106, 0.217751]"
Chameleon,client,99,518,4,MR,H,evaluation,1,0,0.3010261356830597,0,0.6727619171142578,True,2,0.0,0,"[0.288378, 0.274727, 0.145452, 0.109264, 0.182179]"
Chameleon,client,99,560,4,MR,H,evaluation,3,0,0.22803349792957306,0,0.6727619171142578,True,21,0.23809523809523808,0,"[0.332199, 0.283883, 0.10846, 0.041438, 0.234021]"
Chameleon,client,99,628,4,MR,H,evaluation,1,0,0.26499345898628235,0,0.6727619171142578,True,17,0.17647058823529413,0,"[0.364632, 0.334209, 0.088065, 0.033587, 0.179507]"
Chameleon,client,99,642,4,MR,H,evaluation,2,0,0.2833091914653778,0,0.6727619171142578,True,17,0.35294117647058826,0,"[0.359704, 0.366157, 0.080119, 0.029063, 0.164956]"
Chameleon,client,99,644,4,MR,H,evaluation,3,0,0.5560974478721619,0,0.6727619171142578,True,1,1.0,0,"[0.230503, 0.420696, 0.114922, 0.165538, 0.068341]"
Chameleon,client,99,645,4,MR,H,evaluation,2,0,0.23999296128749847,0,0.6727619171142578,True,14,0.2857142857142857,0,"[0.340289, 0.32179, 0.091246, 0.037722, 0.208953]"
Chameleon,client,99,744,4,MR,H,evaluation,3,0,0.29367396235466003,0,0.6727619171142578,True,1,1.0,0,"[0.276841, 0.322168, 0.104465, 0.112634, 0.183892]"
Chameleon,client,99,775,4,MR,H,evaluation,3,0,0.21757791936397552,0,0.6727619171142578,True,9,0.2222222222222222,0,"[0.302836, 0.304962, 0.102513, 0.037427, 0.252262]"
Chameleon,client,99,1,4,MR,H,evaluation,0,0,0.534555971622467,0,0.6727619171142578,True,9,0.0,0,"[0.081705, 0.006915, 0.007798, 0.709935, 0.193647]"
Chameleon,client,99,6,4,MR,H,evaluation,0,0,0.4267916679382324,0,0.6727619171142578,True,2,0.0,0,"[0.15656, 0.003723, 0.022709, 0.561031, 0.255976]"
Chameleon,client,99,64,4,MR,H,evaluation,3,0,0.27512088418006897,0,0.6727619171142578,True,8,0.125,0,"[0.39824, 0.219255, 0.114426, 0.083016, 0.185063]"
Chameleon,client,99,101,4,MR,H,evaluation,0,0,0.349045991897583,0,0.6727619171142578,True,5,0.2,0,"[0.228503, 0.091025, 0.103875, 0.339765, 0.236831]"
Chameleon,client,99,148,4,MR,H,evaluation,1,0,0.34114715456962585,0,0.6727619171142578,True,4,0.0,0,"[0.140573, 0.075286, 0.041251, 0.299176, 0.443714]"
Chameleon,client,99,176,4,MR,H,evaluation,2,0,0.3809528648853302,0,0.6727619171142578,True,7,0.14285714285714285,0,"[0.185056, 0.034474, 0.042926, 0.464654, 0.272889]"
Chameleon,client,99,333,4,MR,H,evaluation,2,0,0.41475358605384827,0,0.6727619171142578,True,10,0.0,0,"[0.060554, 0.006877, 0.004095, 0.547691, 0.380783]"
Chameleon,client,99,463,4,MR,H,evaluation,0,0,0.3921663761138916,0,0.6727619171142578,True,2,0.5,1,"[0.38047, 0.318717, 0.165124, 0.029941, 0.105748]"
Chameleon,client,99,464,4,MR,H,evaluation,1,0,0.5672422647476196,0,0.6727619171142578,True,3,0.6666666666666666,0,"[0.250419, 0.196883, 0.264504, 0.21592, 0.072274]"
Chameleon,client,99,481,4,MR,H,evaluation,0,0,0.4009627401828766,0,0.6727619171142578,True,3,0.3333333333333333,0,"[0.15964, 0.138554, 0.127896, 0.379606, 0.194305]"
Chameleon,client,99,557,4,MR,H,evaluation,1,0,0.4100576639175415,0,0.6727619171142578,True,3,0.0,0,"[0.232186, 0.130806, 0.177577, 0.293753, 0.165678]"
Chameleon,client,99,581,4,MR,H,evaluation,3,0,0.43144097924232483,0,0.6727619171142578,True,11,0.2727272727272727,1,"[0.057541, 0.003518, 0.002277, 0.61649, 0.320174]"
Chameleon,client,99,630,4,MR,H,evaluation,4,0,0.6122282147407532,0,0.6727619171142578,True,7,0.14285714285714285,0,"[0.069684, 0.002868, 0.003051, 0.770068, 0.154329]"
Chameleon,client,99,824,4,MR,H,evaluation,2,0,0.6119587421417236,0,0.6727619171142578,True,0,,1,"[0.113025, 0.004865, 0.410253, 0.35523, 0.116628]"
Chameleon,client,99,126,4,MR,H,evaluation,4,0,0.3448130190372467,0,0.6727619171142578,True,2,0.0,0,"[0.051644, 0.167621, 0.397909, 0.142942, 0.239885]"
Chameleon,client,99,202,4,MR,H,evaluation,3,0,0.29026684165000916,0,0.6727619171142578,True,1,0.0,0,"[0.178139, 0.119919, 0.134303, 0.185293, 0.382347]"
Chameleon,client,99,272,4,MR,H,evaluation,3,0,0.3190043866634369,0,0.6727619171142578,True,11,0.36363636363636365,0,"[0.185655, 0.046549, 0.29711, 0.087203, 0.383483]"
Chameleon,client,99,509,4,MR,H,evaluation,4,0,0.6913438439369202,1,0.6727619171142578,True,2,0.0,0,"[0.022413, 0.650546, 0.089682, 0.183893, 0.053466]"
Chameleon,client,99,513,4,MR,H,evaluation,1,0,0.31582584977149963,0,0.6727619171142578,True,8,0.125,0,"[0.202199, 0.043297, 0.297156, 0.072453, 0.384896]"
Chameleon,client,99,679,4,MR,H,evaluation,1,0,0.6996886730194092,1,0.6727619171142578,True,1,1.0,1,"[0.073577, 0.652649, 0.179526, 0.058853, 0.035395]"
Chameleon,client,99,861,4,MR,H,evaluation,1,0,0.6612462401390076,0,0.6727619171142578,True,1,0.0,1,"[0.170552, 0.398482, 0.323891, 0.07861, 0.028465]"
