dataset,scenario,seed,forget_member_rate_M0,forget_member_rate_MR,forget_mean_score_M0,forget_mean_score_MR,heldout_member_rate_M0,heldout_member_rate_MR,heldout_mean_score_M0,heldout_mean_score_MR,C_cal,C_F,attack_strength_auc,attack_tpr_at_alpha,attack_fpr_at_alpha,acc_train,acc_test,train_test_gap,alpha,n_fallback_classes
Cora,client,7,0.5047619047619047,0.01904761904761905,0.6717429301080604,0.22659966213977895,0.3127962085308057,0.023696682464454975,0.5643875073878766,0.2674906450621506,-0.07630331753554503,-0.004649063416835925,0.647240164415737,0.13846153846153847,0.11450381679389313,0.9654377880184332,0.8157894736842105,0.14964831433422265,0.1,1
Cora,client,42,0.7181818181818181,0.02727272727272727,0.7660370636032894,0.16805692434480243,0.6441441441441441,0.02252252252252252,0.7075122860046782,0.1890021507400282,-0.07747747747747749,0.00475020475020475,0.6393731901544402,0.1875,0.11196911196911197,0.9279069767441861,0.8078703703703703,0.12003660637381575,0.1,1
Cora,client,99,0.13761467889908258,0.009174311926605505,0.4238526766756368,0.1607185098383061,0.1095890410958904,0.0228310502283105,0.3381467336702052,0.1839813274534149,-0.0771689497716895,-0.013656738301704996,0.6989925193050193,0.234375,0.14671814671814673,0.9721577726218097,0.8337182448036952,0.13843952781811453,0.1,1
Cora,client,123,0.09259259259259259,0.0,0.488877281865118,0.14975728265320262,0.06451612903225806,0.0,0.41735273983911503,0.13658665468490921,-0.1,0.0,0.6246273106738224,0.09302325581395349,0.05384615384615385,0.9351851851851852,0.8145161290322581,0.12066905615292711,0.1,2
Cora,client,456,0.3055555555555556,0.12037037037037036,0.5982922491082853,0.28862656237880124,0.19815668202764977,0.1152073732718894,0.429052134575008,0.26697684034283276,0.015207373271889396,0.005162997098480962,0.6509391771019678,0.3023255813953488,0.21923076923076923,0.9791183294663574,0.8721198156682027,0.10699851379815462,0.1,1
PubMed,client,7,0.19367088607594937,0.1949367088607595,0.5051626563178304,0.4834449513962705,0.18963337547408343,0.1965865992414665,0.487179779713413,0.490724220949045,0.09658659924146648,-0.001649890380706981,0.5672002416188462,0.1693121693121693,0.12050739957716702,0.926689939701682,0.8531790074520375,0.07351093224964456,0.1,0
PubMed,client,42,0.035623409669211195,0.007633587786259542,0.48680312102915285,0.4270771441109711,0.046408137317228225,0.0050858232676414495,0.473569535371301,0.4367879366095711,-0.09491417673235855,0.002547764518618092,0.5555899548773868,0.0,0.0021130480718436345,0.9268060836501901,0.8655581947743468,0.061247888875843315,0.1,0
PubMed,client,99,0.07224334600760456,0.0,0.48054403640773663,0.37837947172281555,0.06649778340721976,0.0,0.4607046762878869,0.3792825907355551,-0.1,0.0,0.5156034318825016,0.0,0.0,0.8886421319796954,0.8546751188589541,0.03396701312074135,0.1,0
PubMed,client,123,0.05844980940279543,0.0038119440914866584,0.5170321918531703,0.19686781060012126,0.05583756345177665,0.008248730964467006,0.47334176261003985,0.2032422016700966,-0.091751269035533,-0.004436786872980348,0.5042941139083127,0.0010559662090813093,0.0026399155227032735,0.9286846275752774,0.8697718631178707,0.058912764457406674,0.1,0
PubMed,client,456,0.18622448979591838,0.17729591836734693,0.553152350914351,0.5159423026500973,0.2084130019120459,0.1835564053537285,0.5239363913160171,0.5163154980022914,0.08355640535372849,-0.006260486986381569,0.5630581486646693,0.13185654008438819,0.09857670005271481,0.9306303452644916,0.8651685393258427,0.06546180593864892,0.1,0
CS,client,7,0.21544715447154472,0.13414634146341464,0.44829011282272796,0.4534926242157211,0.2210953346855984,0.13319810682893848,0.44042306818446475,0.4492141253016121,0.03319810682893848,0.0009482346344761583,0.5155794308858239,0.30444697833523376,0.29732802728823193,0.9114227086183311,0.8897234551041311,0.02169925351419999,0.1,2
CS,client,42,0.13531799729364005,0.04194857916102842,0.5139340378636437,0.442607092705123,0.09655638082376772,0.03578663065496286,0.5020121157994389,0.446864617643859,-0.06421336934503714,0.006161948506065558,0.5069893290503998,0.09018264840182648,0.08708025042686397,0.8829969209716045,0.8726310397814581,0.010365881190146475,0.1,1
CS,client,99,0.17219387755102042,0.05994897959183673,0.527056469344439,0.5021927214550729,0.18141311266709104,0.05856142584341184,0.5267407788944275,0.49951687257412053,-0.041438574156588165,0.0013875537484248912,0.5074296323752852,0.1283236994219653,0.1438474870017331,0.8895066018068103,0.8836685159500693,0.005838085856740949,0.1,2
CS,client,123,0.48137931034482756,0.17103448275862068,0.6220922320757306,0.47778097925298235,0.48484848484848486,0.1797520661157025,0.6139440030212419,0.47883019069959476,0.07975206611570249,-0.00871758335708181,0.5299159134853185,0.07029478458049887,0.06515580736543909,0.9016002723867892,0.890927624872579,0.010672647514210154,0.1,1
CS,client,456,0.4298507462686567,0.07611940298507462,0.6805976860475407,0.4687242929267683,0.4232488822652757,0.06855439642324888,0.6844742964688368,0.46633876580439737,-0.03144560357675112,0.007565006561825738,0.5083794951159656,0.09921962095875139,0.09121245828698554,0.892415636485132,0.864743162108072,0.027672474377059997,0.1,0
Photo,client,7,0.5080906148867314,0.13592233009708737,0.5311785951787215,0.4770777849243158,0.5088852988691438,0.11308562197092084,0.5278624257190162,0.4777586273885831,0.013085621970920835,0.022836708126166533,0.5171665842660709,0.18528610354223432,0.18281036834924966,0.9458572600492207,0.9132214490380679,0.03263581101115276,0.1,3
Photo,client,42,0.01607717041800643,0.05466237942122187,0.4732864280381027,0.32522161867038324,0.0208,0.0432,0.4764825295358896,0.33719487149119376,-0.0568,0.011462379421221865,0.5050832570221833,0.0821917808219178,0.07639836289222374,0.921875,0.9019688269073011,0.01990617309269893,0.1,0
Photo,client,99,0.21568627450980393,0.049019607843137254,0.47405807257461013,0.4223122635378792,0.21207177814029363,0.06688417618270799,0.45976945109857015,0.4153683315267405,-0.033115823817292014,-0.017864568339570737,0.5106625258799171,0.0625,0.04353741496598639,0.9263502454991817,0.9097590853409555,0.016591160158226148,0.1,0
Photo,client,123,0.1377049180327869,0.1377049180327869,0.50703828967497,0.41562723976056104,0.15057283142389524,0.12438625204582651,0.4957964204061424,0.42910315699070545,0.024386252045826506,0.013318665986960382,0.548752398522621,0.09809264305177112,0.06512890094979647,0.9427636958299264,0.9273765809873521,0.015387114842574268,0.1,0
Photo,client,456,0.11073825503355705,0.016778523489932886,0.5057097107872067,0.41778651586164967,0.10906040268456375,0.02348993288590604,0.48503474518187945,0.4114608938661998,-0.07651006711409397,-0.006711409395973155,0.49915745705219394,0.1,0.11605937921727395,0.9235150528885273,0.8937981353871098,0.029716917501417472,0.1,1
Computers,client,7,0.6854545454545454,0.056363636363636366,0.7043745132467963,0.4148520338861272,0.6430517711171662,0.053587647593097185,0.6793616514696954,0.42170917851885337,-0.04641235240690282,0.002775988770539181,0.5064290003695491,0.0701219512195122,0.06363636363636363,0.8736363636363637,0.8427272727272728,0.030909090909090886,0.1,2
Computers,client,42,0.2743682310469314,0.036101083032490974,0.5872843543450863,0.46865041943314056,0.22612612612612612,0.025225225225225224,0.5755236649684407,0.4759347474118611,-0.07477477477477479,0.01087585780726575,0.5101693484214812,0.125,0.10318664643399089,0.8687927107061504,0.8535974499089253,0.015195260797225107,0.1,2
Computers,client,99,0.26714801444043323,0.032490974729241874,0.5314041426479279,0.44855483156033804,0.27207207207207207,0.02702702702702703,0.5345937574836048,0.44666691200958714,-0.07297297297297298,0.0054639477022148455,0.5330386718605425,0.17530487804878048,0.17450682852807284,0.8510250569476082,0.838379239699522,0.012645817248086222,0.1,2
Computers,client,123,0.08743169398907104,0.056466302367941715,0.4811773197844163,0.4649110411502462,0.07279344858962693,0.04094631483166515,0.48230229714737904,0.4697556986835352,-0.059053685168334855,0.015519987536276564,0.5165924067026387,0.1035007610350076,0.0991672975018925,0.878581173260573,0.8546775658492279,0.023903607411345007,0.1,0
Computers,client,456,0.08058608058608059,0.031135531135531136,0.2852882203465298,0.2924278629194878,0.0603290676416819,0.037477148080438755,0.28450523005580897,0.29272768582450226,-0.06252285191956125,-0.006341616944907619,0.5223207824163101,0.16717325227963525,0.14285714285714285,0.8810172570390554,0.8636879110909503,0.01732934594810509,0.1,0
WikiCS,client,7,0.2905982905982906,0.2564102564102564,0.5543251177853245,0.5244796708480924,0.2702991452991453,0.24572649572649571,0.5353494323771724,0.5239783775943936,0.1457264957264957,0.010683760683760674,0.5376927488212055,0.07142857142857142,0.0767172167707404,0.844017094017094,0.7831775700934579,0.06083952392363612,0.1,1
WikiCS,client,42,0.18040089086859687,0.267260579064588,0.5222837936145195,0.521045131652221,0.16648168701442842,0.24306326304106549,0.5065132943269968,0.5194383552023547,0.14306326304106548,0.024197316023522514,0.549341982044975,0.08833922261484099,0.07862190812720848,0.8639491794600318,0.7939698492462312,0.06997933021380065,0.1,0
WikiCS,client,99,0.32264957264957267,0.30128205128205127,0.6142401586696665,0.576909637840815,0.2849519743863394,0.27321237993596587,0.57014095767079,0.5564358467683435,0.17321237993596586,0.0280696713460854,0.5385289343009931,0.12857142857142856,0.11140819964349376,0.8748663101604278,0.8029372496662216,0.07192906049420622,0.1,0
WikiCS,client,123,0.13646055437100213,0.14925373134328357,0.5124733371378135,0.5168955307950311,0.1299254526091587,0.15761448349307774,0.5096515085555849,0.5221647282534688,0.05761448349307774,-0.008360752149794176,0.5508061179017061,0.11964285714285715,0.09803921568627451,0.85553772070626,0.8018162393162394,0.05372148139002064,0.1,0
WikiCS,client,456,0.0815450643776824,0.11802575107296137,0.5216643047307182,0.4885058694473136,0.06866952789699571,0.1255364806866953,0.5135980223152135,0.5036187005282255,0.025536480686695284,-0.0075107296137339186,0.5462123139549675,0.05714285714285714,0.04007123775601069,0.8376068376068376,0.7627299386830179,0.07487689892381977,0.1,0
Chameleon,client,7,0.047058823529411764,0.0,0.3963792804409476,0.2950034562279196,0.027777777777777776,0.0,0.38480781556831467,0.298842642042372,-0.1,0.0,0.4363507779349363,0.0297029702970297,0.0,0.7235294117647059,0.32867132867132864,0.3948580830933772,0.1,5
Chameleon,client,42,0.010869565217391304,0.0,0.3541125347432883,0.3643730020393496,0.0,0.0,0.33836208780606586,0.35351123221409625,-0.1,0.0,0.4433050447901933,0.009900990099009901,0.0,0.6216216216216216,0.323943661971831,0.2976779596497906,0.1,5
Chameleon,client,99,0.11827956989247312,0.021505376344086023,0.5316554094834994,0.36340609032620663,0.1282051282051282,0.05128205128205128,0.510956272864953,0.3830651690562566,-0.048717948717948725,-0.029776674937965257,0.5602380952380953,0.11,0.09523809523809523,0.6858006042296072,0.375886524822695,0.3099140794069122,0.1,5
Chameleon,client,123,0.12087912087912088,0.0,0.45526898545878275,0.4760815488113152,0.13157894736842105,0.02631578947368421,0.4824913155875708,0.4847981302361739,-0.0736842105263158,-0.02631578947368421,0.4780105917568501,0.07920792079207921,0.06976744186046512,0.6946107784431138,0.3380281690140845,0.3565826094290293,0.1,5
Chameleon,client,456,0.18823529411764706,0.0,0.46858117124613596,0.4478167726713068,0.1111111111111111,0.05555555555555555,0.4542219754722383,0.44405440241098404,-0.04444444444444445,-0.05555555555555555,0.5518175660419959,0.2815533980582524,0.23255813953488372,0.6882352941176471,0.2916666666666667,0.39656862745098037,0.1,5
Squirrel,client,7,0.2840909090909091,0.06818181818181818,0.5923683628101241,0.43677014523101126,0.12,0.02666666666666667,0.4633989984790484,0.4207543488343557,-0.07333333333333333,0.041515151515151505,0.6444011815252417,0.18796992481203006,0.11607142857142858,0.5654627539503386,0.3983957219251337,0.16706703202520495,0.1,1
Squirrel,client,42,0.07772020725388601,0.023316062176165803,0.48507358983081855,0.4520412179511137,0.018518518518518517,0.024691358024691357,0.4547151449929785,0.4724444938294681,-0.07530864197530865,-0.001375295848525554,0.618431855500821,0.14285714285714285,0.09523809523809523,0.6903703703703704,0.40559440559440557,0.28477596477596484,0.1,3
Squirrel,client,99,0.30386740331491713,0.022099447513812154,0.5954040523556715,0.38431047678034935,0.06493506493506493,0.05194805194805195,0.40809857177656966,0.39790086189357493,-0.048051948051948054,-0.029848604434239798,0.5790828422407369,0.10150375939849623,0.036036036036036036,0.489216799091941,0.3521505376344086,0.13706626145753237,0.1,1
Squirrel,client,123,0.16120218579234974,0.1092896174863388,0.48672110227043514,0.4224346494403938,0.12987012987012986,0.11688311688311688,0.42957038800050684,0.41521906141530385,0.016883116883116875,-0.007593499396778086,0.6781884177528461,0.2631578947368421,0.11494252873563218,0.6057553956834533,0.3525423728813559,0.25321302280209734,0.1,2
Squirrel,client,456,0.3802083333333333,0.08333333333333333,0.6731966525161018,0.4193565494012243,0.04878048780487805,0.04878048780487805,0.461642025901777,0.442602129937036,-0.051219512195121955,0.03455284552845528,0.7243006993006993,0.3730769230769231,0.13636363636363635,0.6018411967779056,0.33242506811989103,0.26941612865801456,0.1,0
Actor,client,7,0.08277703604806408,0.042723631508678236,0.4855506663746605,0.4127431064595447,0.047872340425531915,0.05053191489361702,0.40955827583340887,0.4060711015927348,-0.04946808510638299,-0.0078082833849387814,0.5867501155719925,0.08633879781420765,0.04121475054229935,0.3862295081967213,0.28524590163934427,0.10098360655737704,0.1,0
Actor,client,42,0.10403916768665851,0.06731946144430845,0.47307621650260984,0.41272947014363043,0.046341463414634146,0.06341463414634146,0.39775734769134985,0.40276792495534186,-0.03658536585365854,0.003904827297966984,0.6904343648184016,0.2606263982102908,0.09619686800894854,0.5139215028513922,0.27595445411922304,0.23796704873216912,0.1,0
Actor,client,99,0.2576601671309192,0.12395543175487465,0.5320652586545452,0.45545991374734884,0.13333333333333333,0.09722222222222222,0.4601350217436751,0.45298488217716415,-0.002777777777777782,0.02673320953265243,0.6212972972972972,0.21405405405405406,0.08602150537634409,0.41252839987017204,0.26182760855476345,0.1507007913154086,0.1,0
Actor,client,123,0.19225967540574282,0.08614232209737828,0.5179888388693109,0.4319689079384307,0.06467661691542288,0.06716417910447761,0.42167064574412744,0.42099168316567714,-0.032835820895522394,0.018978142992900668,0.5992978924468682,0.1657397107897664,0.12389380530973451,0.4167500834167501,0.2733333333333333,0.14341675008341676,0.1,0
Actor,client,456,0.14864864864864866,0.12567567567567567,0.5366302584474151,0.44008092229833473,0.051351351351351354,0.11081081081081082,0.4339121864252799,0.4117303548531758,0.010810810810810811,0.014864864864864852,0.6766860850620441,0.21568627450980393,0.07173913043478261,0.49018966644865924,0.27219321148825065,0.2179964549604086,0.1,0
tolokers,client,7,0.14496644295302014,0.2134228187919463,0.519451377415817,0.5233786755760244,0.17962466487935658,0.23324396782841822,0.5199363109413484,0.5237925358655945,0.1332439678284182,-0.01982114903647192,0.4714737767112523,0.08588158750813273,0.08961038961038961,0.7793372319688109,0.7813229571984436,-0.0019857252296326955,0.1,0
tolokers,client,42,0.014206300185299567,0.008029647930821495,0.5204587566992469,0.520508073781139,0.018518518518518517,0.011111111111111112,0.5204503177124777,0.5205131392420074,-0.08888888888888889,-0.003081463180289616,0.5027217407339111,0.0392156862745098,0.032915360501567396,0.7323778195488722,0.7318330989217066,0.0005447206271655958,0.1,0
tolokers,client,99,0.030913978494623656,0.04032258064516129,0.5117048669245935,0.5117377137304634,0.024128686327077747,0.04825737265415549,0.5114166050270479,0.5114458109833919,-0.05174262734584451,-0.007934792008994204,0.4802106275790486,0.05588044184535412,0.06493506493506493,0.773338530500877,0.7696498054474709,0.0036887250534061167,0.1,0
tolokers,client,123,0.035844471445929525,0.02187120291616039,0.477893789603238,0.4770352941635602,0.03398058252427184,0.021844660194174758,0.4773860352059591,0.47668382879889126,-0.07815533980582524,2.654272198563193e-05,0.5199611400252764,0.08123028391167192,0.061514195583596214,0.7406006148025538,0.7497639282341831,-0.00916331343162935,0.1,0
tolokers,client,456,0.18907103825136612,0.20655737704918034,0.5076724437416577,0.508346718647441,0.19172113289760348,0.20697167755991286,0.5073184178156012,0.5080064185174722,0.10697167755991285,-0.00041430051073251817,0.48027857317062156,0.024226110363391656,0.025503355704697986,0.7747983870967742,0.7713365539452496,0.003461833151524596,0.1,0
minesweeper,client,7,0.16940948693126814,0.17909002904162633,0.5094289893621627,0.5092933087069668,0.17374517374517376,0.1776061776061776,0.5097516222234858,0.5096478060060486,0.0776061776061776,0.0014838514354487131,0.49283810839772146,0.17142857142857143,0.18791946308724833,0.7998990663638658,0.7997987927565392,0.00010027360732656199,0.1,0
minesweeper,client,42,0.05650319829424307,0.057569296375266525,0.49875406336301426,0.4988452015655127,0.027659574468085105,0.031914893617021274,0.49742040209313654,0.4975048691668409,-0.06808510638297874,0.02565440275824525,0.519514453259374,0.05016447368421053,0.05392156862745098,0.8008871365204534,0.7946954813359528,0.0061916551845006,0.1,0
minesweeper,client,99,0.036619718309859155,0.038497652582159626,0.500747252406089,0.5008669535039176,0.020560747663551402,0.022429906542056073,0.5002163688713145,0.5003478271381877,-0.07757009345794394,0.016067746040103553,0.4880852860824076,0.0432937181663837,0.03722504230118443,0.801322818621216,0.8016235413495687,-0.000300722728352687,0.1,0
minesweeper,client,123,0.11614173228346457,0.10925196850393701,0.513160887166975,0.5126419246020749,0.12180746561886051,0.09430255402750491,0.5134349965978934,0.5129010276265135,-0.005697445972495094,0.014949414476432096,0.5034278135381478,0.11120401337792642,0.1273031825795645,0.8038181361466968,0.7894736842105263,0.01434445193617051,0.1,0
minesweeper,client,456,0.146484375,0.033203125,0.5013965242251288,0.5013886161905248,0.122568093385214,0.03501945525291829,0.5012842986718226,0.5012758108660404,-0.06498054474708172,-0.0018163302529182884,0.49780718632758986,0.036881810561609385,0.03672787979966611,0.8021148036253777,0.7921686746987951,0.009946128926582531,0.1,0
amazon_ratings,client,7,0.040145985401459854,0.034874290348742905,0.4954455608240686,0.48618664658369326,0.027552674230145867,0.023500810372771474,0.48982405285781166,0.48613290563588013,-0.07649918962722853,0.011373479975971431,0.527884353072264,0.048788809280109174,0.03953646898432175,0.4274317275237803,0.40743767879035553,0.019994048733424752,0.1,0
amazon_ratings,client,42,0.05701394585726005,0.04306808859721083,0.49926297413070636,0.4871587968256456,0.04344262295081967,0.036065573770491806,0.4932038949161279,0.4861712644090418,-0.0639344262295082,0.007002514826719021,0.5416638360468002,0.06943498978897208,0.06109979633401222,0.4247525762677278,0.39226069246435846,0.032491883803369315,0.1,0
amazon_ratings,client,99,0.03664495114006515,0.02280130293159609,0.5037457480517,0.4872839420803304,0.03170731707317073,0.02113821138211382,0.4952586377539286,0.4868441922150976,-0.07886178861788619,0.0016630915494822707,0.5318198785990197,0.03749147920927062,0.031292517006802724,0.41216147164026573,0.39134870434605185,0.020812767294213885,0.1,0
amazon_ratings,client,123,0.0416156670746634,0.041207670338637294,0.49530194074170825,0.4828330509847935,0.03015484922575387,0.03504482477587612,0.4889282726036793,0.48203356727994157,-0.06495517522412389,0.006162845562761171,0.5236743230585831,0.05994550408719346,0.050271739130434784,0.41481103166496425,0.39702283849918435,0.017788193165779898,0.1,0
amazon_ratings,client,456,0.05254582484725051,0.03625254582484725,0.5097886650479738,0.499883936221148,0.043124491456468676,0.024410089503661515,0.5041963873450789,0.49875700209468626,-0.0755899104963385,0.011842456321185735,0.5380183508793903,0.06682577565632458,0.05170068027210884,0.42325771510320864,0.3967768257853937,0.02648088931781495,0.1,0
roman_empire,client,7,0.1137855579868709,0.09978118161925602,0.5191428630728951,0.512767875363288,0.10498687664041995,0.10411198600174978,0.5130336500854212,0.5120887024978328,0.004111986001749779,-0.004330804382493766,0.5191066168729828,0.10250737463126844,0.12582781456953643,0.3091130280911303,0.2818643693395185,0.02724865875161181,0.1,1
roman_empire,client,42,0.08930150309460655,0.08267020335985853,0.5078480450887723,0.502126934551111,0.08473080317740513,0.08384819064430715,0.5091013184897372,0.5079002233463794,-0.016151809355692853,-0.0011779872844486228,0.5268306654988314,0.10106578463800074,0.08663729809104258,0.31050077211559673,0.2756721022476862,0.034828669867910556,0.1,1
roman_empire,client,99,0.12267493356953056,0.1120460584588131,0.5209998722081761,0.5156565882138532,0.11140583554376658,0.11317418213969938,0.5186209357701815,0.518079396182462,0.01317418213969937,-0.0011281236808862727,0.5137573138649,0.12936420433664095,0.12023460410557185,0.3085997794928335,0.2845814977973568,0.024018281695476706,0.1,1
roman_empire,client,123,0.12178919397697077,0.11868910540301152,0.5221075813303381,0.5172157322748201,0.11219081272084806,0.11130742049469965,0.5188237791255695,0.5182389353431577,0.011307420494699641,0.00738168490831187,0.5166473196722505,0.1348768834987137,0.11233480176211454,0.3146984231999118,0.2802379378717779,0.034460485328133894,0.1,0
roman_empire,client,456,0.10966057441253264,0.10356832027850305,0.5107438888618021,0.5064218366555902,0.10078192875760209,0.10165073848827107,0.5104019278474314,0.5100935095748003,0.0016507384882710613,0.0019175817902319786,0.5111319092590959,0.12033960871170174,0.10693215339233038,0.3028020821796434,0.29124281291463955,0.011559269265003835,0.1,1
