dataset,scenario,seed,forget_member_rate_M0,forget_member_rate_MR,heldout_member_rate_M0,heldout_member_rate_MR,C_cal,C_F,attack_strength_auc,alpha
Actor,client,123,0.3083645443196005,0.16978776529338327,0.13432835820895522,0.13930348258706468,0.039303482587064675,0.03048428270631859,0.5771924557276029,0.1
Actor,client,42,0.16156670746634028,0.10526315789473684,0.08292682926829269,0.1048780487804878,0.004878048780487795,0.0003851091142490354,0.6684774430433081,0.1
Actor,client,456,0.22162162162162163,0.1608108108108108,0.08108108108108109,0.13783783783783785,0.03783783783783784,0.02297297297297296,0.6267902813299232,0.1
Actor,client,7,0.1375166889185581,0.06542056074766354,0.06382978723404255,0.061170212765957445,-0.03882978723404256,0.0042503479817061,0.5659948430440234,0.1
Actor,client,99,0.22423398328690808,0.10027855153203342,0.09444444444444444,0.06666666666666667,-0.03333333333333334,0.03361188486536676,0.596508525693075,0.1
CS,client,123,0.7075862068965517,0.37517241379310345,0.6831955922865014,0.35537190082644626,0.25537190082644623,0.01980051296665719,0.5114155514980624,0.1
CS,client,42,0.4817320703653586,0.34641407307171856,0.4442943956785955,0.3193787981093856,0.21937879810938557,0.02703527496233299,0.48915784853065697,0.1
CS,client,456,0.6328358208955224,0.21492537313432836,0.6095380029806259,0.1885245901639344,0.08852459016393441,0.026400782970393943,0.5385595043669232,0.1
CS,client,7,0.4241192411924119,0.3116531165311653,0.4050033806626099,0.3184584178498986,0.21845841784989858,-0.006805301318733303,0.5278887976515243,0.1
CS,client,99,0.6135204081632653,0.3354591836734694,0.5506047103755569,0.3246339910884787,0.22463399108847867,0.010825192584990706,0.4759724681746801,0.1
Chameleon,client,123,0.6483516483516484,0.02197802197802198,0.2631578947368421,0.05263157894736842,-0.04736842105263159,-0.03065355696934644,0.7152286657237152,0.1
Chameleon,client,42,0.08695652173913043,0.0,0.05128205128205128,0.0,-0.1,0.0,0.6364922206506365,0.1
Chameleon,client,456,0.611764705882353,0.03529411764705882,0.19444444444444445,0.027777777777777776,-0.07222222222222223,0.007516339869281047,0.7558945908460472,0.1
Chameleon,client,7,0.24705882352941178,0.03529411764705882,0.08333333333333333,0.027777777777777776,-0.07222222222222223,0.007516339869281047,0.6348420556341348,0.1
Chameleon,client,99,0.4731182795698925,0.06451612903225806,0.20512820512820512,0.05128205128205128,-0.048717948717948725,0.013234077750206782,0.7652380952380952,0.1
Computers,client,123,0.23861566484517305,0.11293260473588343,0.20928116469517744,0.1191992720655141,0.019199272065514097,-0.0062666673296306735,0.5219571840092844,0.1
Computers,client,42,0.1371841155234657,0.05595667870036101,0.16756756756756758,0.07027027027027027,-0.02972972972972973,-0.014313591569909266,0.5030603464228875,0.1
Computers,client,456,0.1227106227106227,0.10256410256410256,0.11243144424131626,0.10054844606946983,0.0005484460694698268,0.0020156564946327282,0.5347244894674643,0.1
Computers,client,7,0.5,0.07818181818181819,0.43142597638510444,0.0681198910081744,-0.03188010899182561,0.010061927173643792,0.5305282243163341,0.1
Computers,client,99,0.30685920577617326,0.16425992779783394,0.2828828828828829,0.15765765765765766,0.05765765765765765,0.006602270140176281,0.5132915725970614,0.1
Cora,client,123,0.5370370370370371,0.009259259259259259,0.4147465437788018,0.013824884792626729,-0.08617511520737328,-0.00456562553336747,0.6404591532498508,0.1
Cora,client,42,0.509090909090909,0.02727272727272727,0.35585585585585583,0.018018018018018018,-0.08198198198198199,0.009254709254709254,0.657703488372093,0.1
Cora,client,456,0.6574074074074074,0.2777777777777778,0.3870967741935484,0.2304147465437788,0.1304147465437788,0.04736303123399899,0.636195587358378,0.1
Cora,client,7,0.780952380952381,0.09523809523809523,0.5545023696682464,0.13270142180094788,0.03270142180094787,-0.037463326562852645,0.6424838520258368,0.1
Cora,client,99,0.6880733944954128,0.25688073394495414,0.5205479452054794,0.3424657534246575,0.2424657534246575,-0.08558501947970337,0.6848655523255814,0.1
Photo,client,123,0.7672131147540984,0.5573770491803278,0.690671031096563,0.5450081833060556,0.4450081833060556,0.012368865874272217,0.5366887456340503,0.1
Photo,client,42,0.9035369774919614,0.4565916398713826,0.9104,0.488,0.388,-0.03140836012861736,0.5008323690791684,0.1
Photo,client,456,0.4798657718120805,0.28523489932885904,0.41442953020134227,0.2684563758389262,0.16845637583892617,0.01677852348993286,0.5135827201864938,0.1
Photo,client,7,0.1262135922330097,0.11326860841423948,0.1260096930533118,0.1308562197092084,0.030856219709208405,-0.017587611294968927,0.5178114025644263,0.1
Photo,client,99,0.6045751633986928,0.4934640522875817,0.5823817292006526,0.48613376835236544,0.38613376835236546,0.007330283935216286,0.48086719582987797,0.1
PubMed,client,123,0.06607369758576874,0.0,0.053934010152284266,0.0,-0.1,0.0,0.5261008754372447,0.1
PubMed,client,42,0.7022900763358778,0.25190839694656486,0.694850603941513,0.27844882390336934,0.17844882390336933,-0.026540426956804475,0.5500836856008358,0.1
PubMed,client,456,0.4272959183673469,0.37244897959183676,0.4008922880815806,0.3849585723390695,0.2849585723390695,-0.012509592747232734,0.5415371721510095,0.1
PubMed,client,7,0.5620253164556962,0.6240506329113924,0.5240202275600506,0.629582806573957,0.5295828065739571,-0.005532173662564643,0.5538496817566585,0.1
PubMed,client,99,0.13181242078580482,0.0,0.13362887903736542,0.0,-0.1,0.0,0.5345637996800787,0.1
Squirrel,client,123,0.319672131147541,0.1284153005464481,0.2012987012987013,0.1038961038961039,0.0038961038961038974,0.02451919665034419,0.6491598976299099,0.1
Squirrel,client,42,0.21502590673575128,0.12953367875647667,0.11728395061728394,0.17901234567901234,0.07901234567901233,-0.04947866692253566,0.6837321135350691,0.1
Squirrel,client,456,0.5729166666666666,0.16145833333333334,0.14634146341463414,0.21951219512195122,0.11951219512195121,-0.05805386178861788,0.7513286713286714,0.1
Squirrel,client,7,0.4431818181818182,0.11363636363636363,0.16,0.08,-0.020000000000000004,0.03363636363636363,0.7636949516648766,0.1
Squirrel,client,99,0.569060773480663,0.13812154696132597,0.14285714285714285,0.18181818181818182,0.08181818181818182,-0.04369663485685585,0.6501708817498292,0.1
WikiCS,client,123,0.23880597014925373,0.31556503198294245,0.24813631522896698,0.32694355697550587,0.22694355697550586,-0.011378524992563421,0.5428364527629234,0.1
WikiCS,client,42,0.5389755011135857,0.5456570155902004,0.5149833518312985,0.5493895671476138,0.4493895671476138,-0.003732551557413366,0.5829389803843226,0.1
WikiCS,client,456,0.48283261802575106,0.38412017167381973,0.4517167381974249,0.41416309012875535,0.3141630901287553,-0.03004291845493562,0.5419292717086834,0.1
WikiCS,client,7,0.38247863247863245,0.2841880341880342,0.34935897435897434,0.30448717948717946,0.20448717948717945,-0.020299145299145283,0.547332569391393,0.1
WikiCS,client,99,0.5470085470085471,0.48717948717948717,0.46851654215581645,0.45144076840981856,0.3514407684098185,0.03573871876966861,0.5413372167048638,0.1
amazon_ratings,client,123,0.09791921664626684,0.07751937984496124,0.07416462917685411,0.07579462102689487,-0.024205378973105138,0.0017247588180663714,0.492350164006042,0.1
amazon_ratings,client,42,0.13043478260869565,0.10746513535684987,0.09918032786885246,0.09016393442622951,-0.009836065573770494,0.01730120093062036,0.5247036677495005,0.1
amazon_ratings,client,456,0.129938900203666,0.09531568228105906,0.11879576891781937,0.0919446704637917,-0.0080553295362083,0.003371011817267358,0.5137332396306631,0.1
amazon_ratings,client,7,0.10908353609083536,0.08069748580697486,0.08265802269043761,0.08752025931928688,-0.012479740680713128,-0.0068227735123120165,0.503013605793645,0.1
amazon_ratings,client,99,0.12947882736156352,0.08143322475570032,0.10325203252032521,0.07642276422764227,-0.023577235772357735,0.00501046052805805,0.5096684890725206,0.1
minesweeper,client,123,0.28838582677165353,0.297244094488189,0.2691552062868369,0.2691552062868369,0.16915520628683692,0.02808888820135208,0.511997908300802,0.1
minesweeper,client,42,0.10660980810234541,0.10127931769722814,0.08936170212765958,0.09361702127659574,-0.0063829787234042645,0.007662296420632403,0.5248202076883384,0.1
minesweeper,client,456,0.2421875,0.0869140625,0.2178988326848249,0.06809338521400778,-0.03190661478599223,0.018820677285992224,0.5079855455598011,0.1
minesweeper,client,7,0.4191674733785092,0.40658276863504356,0.4343629343629344,0.4247104247104247,0.32471042471042466,-0.018127656075381138,0.516399244261463,0.1
minesweeper,client,99,0.3427230046948357,0.3455399061032864,0.36261682242990656,0.36261682242990656,0.2626168224299066,-0.017076916326620173,0.5024574832378924,0.1
roman_empire,client,123,0.1271036315323295,0.11558901682905226,0.11484098939929328,0.11749116607773852,0.017491166077738513,-0.001902149248686258,0.5203745167973465,0.1
roman_empire,client,42,0.1312997347480106,0.11671087533156499,0.11120917917034422,0.10326566637246248,0.003265666372462478,0.013445208959102506,0.515154336128259,0.1
roman_empire,client,456,0.13664055700609226,0.12532637075718014,0.12771503040834056,0.12510860121633363,0.025108601216333626,0.000217769540846513,0.5316820583850836,0.1
roman_empire,client,7,0.1763676148796499,0.15054704595185994,0.13035870516185477,0.11548556430446194,0.015485564304461935,0.035061481647398,0.5142724638436709,0.1
roman_empire,client,99,0.13596102745792737,0.12178919397697077,0.1246684350132626,0.134394341290893,0.034394341290893,-0.012605147313922233,0.5216004875730309,0.1
tolokers,client,123,0.05103280680437424,0.05103280680437424,0.0412621359223301,0.03640776699029126,-0.06359223300970875,0.014625039814082981,0.5014354805003534,0.1
tolokers,client,42,0.05806053119209389,0.02038295243977764,0.05925925925925926,0.025925925925925925,-0.07407407407407408,-0.0055429734861482845,0.492047452209724,0.1
tolokers,client,456,0.07978142076502732,0.07103825136612021,0.07625272331154684,0.06753812636165578,-0.03246187363834423,0.0035001250044644355,0.5046050898646527,0.1
tolokers,client,7,0.16241610738255033,0.24697986577181208,0.20107238605898123,0.2707774798927614,0.1707774798927614,-0.02379761412094933,0.4594386095362023,0.1
tolokers,client,99,0.0967741935483871,0.09274193548387097,0.09115281501340483,0.0938337801608579,-0.006166219839142104,-0.0010918446769869333,0.4867893639823464,0.1
