dataset,scenario,seed,alpha,rmia_threshold,attack_strength_auc,forget_member_rate_M0,forget_member_rate_MR,heldout_member_rate_M0,heldout_member_rate_MR,C_cal,C_F,C_H
Actor,client,123,0.1,0.13274336283185834,0.6469897723133865,0.23595505617977527,0.08364544319600499,0.08955223880597014,0.1044776119402985,0.004477611940298498,-0.020832168744293514,0.01492537313432836
Actor,client,42,0.1,0.19732142857142873,0.6999503415896711,0.17380660954712362,0.07711138310893513,0.08292682926829269,0.06829268292682927,-0.03170731707317073,0.008818700182105857,-0.014634146341463414
Actor,client,456,0.1,0.23173913043478225,0.6620346689400398,0.20270270270270271,0.14324324324324325,0.12162162162162163,0.13243243243243244,0.032432432432432434,0.010810810810810811,0.010810810810810811
Actor,client,7,0.1,0.1826086956521739,0.5680339696733139,0.2082777036048064,0.1295060080106809,0.1356382978723404,0.1622340425531915,0.06223404255319148,-0.03272803454251058,0.026595744680851074
Actor,client,99,0.1,0.15862068965517243,0.6123489154390442,0.2562674094707521,0.11281337047353761,0.10277777777777777,0.1,0.0,0.012813370473537603,-0.002777777777777768
CS,client,123,0.1,0.1723356009070294,0.5420881451863494,0.6910344827586207,0.09241379310344827,0.6962809917355371,0.08677685950413223,-0.013223140495867772,0.005636933599316038,-0.6095041322314049
CS,client,42,0.1,0.1651480637813211,0.535733580604776,0.46414073071718537,0.028416779431664412,0.4199864956110736,0.02633355840648211,-0.0736664415935179,0.002083221025182304,-0.3936529372045915
CS,client,456,0.1,0.22358175750834278,0.5660575419486287,0.4791044776119403,0.034328358208955224,0.47093889716840537,0.040983606557377046,-0.05901639344262296,-0.006655248348421822,-0.42995529061102833
CS,client,7,0.1,0.6354545454545455,0.5302056213459111,0.24390243902439024,0.008130081300813009,0.24543610547667344,0.010141987829614604,-0.0898580121703854,-0.0020119065288015953,-0.23529411764705882
CS,client,99,0.1,0.1293302540415704,0.5373884860837314,0.21556122448979592,0.042091836734693876,0.2310630171865054,0.04010184595798854,-0.059898154042011466,0.001989990776705336,-0.19096117122851686
Chameleon,client,123,0.1,0.6363636363636364,0.7105139085337105,0.5274725274725275,0.02197802197802198,0.23684210526315788,0.0,-0.1,0.02197802197802198,-0.23684210526315788
Chameleon,client,42,0.1,0.7142857142857143,0.5796793965110798,0.29347826086956524,0.0,0.1794871794871795,0.0,-0.1,0.0,-0.1794871794871795
Chameleon,client,456,0.1,0.5909090909090909,0.7699953767914932,0.8235294117647058,0.07058823529411765,0.4166666666666667,0.08333333333333333,-0.016666666666666677,-0.012745098039215683,-0.33333333333333337
Chameleon,client,7,0.1,0.5238095238095238,0.6796322489391796,0.5529411764705883,0.35294117647058826,0.2777777777777778,0.2777777777777778,0.17777777777777778,0.07516339869281047,0.0
Chameleon,client,99,0.1,0.0952380952380952,0.6983333333333335,0.6344086021505376,0.10752688172043011,0.41025641025641024,0.358974358974359,0.25897435897435894,-0.25144747725392885,-0.051282051282051266
Computers,client,123,0.1,0.2075757575757575,0.5645498149798401,0.052823315118397086,0.009107468123861567,0.028207461328480437,0.010009099181073703,-0.0899909008189263,-0.000901631057212136,-0.018198362147406735
Computers,client,42,0.1,0.13687405159332322,0.49943789555497986,0.3916967509025271,0.007220216606498195,0.34144144144144145,0.018018018018018018,-0.08198198198198199,-0.010797801411519823,-0.32342342342342345
Computers,client,456,0.1,0.1268882175226586,0.5612018264672205,0.5256410256410257,0.01098901098901099,0.4524680073126143,0.007312614259597806,-0.0926873857404022,0.0036763967294131837,-0.4451553930530165
Computers,client,7,0.1,0.19863636363636367,0.5403894124168515,0.7054545454545454,0.27090909090909093,0.6439600363306085,0.24704813805631246,0.14704813805631245,0.023860952852778478,-0.39691189827429607
Computers,client,99,0.1,0.34264036418816624,0.5279988156482476,0.27256317689530685,0.0036101083032490976,0.2927927927927928,0.013513513513513514,-0.08648648648648649,-0.009903405210264418,-0.2792792792792793
Cora,client,123,0.1,0.5053846153846159,0.6376863446630889,0.4722222222222222,0.018518518518518517,0.3870967741935484,0.004608294930875576,-0.09539170506912444,0.01391022358764294,-0.3824884792626728
Cora,client,42,0.1,0.7246153846153847,0.6221233042635659,0.8,0.08181818181818182,0.7657657657657657,0.07207207207207207,-0.027927927927927934,0.009746109746109746,-0.6936936936936936
Cora,client,456,0.1,0.693846153846154,0.5861359570661896,0.5555555555555556,0.32407407407407407,0.35023041474654376,0.2073732718894009,0.1073732718894009,0.11670080218467316,-0.14285714285714285
Cora,client,7,0.1,0.2442748091603053,0.7279800352319437,0.7333333333333333,0.3523809523809524,0.6113744075829384,0.3744075829383886,0.27440758293838863,-0.0220266305574362,-0.23696682464454977
Cora,client,99,0.1,0.78,0.6630329457364341,0.07339449541284404,0.0,0.0365296803652968,0.0,-0.1,0.0,-0.0365296803652968
Photo,client,123,0.1,0.08749999999999994,0.5103933600643907,0.6426229508196721,0.36065573770491804,0.5810147299509002,0.37970540098199673,0.2797054009819967,-0.019049663277078688,-0.20130932896890347
Photo,client,42,0.1,0.3234972677595634,0.5705722070844688,0.4887459807073955,0.1607717041800643,0.512,0.2016,0.1016,-0.04082829581993569,-0.3104
Photo,client,456,0.1,0.1297297297297297,0.5219712974429956,0.4966442953020134,0.2483221476510067,0.4899328859060403,0.2197986577181208,0.11979865771812079,0.02852348993288592,-0.2701342281879195
Photo,client,7,0.1,0.6557377049180327,0.5089465360942617,0.6796116504854369,0.06472491909385113,0.6704361873990307,0.09046849757673667,-0.009531502423263338,-0.02574357848288554,-0.579967689822294
Photo,client,99,0.1,0.8277173913043482,0.5283660111361212,0.11764705882352941,0.0,0.12887438825448613,0.0032626427406199023,-0.0967373572593801,-0.0032626427406199023,-0.12561174551386622
PubMed,client,123,0.1,0.0633579725448785,0.5104955458743166,0.1613722998729352,0.15374841168996187,0.12436548223350254,0.16687817258883247,0.06687817258883247,-0.013129760898870607,0.04251269035532994
PubMed,client,42,0.1,0.0835095137420718,0.5794929578092994,0.1475826972010178,0.07760814249363868,0.07565162110616656,0.06929434202161475,-0.03070565797838526,0.00831380047202393,-0.006357279084551817
PubMed,client,456,0.1,0.04789029535864984,0.6201992548229761,0.2423469387755102,0.3163265306122449,0.1574251115360102,0.35372848948374763,0.2537284894837476,-0.037401958871502716,0.19630337794773745
PubMed,client,7,0.1,0.0528541226215644,0.6444343769925165,0.18354430379746836,0.8848101265822785,0.11694058154235146,0.8938053097345132,0.7938053097345132,-0.008995183152234687,0.7768647281921618
PubMed,client,99,0.1,0.1231501057082452,0.5005173551685179,0.20912547528517111,0.21546261089987326,0.14502849905003168,0.22102596580113995,0.12102596580113995,-0.005563354901266693,0.07599746675110827
Squirrel,client,123,0.1,0.3409090909090909,0.7133081117169245,0.3251366120218579,0.19398907103825136,0.2012987012987013,0.17532467532467533,0.07532467532467532,0.018664395713576032,-0.025974025974025983
Squirrel,client,42,0.1,0.569047619047619,0.7556298381421533,0.32642487046632124,0.12176165803108809,0.16049382716049382,0.10493827160493827,0.00493827160493826,0.01682338642614982,-0.05555555555555555
Squirrel,client,456,0.1,0.7854545454545457,0.722972027972028,0.3541666666666667,0.13020833333333334,0.036585365853658534,0.08536585365853659,-0.014634146341463414,0.04484247967479675,0.04878048780487806
Squirrel,client,7,0.1,0.7767857142857143,0.6683002148227712,0.30113636363636365,0.08522727272727272,0.12,0.09333333333333334,-0.006666666666666668,-0.008106060606060617,-0.026666666666666658
Squirrel,client,99,0.1,0.5357142857142857,0.6651401230348599,0.35911602209944754,0.08287292817679558,0.09090909090909091,0.09090909090909091,-0.009090909090909094,-0.008036162732295335,0.0
WikiCS,client,123,0.1,0.5686274509803921,0.5847211611917494,0.11087420042643924,0.042643923240938165,0.07987220447284345,0.046858359957401494,-0.05314164004259851,-0.004214436716463328,-0.033013844515441954
WikiCS,client,42,0.1,0.127208480565371,0.5794694027893967,0.18262806236080179,0.07349665924276169,0.097669256381798,0.051054384017758046,-0.04894561598224196,0.022442275225003645,-0.04661487236403996
WikiCS,client,456,0.1,0.1548042704626334,0.6202587853323147,0.18240343347639484,0.06437768240343347,0.11158798283261803,0.05472103004291846,-0.04527896995708155,0.009656652360515015,-0.056866952789699575
WikiCS,client,7,0.1,0.1571428571428571,0.5948672650878533,0.3162393162393162,0.09188034188034189,0.25427350427350426,0.09508547008547008,-0.004914529914529925,-0.0032051282051281937,-0.15918803418803418
WikiCS,client,99,0.1,0.7397504456327986,0.5756127450980394,0.1452991452991453,0.07478632478632478,0.09818569903948772,0.0864461045891142,-0.013553895410885808,-0.011659779802789413,-0.011739594450373522
amazon_ratings,client,123,0.1,0.02785326086956515,0.5182095760277218,0.1489188086495308,0.10322317421460628,0.1328443357783211,0.10024449877750612,0.0002444987775061108,0.0029786754371001617,-0.032599837000814993
amazon_ratings,client,42,0.1,0.0258152173913043,0.5371785789167906,0.1903199343724364,0.13453650533223954,0.16229508196721312,0.12622950819672132,0.02622950819672132,0.008306997135518218,-0.0360655737704918
amazon_ratings,client,456,0.1,0.05578231292517,0.5332711741362074,0.1209775967413442,0.0329938900203666,0.10903173311635476,0.03986981285598047,-0.060130187144019534,-0.006875922835613869,-0.0691619202603743
amazon_ratings,client,7,0.1,0.0204359673024523,0.5368684379193482,0.15287915652879155,0.09205190592051905,0.14181523500810372,0.09967585089141005,-0.00032414910858995227,-0.007623944970891,-0.04213938411669367
amazon_ratings,client,99,0.1,0.0258503401360544,0.5561549091347514,0.1986970684039088,0.17182410423452768,0.17479674796747968,0.1772357723577236,0.07723577235772358,-0.005411668123195906,0.0024390243902439046
minesweeper,client,123,0.1,0.0268456375838926,0.5161715193342357,0.001968503937007874,0.002952755905511811,0.0,0.0,-0.1,0.002952755905511811,0.0
minesweeper,client,42,0.1,0.0,0.4991897252321982,0.0042643923240938165,0.0042643923240938165,0.0,0.0,-0.1,0.0042643923240938165,0.0
minesweeper,client,456,0.1,0.0066666666666666,0.49960611930800347,0.0146484375,0.001953125,0.019455252918287938,0.007782101167315175,-0.09221789883268483,-0.005828976167315175,-0.011673151750972763
minesweeper,client,7,0.1,0.0167785234899328,0.5330635609948677,0.00484027105517909,0.000968054211035818,0.0019305019305019305,0.0,-0.1,0.000968054211035818,-0.0019305019305019305
minesweeper,client,99,0.1,0.0168918918918918,0.5068832551581248,0.03286384976525822,0.036619718309859155,0.022429906542056073,0.020560747663551402,-0.07943925233644861,0.016058970646307753,-0.001869158878504671
roman_empire,client,123,0.1,0.0822320117474302,0.560816750773475,0.13861824623560673,0.10407440212577503,0.10159010600706714,0.09010600706713781,-0.009893992932862195,0.013968395058637215,-0.011484098939929327
roman_empire,client,42,0.1,0.052863436123348,0.583048255235696,0.17506631299734748,0.129973474801061,0.13150926743159752,0.11827007943512798,0.01827007943512797,0.011703395365933025,-0.013239187996469545
roman_empire,client,456,0.1,0.0737463126843657,0.5552988454305599,0.12228024369016537,0.09530026109660575,0.10512597741094701,0.10947002606429192,0.009470026064291912,-0.014169764967686169,0.004344048653344909
roman_empire,client,7,0.1,0.0779411764705882,0.5501485787271755,0.14660831509846828,0.0962800875273523,0.10411198600174978,0.0857392825896763,-0.014260717410323712,0.010540804937676007,-0.01837270341207349
roman_empire,client,99,0.1,0.1158357771260997,0.5487753553603395,0.1262178919397697,0.08503100088573959,0.09195402298850575,0.07869142351900972,-0.021308576480990285,0.006339577366729868,-0.013262599469496025
tolokers,client,123,0.1,0.0,0.5019454865706693,0.01761846901579587,0.018833535844471446,0.013349514563106795,0.015776699029126214,-0.0842233009708738,0.0030568368153452326,0.002427184466019418
tolokers,client,42,0.1,0.0,0.5007843137254901,0.0012353304508956147,0.0,0.0,0.0,-0.1,0.0,0.0
tolokers,client,456,0.1,0.010752688172043,0.5000126290417444,0.003278688524590164,0.0,0.002178649237472767,0.0,-0.1,0.0,-0.002178649237472767
tolokers,client,7,0.1,0.0,0.4990587161699719,0.09932885906040269,0.020134228187919462,0.08310991957104558,0.021447721179624665,-0.07855227882037534,-0.0013134929917052035,-0.06166219839142091
tolokers,client,99,0.1,0.0103896103896103,0.49411576078242736,0.030913978494623656,0.0,0.021447721179624665,0.0,-0.1,0.0,-0.021447721179624665
