dataset,scenario,seed,gid,client_id,stage,subset,pool_role,true_class,membership_label,local_degree,local_label_agreement,correct_prediction,entropy_score,entropy_threshold,entropy_decision,entropy_fallback,rmia_ratio,rmia_score,rmia_threshold,rmia_decision
Chameleon,client,99,0,4,M0,F,evaluation,3,1,18,0.2222222222222222,0,1.7504422657561287,0.6945827266889435,0,1,0.5808469883336475,0.047619047619047616,0.09523809523809523,0.0
Chameleon,client,99,5,4,M0,F,evaluation,2,1,4,0.0,0,1.220132083643917,0.6945827266889435,0,1,1.5241815029712216,0.09523809523809523,0.09523809523809523,0.0
Chameleon,client,99,9,4,M0,F,evaluation,2,1,1,1.0,1,0.19898168513816789,0.6945827266889435,1,1,2.0279964966278796,0.3333333333333333,0.09523809523809523,1.0
Chameleon,client,99,12,4,M0,F,evaluation,4,1,9,0.5555555555555556,1,0.504227865000905,0.6945827266889435,1,1,1.6072808162612888,0.14285714285714285,0.09523809523809523,1.0
Chameleon,client,99,46,4,M0,F,evaluation,0,1,7,0.0,0,1.21186616887326,0.6945827266889435,0,1,0.9619062679958347,0.047619047619047616,0.09523809523809523,0.0
Chameleon,client,99,52,4,M0,F,evaluation,3,1,10,0.2,0,1.455538249777727,0.6945827266889435,0,1,2.056814197951216,0.3333333333333333,0.09523809523809523,1.0
Chameleon,client,99,62,4,M0,F,evaluation,0,1,56,0.25,1,0.5479058930100182,0.6945827266889435,1,1,2.1251707673742914,0.3333333333333333,0.09523809523809523,1.0
Chameleon,client,99,78,4,M0,F,evaluation,2,1,52,0.2692307692307692,0,1.146457598194865,0.6945827266889435,0,1,1.543808861855757,0.09523809523809523,0.09523809523809523,0.0
Chameleon,client,99,80,4,M0,F,evaluation,0,1,52,0.2692307692307692,1,0.5030096690632915,0.6945827266889435,1,1,2.0554569672738667,0.3333333333333333,0.09523809523809523,1.0
Chameleon,client,99,108,4,M0,F,evaluation,2,1,6,0.0,1,0.9115249436932964,0.6945827266889435,0,1,1.755053890572053,0.19047619047619047,0.09523809523809523,1.0
Chameleon,client,99,142,4,M0,F,evaluation,4,1,3,0.6666666666666666,1,0.010833223492246798,0.6945827266889435,1,1,3.564996476160562,0.6666666666666666,0.09523809523809523,1.0
Chameleon,client,99,173,4,M0,F,evaluation,3,1,1,0.0,1,0.08843035110581401,0.6945827266889435,1,1,4.128207771351686,0.7619047619047619,0.09523809523809523,1.0
Chameleon,client,99,200,4,M0,F,evaluation,2,1,7,0.0,0,2.221420074093704,0.6945827266889435,0,1,0.7150594221672653,0.047619047619047616,0.09523809523809523,0.0
Chameleon,client,99,203,4,M0,F,evaluation,2,1,46,0.3260869565217391,0,0.8657578095934669,0.6945827266889435,0,1,1.7973345850102036,0.19047619047619047,0.09523809523809523,1.0
Chameleon,client,99,207,4,M0,F,evaluation,0,1,42,0.238095238095238,1,0.5801532279799143,0.6945827266889435,1,1,1.9098290336160224,0.2857142857142857,0.09523809523809523,1.0
Chameleon,client,99,221,4,M0,F,evaluation,0,1,41,0.2195121951219512,1,0.5851627651949924,0.6945827266889435,1,1,1.8941212222178507,0.2857142857142857,0.09523809523809523,1.0
Chameleon,client,99,224,4,M0,F,evaluation,4,1,3,0.0,0,1.5341030812057044,0.6945827266889435,0,1,0.8070455908708437,0.047619047619047616,0.09523809523809523,0.0
Chameleon,client,99,249,4,M0,F,evaluation,4,1,50,0.04,0,2.923573196555196,0.6945827266889435,0,1,0.16623183778156791,0.047619047619047616,0.09523809523809523,0.0
Chameleon,client,99,254,4,M0,F,evaluation,0,1,40,0.225,1,0.44636562862427326,0.6945827266889435,1,1,2.0395582809142225,0.3333333333333333,0.09523809523809523,1.0
Chameleon,client,99,262,4,M0,F,evaluation,3,1,16,0.25,0,2.3184649438895493,0.6945827266889435,0,1,0.8978534514461944,0.047619047619047616,0.09523809523809523,0.0
Chameleon,client,99,267,4,M0,F,evaluation,3,1,2,0.5,0,1.9223663609735926,0.6945827266889435,0,1,0.7429729908477181,0.047619047619047616,0.09523809523809523,0.0
Chameleon,client,99,269,4,M0,F,evaluation,0,1,38,0.1842105263157894,1,0.599304685121133,0.6945827266889435,1,1,1.8481359499670813,0.19047619047619047,0.09523809523809523,1.0
Chameleon,client,99,273,4,M0,F,evaluation,2,1,2,0.0,0,1.4423814972314926,0.6945827266889435,0,1,1.2954886526948939,0.047619047619047616,0.09523809523809523,0.0
Chameleon,client,99,275,4,M0,F,evaluation,3,1,0,,1,0.3912837351533195,0.6945827266889435,1,1,5.873459311332788,0.9523809523809523,0.09523809523809523,1.0
Chameleon,client,99,281,4,M0,F,evaluation,2,1,1,0.0,1,0.7336019349880247,0.6945827266889435,0,1,1.9757912982527253,0.2857142857142857,0.09523809523809523,1.0
Chameleon,client,99,283,4,M0,F,evaluation,0,1,5,0.0,0,1.200562589077747,0.6945827266889435,0,1,1.1768214064342166,0.047619047619047616,0.09523809523809523,0.0
Chameleon,client,99,296,4,M0,F,evaluation,3,1,5,0.2,1,1.0700518567278074,0.6945827266889435,0,1,1.073283465812591,0.047619047619047616,0.09523809523809523,0.0
Chameleon,client,99,299,4,M0,F,evaluation,2,1,15,0.5333333333333333,1,0.6824377971776588,0.6945827266889435,1,1,1.9984030583851535,0.3333333333333333,0.09523809523809523,1.0
Chameleon,client,99,309,4,M0,F,evaluation,2,1,2,0.5,1,0.8948025366900514,0.6945827266889435,0,1,1.1890672034571275,0.047619047619047616,0.09523809523809523,0.0
Chameleon,client,99,314,4,M0,F,evaluation,2,1,3,0.3333333333333333,0,1.6587052663432111,0.6945827266889435,0,1,0.8123915734975871,0.047619047619047616,0.09523809523809523,0.0
Chameleon,client,99,318,4,M0,F,evaluation,4,1,3,0.0,0,1.7931289230351135,0.6945827266889435,0,1,0.6498279587355724,0.047619047619047616,0.09523809523809523,0.0
Chameleon,client,99,319,4,M0,F,evaluation,1,1,3,0.3333333333333333,1,0.13639961075240326,0.6945827266889435,1,1,4.869554169490019,0.8095238095238095,0.09523809523809523,1.0
Chameleon,client,99,332,4,M0,F,evaluation,4,1,1,1.0,1,0.10063631767220968,0.6945827266889435,1,1,2.990506112805651,0.47619047619047616,0.09523809523809523,1.0
Chameleon,client,99,334,4,M0,F,evaluation,0,1,35,0.1714285714285714,1,0.6171763068211611,0.6945827266889435,1,1,1.8014907489102165,0.19047619047619047,0.09523809523809523,1.0
Chameleon,client,99,346,4,M0,F,evaluation,3,1,10,0.3,1,0.09810661513750418,0.6945827266889435,1,1,5.041260916505435,0.8571428571428571,0.09523809523809523,1.0
Chameleon,client,99,348,4,M0,F,evaluation,0,1,2,0.0,0,1.0283206012023312,0.6945827266889435,0,1,1.543027664626352,0.09523809523809523,0.09523809523809523,0.0
Chameleon,client,99,354,4,M0,F,evaluation,2,1,35,0.3714285714285714,1,0.7778147680298296,0.6945827266889435,0,1,1.8029179659139456,0.19047619047619047,0.09523809523809523,1.0
Chameleon,client,99,410,4,M0,F,evaluation,3,1,5,0.6,1,0.07278630979314868,0.6945827266889435,1,1,3.7600027788713155,0.7142857142857143,0.09523809523809523,1.0
Chameleon,client,99,411,4,M0,F,evaluation,3,1,4,0.25,0,1.0777148973998445,0.6945827266889435,0,1,1.1842797164405918,0.047619047619047616,0.09523809523809523,0.0
Chameleon,client,99,415,4,M0,F,evaluation,3,1,9,0.2222222222222222,1,0.09421709413008086,0.6945827266889435,1,1,5.2234658401164955,0.8571428571428571,0.09523809523809523,1.0
Chameleon,client,99,427,4,M0,F,evaluation,2,1,1,1.0,1,0.44780561696679677,0.6945827266889435,1,1,2.0724290771919742,0.3333333333333333,0.09523809523809523,1.0
Chameleon,client,99,434,4,M0,F,evaluation,0,1,0,,1,0.9082552936740056,0.6945827266889435,0,1,0.9294359080781791,0.047619047619047616,0.09523809523809523,0.0
Chameleon,client,99,436,4,M0,F,evaluation,2,1,1,0.0,1,0.38342515196227683,0.6945827266889435,1,1,2.531319563205122,0.38095238095238093,0.09523809523809523,1.0
Chameleon,client,99,442,4,M0,F,evaluation,0,1,26,0.0769230769230769,1,0.8052276057061134,0.6945827266889435,0,1,1.4018431025685154,0.047619047619047616,0.09523809523809523,0.0
Chameleon,client,99,444,4,M0,F,evaluation,4,1,1,1.0,1,0.0022741036859436877,0.6945827266889435,1,1,6.830256650750341,0.9523809523809523,0.09523809523809523,1.0
Chameleon,client,99,466,4,M0,F,evaluation,2,1,3,0.3333333333333333,1,0.15307515160972818,0.6945827266889435,1,1,7.274527657183614,0.9523809523809523,0.09523809523809523,1.0
Chameleon,client,99,472,4,M0,F,evaluation,2,1,29,0.2758620689655172,1,0.7490374902462786,0.6945827266889435,0,1,1.7605955487006968,0.19047619047619047,0.09523809523809523,1.0
Chameleon,client,99,479,4,M0,F,evaluation,0,1,3,0.3333333333333333,1,0.021692503696668086,0.6945827266889435,1,1,2.7922557390482474,0.42857142857142855,0.09523809523809523,1.0
Chameleon,client,99,486,4,M0,F,evaluation,2,1,7,0.1428571428571428,0,1.0684941076155745,0.6945827266889435,0,1,1.9100417146862472,0.2857142857142857,0.09523809523809523,1.0
Chameleon,client,99,508,4,M0,F,evaluation,1,1,4,0.0,0,1.042028215676706,0.6945827266889435,0,1,1.8632073057771728,0.23809523809523808,0.09523809523809523,1.0
Chameleon,client,99,512,4,M0,F,evaluation,1,1,11,0.0909090909090909,0,2.0260491810295824,0.6945827266889435,0,1,1.6145897248599952,0.14285714285714285,0.09523809523809523,1.0
Chameleon,client,99,529,4,M0,F,evaluation,4,1,4,0.25,0,1.01921043467901,0.6945827266889435,0,1,1.1047607145584695,0.047619047619047616,0.09523809523809523,0.0
Chameleon,client,99,542,4,M0,F,evaluation,1,1,6,0.0,0,2.8137709897079897,0.6945827266889435,0,1,0.9908734842955447,0.047619047619047616,0.09523809523809523,0.0
Chameleon,client,99,543,4,M0,F,evaluation,4,1,10,0.4,1,0.3800569672349523,0.6945827266889435,1,1,1.7764285518177287,0.19047619047619047,0.09523809523809523,1.0
Chameleon,client,99,548,4,M0,F,evaluation,0,1,3,0.0,0,1.626477161965408,0.6945827266889435,0,1,0.9183295527784987,0.047619047619047616,0.09523809523809523,0.0
Chameleon,client,99,571,4,M0,F,evaluation,0,1,0,,1,0.48386016714526314,0.6945827266889435,1,1,1.7546805404798442,0.19047619047619047,0.09523809523809523,1.0
Chameleon,client,99,582,4,M0,F,evaluation,3,1,0,,1,0.002777406528069718,0.6945827266889435,1,1,9.321082393310029,0.9523809523809523,0.09523809523809523,1.0
Chameleon,client,99,599,4,M0,F,evaluation,4,1,11,0.2727272727272727,1,0.5774340381533143,0.6945827266889435,1,1,1.4660635262688004,0.047619047619047616,0.09523809523809523,0.0
Chameleon,client,99,603,4,M0,F,evaluation,4,1,10,0.2,0,0.8146293941150613,0.6945827266889435,0,1,1.7581652626554154,0.19047619047619047,0.09523809523809523,1.0
Chameleon,client,99,620,4,M0,F,evaluation,3,1,1,0.0,1,0.08511193354645488,0.6945827266889435,1,1,3.590132488103311,0.6666666666666666,0.09523809523809523,1.0
Chameleon,client,99,624,4,M0,F,evaluation,2,1,18,0.3333333333333333,0,0.8320748557540774,0.6945827266889435,0,1,1.7130487022874077,0.14285714285714285,0.09523809523809523,1.0
Chameleon,client,99,633,4,M0,F,evaluation,3,1,6,0.3333333333333333,1,0.3543301154084215,0.6945827266889435,1,1,1.6657056976523303,0.14285714285714285,0.09523809523809523,1.0
Chameleon,client,99,640,4,M0,F,evaluation,2,1,2,0.5,1,0.011177948970621365,0.6945827266889435,1,1,17.95288982897011,0.9523809523809523,0.09523809523809523,1.0
Chameleon,client,99,648,4,M0,F,evaluation,3,1,6,0.6666666666666666,1,0.6611750557845493,0.6945827266889435,1,1,2.531500629887867,0.38095238095238093,0.09523809523809523,1.0
Chameleon,client,99,651,4,M0,F,evaluation,3,1,1,0.0,1,0.15736171005041222,0.6945827266889435,1,1,7.717072288704987,0.9523809523809523,0.09523809523809523,1.0
Chameleon,client,99,669,4,M0,F,evaluation,3,1,4,0.5,0,1.413285540686781,0.6945827266889435,0,1,1.4872208069498167,0.047619047619047616,0.09523809523809523,0.0
Chameleon,client,99,686,4,M0,F,evaluation,3,1,0,,1,0.009779608749969656,0.6945827266889435,1,1,3.7006096257116,0.7142857142857143,0.09523809523809523,1.0
Chameleon,client,99,687,4,M0,F,evaluation,2,1,12,0.25,1,0.7916038662017838,0.6945827266889435,0,1,1.5991599877946947,0.09523809523809523,0.09523809523809523,0.0
Chameleon,client,99,716,4,M0,F,evaluation,3,1,6,0.5,0,1.269235690285539,0.6945827266889435,0,1,1.4339662926608154,0.047619047619047616,0.09523809523809523,0.0
Chameleon,client,99,737,4,M0,F,evaluation,3,1,0,,1,0.0005969075844024156,0.6945827266889435,1,1,3.2728096773676025,0.6190476190476191,0.09523809523809523,1.0
Chameleon,client,99,739,4,M0,F,evaluation,2,1,1,0.0,1,0.8173116503968355,0.6945827266889435,0,1,1.233932002371752,0.047619047619047616,0.09523809523809523,0.0
Chameleon,client,99,740,4,M0,F,evaluation,3,1,1,1.0,1,0.22975318740169476,0.6945827266889435,1,1,2.776122356541967,0.42857142857142855,0.09523809523809523,1.0
Chameleon,client,99,751,4,M0,F,evaluation,3,1,0,,1,0.1263860006991501,0.6945827266889435,1,1,2.3840510481233554,0.3333333333333333,0.09523809523809523,1.0
Chameleon,client,99,760,4,M0,F,evaluation,2,1,3,0.0,1,0.8354753813596886,0.6945827266889435,0,1,1.8644787158941372,0.23809523809523808,0.09523809523809523,1.0
Chameleon,client,99,777,4,M0,F,evaluation,2,1,3,0.3333333333333333,0,0.9393523479165538,0.6945827266889435,0,1,0.774279889595769,0.047619047619047616,0.09523809523809523,0.0
Chameleon,client,99,786,4,M0,F,evaluation,2,1,1,0.0,1,0.28096902305686455,0.6945827266889435,1,1,1.193221461549171,0.047619047619047616,0.09523809523809523,0.0
Chameleon,client,99,798,4,M0,F,evaluation,3,1,9,0.2222222222222222,0,1.2278200449200474,0.6945827266889435,0,1,2.763711098307406,0.42857142857142855,0.09523809523809523,1.0
Chameleon,client,99,818,4,M0,F,evaluation,4,1,7,0.0,0,2.1359122614468067,0.6945827266889435,0,1,0.47228326225484113,0.047619047619047616,0.09523809523809523,0.0
Chameleon,client,99,823,4,M0,F,evaluation,2,1,5,0.4,1,0.7579627884538982,0.6945827266889435,0,1,1.4361486454996535,0.047619047619047616,0.09523809523809523,0.0
Chameleon,client,99,825,4,M0,F,evaluation,3,1,2,0.5,1,0.6911598788298965,0.6945827266889435,1,1,4.664942525981897,0.7619047619047619,0.09523809523809523,1.0
Chameleon,client,99,843,4,M0,F,evaluation,3,1,3,0.0,0,1.640219450053082,0.6945827266889435,0,1,2.4163182087012465,0.3333333333333333,0.09523809523809523,1.0
Chameleon,client,99,844,4,M0,F,evaluation,1,1,2,0.5,0,1.375618156257962,0.6945827266889435,0,1,6.220607120413125,0.9523809523809523,0.09523809523809523,1.0
Chameleon,client,99,845,4,M0,F,evaluation,2,1,1,0.0,1,0.9769259915652411,0.6945827266889435,0,1,1.270247005896069,0.047619047619047616,0.09523809523809523,0.0
Chameleon,client,99,846,4,M0,F,evaluation,3,1,0,,1,0.3314184685748873,0.6945827266889435,1,1,2.4517865052719605,0.3333333333333333,0.09523809523809523,1.0
Chameleon,client,99,851,4,M0,F,evaluation,0,1,1,0.0,1,0.0234799729645216,0.6945827266889435,1,1,2.784946880601304,0.42857142857142855,0.09523809523809523,1.0
Chameleon,client,99,853,4,M0,F,evaluation,0,1,0,,1,0.7312982046791991,0.6945827266889435,0,1,1.4502989159530453,0.047619047619047616,0.09523809523809523,0.0
Chameleon,client,99,856,4,M0,F,evaluation,1,1,0,,1,0.9279575693005234,0.6945827266889435,0,1,6.819032006779719,0.9523809523809523,0.09523809523809523,1.0
Chameleon,client,99,858,4,M0,F,evaluation,3,1,2,0.0,1,0.1466903127604739,0.6945827266889435,1,1,7.0823718219784375,0.9523809523809523,0.09523809523809523,1.0
Chameleon,client,99,865,4,M0,F,evaluation,0,1,0,,0,1.2378543791206214,0.6945827266889435,0,1,1.67138575504099,0.14285714285714285,0.09523809523809523,1.0
Chameleon,client,99,880,4,M0,F,evaluation,4,1,0,,1,0.01016810769180793,0.6945827266889435,1,1,6.881182246779376,0.9523809523809523,0.09523809523809523,1.0
Chameleon,client,99,884,4,M0,F,evaluation,1,1,0,,1,0.29766434342083037,0.6945827266889435,1,1,6.8029947834167555,0.9523809523809523,0.09523809523809523,1.0
Chameleon,client,99,885,4,M0,F,evaluation,4,1,0,,0,1.6537480853770163,0.6945827266889435,0,1,0.9100546165757409,0.047619047619047616,0.09523809523809523,0.0
Chameleon,client,99,887,4,M0,F,evaluation,0,1,0,,1,0.15730188109628293,0.6945827266889435,1,1,1.8578175237857526,0.19047619047619047,0.09523809523809523,1.0
Chameleon,client,99,1,4,M0,H,evaluation,0,0,9,0.0,0,4.913422145507957,0.6945827266889435,0,1,0.10758121701251745,0.0,0.09523809523809523,0.0
Chameleon,client,99,6,4,M0,H,evaluation,0,0,2,0.0,0,1.4766330214009686,0.6945827266889435,0,1,0.5952650936233571,0.047619047619047616,0.09523809523809523,0.0
Chameleon,client,99,64,4,M0,H,evaluation,3,0,8,0.125,0,1.7935193832682512,0.6945827266889435,0,1,1.75781721228181,0.19047619047619047,0.09523809523809523,1.0
Chameleon,client,99,97,4,M0,H,evaluation,0,0,48,0.25,1,0.5601553787917977,0.6945827266889435,1,1,1.99951754256799,0.3333333333333333,0.09523809523809523,1.0
Chameleon,client,99,101,4,M0,H,evaluation,0,0,5,0.2,0,1.9822326248085658,0.6945827266889435,0,1,0.9780829721325679,0.047619047619047616,0.09523809523809523,0.0
Chameleon,client,99,126,4,M0,H,evaluation,4,0,2,0.0,0,3.921890171769914,0.6945827266889435,0,1,0.20776978587413783,0.047619047619047616,0.09523809523809523,0.0
Chameleon,client,99,130,4,M0,H,evaluation,1,0,48,0.25,0,3.910419060643394,0.6945827266889435,0,1,0.3910689478789031,0.047619047619047616,0.09523809523809523,0.0
Chameleon,client,99,141,4,M0,H,evaluation,1,0,46,0.217391304347826,0,4.102087727677672,0.6945827266889435,0,1,0.2740308292338749,0.047619047619047616,0.09523809523809523,0.0
Chameleon,client,99,148,4,M0,H,evaluation,1,0,4,0.0,0,1.9626062508255275,0.6945827266889435,0,1,1.1883658872989769,0.047619047619047616,0.09523809523809523,0.0
Chameleon,client,99,165,4,M0,H,evaluation,0,0,45,0.2444444444444444,1,0.5704735871601188,0.6945827266889435,1,1,1.9618906423402078,0.2857142857142857,0.09523809523809523,1.0
Chameleon,client,99,176,4,M0,H,evaluation,2,0,7,0.1428571428571428,0,2.235570012095893,0.6945827266889435,0,1,0.6557587570945363,0.047619047619047616,0.09523809523809523,0.0
Chameleon,client,99,202,4,M0,H,evaluation,3,0,1,0.0,1,0.2903550551006701,0.6945827266889435,1,1,2.5211867151329233,0.38095238095238093,0.09523809523809523,1.0
Chameleon,client,99,272,4,M0,H,evaluation,3,0,11,0.3636363636363636,1,0.10190960149591606,0.6945827266889435,1,1,4.912444049835914,0.8095238095238095,0.09523809523809523,1.0
Chameleon,client,99,304,4,M0,H,evaluation,1,0,36,0.25,0,3.880371316905865,0.6945827266889435,0,1,0.4221050745198769,0.047619047619047616,0.09523809523809523,0.0
Chameleon,client,99,333,4,M0,H,evaluation,2,0,10,0.0,0,3.8618510517678333,0.6945827266889435,0,1,0.2150210123497872,0.047619047619047616,0.09523809523809523,0.0
Chameleon,client,99,337,4,M0,H,evaluation,1,0,36,0.2222222222222222,0,4.170473142269847,0.6945827266889435,0,1,0.3374210929713122,0.047619047619047616,0.09523809523809523,0.0
Chameleon,client,99,424,4,M0,H,evaluation,1,0,3,0.0,0,1.9445690067274937,0.6945827266889435,0,1,0.9273728806823149,0.047619047619047616,0.09523809523809523,0.0
Chameleon,client,99,447,4,M0,H,evaluation,4,0,6,0.3333333333333333,0,1.9791553660630878,0.6945827266889435,0,1,0.568316608212784,0.047619047619047616,0.09523809523809523,0.0
Chameleon,client,99,463,4,M0,H,evaluation,0,0,2,0.5,0,1.8527629003591517,0.6945827266889435,0,1,0.8956091566770596,0.047619047619047616,0.09523809523809523,0.0
Chameleon,client,99,464,4,M0,H,evaluation,1,0,3,0.6666666666666666,0,1.6252862068507814,0.6945827266889435,0,1,1.942612419700214,0.2857142857142857,0.09523809523809523,1.0
Chameleon,client,99,481,4,M0,H,evaluation,0,0,3,0.3333333333333333,0,1.462254440020583,0.6945827266889435,0,1,1.1209396333495294,0.047619047619047616,0.09523809523809523,0.0
Chameleon,client,99,488,4,M0,H,evaluation,0,0,21,0.0476190476190476,1,0.7255879194339266,0.6945827266889435,0,1,1.4788804577975232,0.047619047619047616,0.09523809523809523,0.0
Chameleon,client,99,495,4,M0,H,evaluation,1,0,21,0.2857142857142857,0,3.778514583165559,0.6945827266889435,0,1,0.5414598337259151,0.047619047619047616,0.09523809523809523,0.0
Chameleon,client,99,509,4,M0,H,evaluation,4,0,2,0.0,0,0.9481481643546916,0.6945827266889435,0,1,1.68267462296154,0.14285714285714285,0.09523809523809523,1.0
Chameleon,client,99,513,4,M0,H,evaluation,1,0,8,0.125,0,2.9045303601339247,0.6945827266889435,0,1,0.7998292098942386,0.047619047619047616,0.09523809523809523,0.0
Chameleon,client,99,518,4,M0,H,evaluation,1,0,2,0.0,0,2.9454853395437093,0.6945827266889435,0,1,0.4805806198509219,0.047619047619047616,0.09523809523809523,0.0
Chameleon,client,99,557,4,M0,H,evaluation,1,0,3,0.0,0,1.2988343830823195,0.6945827266889435,0,1,1.8716211625627237,0.23809523809523808,0.09523809523809523,1.0
Chameleon,client,99,560,4,M0,H,evaluation,3,0,21,0.238095238095238,0,1.6233315474897085,0.6945827266889435,0,1,1.8196225421283192,0.19047619047619047,0.09523809523809523,1.0
Chameleon,client,99,581,4,M0,H,evaluation,3,0,11,0.2727272727272727,0,0.8856319757054805,0.6945827266889435,0,1,1.162369231657382,0.047619047619047616,0.09523809523809523,0.0
Chameleon,client,99,628,4,M0,H,evaluation,1,0,17,0.1764705882352941,0,4.003119891544567,0.6945827266889435,0,1,0.42978156541936363,0.047619047619047616,0.09523809523809523,0.0
Chameleon,client,99,630,4,M0,H,evaluation,4,0,7,0.1428571428571428,1,0.6075364419029303,0.6945827266889435,1,1,1.7166485520409103,0.14285714285714285,0.09523809523809523,1.0
Chameleon,client,99,642,4,M0,H,evaluation,2,0,17,0.3529411764705882,1,0.5540345805721686,0.6945827266889435,1,1,1.9017776567573415,0.2857142857142857,0.09523809523809523,1.0
Chameleon,client,99,644,4,M0,H,evaluation,3,0,1,1.0,1,0.8775376215756441,0.6945827266889435,0,1,2.0489759986874763,0.3333333333333333,0.09523809523809523,1.0
Chameleon,client,99,645,4,M0,H,evaluation,2,0,14,0.2857142857142857,1,0.6857632479637339,0.6945827266889435,1,1,1.6613662575876464,0.14285714285714285,0.09523809523809523,1.0
Chameleon,client,99,679,4,M0,H,evaluation,1,0,1,1.0,0,2.9303056029108734,0.6945827266889435,0,1,1.1052833186286666,0.047619047619047616,0.09523809523809523,0.0
Chameleon,client,99,744,4,M0,H,evaluation,3,0,1,1.0,1,0.8406076540326353,0.6945827266889435,0,1,2.782833557503057,0.42857142857142855,0.09523809523809523,1.0
Chameleon,client,99,775,4,M0,H,evaluation,3,0,9,0.2222222222222222,0,1.487763977003846,0.6945827266889435,0,1,2.328062284566866,0.3333333333333333,0.09523809523809523,1.0
Chameleon,client,99,824,4,M0,H,evaluation,2,0,0,,1,0.00295082558608055,0.6945827266889435,1,1,18.34682512785754,1.0,0.09523809523809523,1.0
Chameleon,client,99,861,4,M0,H,evaluation,1,0,1,0.0,0,4.0022622052275265,0.6945827266889435,0,1,0.7063934748889038,0.047619047619047616,0.09523809523809523,0.0
Chameleon,client,99,30,1,M0,attack_member,evaluation,0,1,2,0.0,1,0.8456657396720744,0.6945827266889435,0,1,2.638333701752447,0.42857142857142855,0.09523809523809523,1.0
Chameleon,client,99,47,1,M0,attack_member,evaluation,2,1,0,,1,0.005918767640256965,0.6945827266889435,1,1,5.470923677947232,0.8571428571428571,0.09523809523809523,1.0
Chameleon,client,99,53,2,M0,attack_member,evaluation,1,1,4,0.0,1,0.6438773915284423,0.6945827266889435,1,1,1.8520116088676748,0.19047619047619047,0.09523809523809523,1.0
Chameleon,client,99,59,1,M0,attack_member,evaluation,0,1,2,1.0,1,0.9225799154490948,0.6945827266889435,0,1,0.9314146289441657,0.047619047619047616,0.09523809523809523,0.0
Chameleon,client,99,60,3,M0,attack_member,evaluation,0,1,73,0.0136986301369863,0,3.569889043631691,0.6945827266889435,0,1,0.4098376744459929,0.047619047619047616,0.09523809523809523,0.0
Chameleon,client,99,61,1,M0,attack_member,evaluation,0,1,2,0.5,1,0.9917678789535105,0.6945827266889435,0,1,0.8715341625473979,0.047619047619047616,0.09523809523809523,0.0
Chameleon,client,99,77,1,M0,attack_member,evaluation,0,1,3,0.6666666666666666,1,0.33839939695753957,0.6945827266889435,1,1,1.0286331751567588,0.047619047619047616,0.09523809523809523,0.0
Chameleon,client,99,83,1,M0,attack_member,evaluation,0,1,2,1.0,1,0.9225799154490948,0.6945827266889435,0,1,0.9314146289441657,0.047619047619047616,0.09523809523809523,0.0
Chameleon,client,99,85,2,M0,attack_member,evaluation,1,1,3,0.6666666666666666,1,0.25642309027119997,0.6945827266889435,1,1,3.3457560202676455,0.6190476190476191,0.09523809523809523,1.0
Chameleon,client,99,90,2,M0,attack_member,evaluation,2,1,10,0.2,0,2.337256669237468,0.6945827266889435,0,1,0.6118090977201768,0.047619047619047616,0.09523809523809523,0.0
Chameleon,client,99,131,3,M0,attack_member,evaluation,2,1,54,0.3333333333333333,1,0.6833372674452522,0.6945827266889435,1,1,4.131564163187682,0.7619047619047619,0.09523809523809523,1.0
Chameleon,client,99,132,1,M0,attack_member,evaluation,0,1,2,1.0,1,0.7498710979931386,0.6945827266889435,0,1,0.9492346284415203,0.047619047619047616,0.09523809523809523,0.0
Chameleon,client,99,145,1,M0,attack_member,evaluation,0,1,2,0.0,0,1.7044681621249218,0.6945827266889435,0,1,2.4014501944499944,0.3333333333333333,0.09523809523809523,1.0
Chameleon,client,99,151,2,M0,attack_member,evaluation,3,1,1,0.0,1,0.35319861956405885,0.6945827266889435,1,1,22.52076722045921,1.0,0.09523809523809523,1.0
Chameleon,client,99,153,1,M0,attack_member,evaluation,4,1,9,0.1111111111111111,0,0.9061332402704918,0.6945827266889435,0,1,1.1947703106312617,0.047619047619047616,0.09523809523809523,0.0
Chameleon,client,99,154,2,M0,attack_member,evaluation,0,1,3,0.3333333333333333,1,0.7208613498778078,0.6945827266889435,0,1,1.6872244044260605,0.14285714285714285,0.09523809523809523,1.0
Chameleon,client,99,186,1,M0,attack_member,evaluation,0,1,1,1.0,1,0.10825435263757237,0.6945827266889435,1,1,1.2389060824142986,0.047619047619047616,0.09523809523809523,0.0
Chameleon,client,99,187,3,M0,attack_member,evaluation,3,1,59,0.1864406779661017,0,0.9513942084293081,0.6945827266889435,0,1,1.9804621348239442,0.2857142857142857,0.09523809523809523,1.0
Chameleon,client,99,189,1,M0,attack_member,evaluation,4,1,0,,1,0.00012494113500746308,0.6945827266889435,1,1,4.158900564827734,0.7619047619047619,0.09523809523809523,1.0
Chameleon,client,99,190,3,M0,attack_member,evaluation,4,1,64,0.265625,1,0.6882289957431857,0.6945827266889435,1,1,0.7592703857174425,0.047619047619047616,0.09523809523809523,0.0
Chameleon,client,99,191,2,M0,attack_member,evaluation,2,1,1,0.0,0,1.6435599352427768,0.6945827266889435,0,1,0.9434261408797344,0.047619047619047616,0.09523809523809523,0.0
Chameleon,client,99,195,1,M0,attack_member,evaluation,1,1,1,0.0,0,1.194485796379725,0.6945827266889435,0,1,2.9021928885985555,0.47619047619047616,0.09523809523809523,1.0
Chameleon,client,99,236,2,M0,attack_member,evaluation,4,1,0,,1,1.2985313651731996e-05,0.6945827266889435,1,1,1.6847189670817284,0.14285714285714285,0.09523809523809523,1.0
Chameleon,client,99,282,1,M0,attack_member,evaluation,1,1,0,,0,1.3289886776249225,0.6945827266889435,0,1,2.310437429847943,0.3333333333333333,0.09523809523809523,1.0
Chameleon,client,99,287,3,M0,attack_member,evaluation,2,1,39,0.3076923076923077,0,1.232133795164632,0.6945827266889435,0,1,3.6556337597160167,0.7142857142857143,0.09523809523809523,1.0
Chameleon,client,99,311,1,M0,attack_member,evaluation,0,1,1,0.0,0,1.011904297706566,0.6945827266889435,0,1,1.0447169942951953,0.047619047619047616,0.09523809523809523,0.0
Chameleon,client,99,313,3,M0,attack_member,evaluation,3,1,50,0.22,0,1.243560369464063,0.6945827266889435,0,1,1.7380319249679916,0.14285714285714285,0.09523809523809523,1.0
Chameleon,client,99,315,1,M0,attack_member,evaluation,1,1,0,,1,0.1973561231185113,0.6945827266889435,1,1,9.564112831464675,0.9523809523809523,0.09523809523809523,1.0
Chameleon,client,99,321,3,M0,attack_member,evaluation,1,1,44,0.0681818181818181,0,4.408895665075408,0.6945827266889435,0,1,0.1484778878075989,0.047619047619047616,0.09523809523809523,0.0
Chameleon,client,99,336,1,M0,attack_member,evaluation,0,1,0,,1,0.9082552936740056,0.6945827266889435,0,1,0.9294359080781791,0.047619047619047616,0.09523809523809523,0.0
Chameleon,client,99,340,3,M0,attack_member,evaluation,3,1,8,0.375,1,0.44475189866755194,0.6945827266889435,1,1,1.694210913901099,0.14285714285714285,0.09523809523809523,1.0
Chameleon,client,99,345,3,M0,attack_member,evaluation,2,1,10,0.0,0,1.8691508801711438,0.6945827266889435,0,1,5.135818207973491,0.8571428571428571,0.09523809523809523,1.0
Chameleon,client,99,350,1,M0,attack_member,evaluation,0,1,1,0.0,1,0.14152688298799515,0.6945827266889435,1,1,1.6877660763560567,0.14285714285714285,0.09523809523809523,1.0
Chameleon,client,99,362,1,M0,attack_member,evaluation,2,1,6,0.3333333333333333,1,0.6229157985276974,0.6945827266889435,1,1,3.6782447127683096,0.7142857142857143,0.09523809523809523,1.0
Chameleon,client,99,386,1,M0,attack_member,evaluation,2,1,2,0.0,1,0.4285451708805833,0.6945827266889435,1,1,0.8748267940016037,0.047619047619047616,0.09523809523809523,0.0
Chameleon,client,99,394,3,M0,attack_member,evaluation,3,1,1,0.0,1,0.1319344316286731,0.6945827266889435,1,1,2.689401127591716,0.42857142857142855,0.09523809523809523,1.0
Chameleon,client,99,396,1,M0,attack_member,evaluation,0,1,0,,1,0.03310038403161481,0.6945827266889435,1,1,6.025057451576528,0.9523809523809523,0.09523809523809523,1.0
Chameleon,client,99,417,2,M0,attack_member,evaluation,1,1,5,0.4,0,1.3815722698765835,0.6945827266889435,0,1,4.4036114712836545,0.7619047619047619,0.09523809523809523,1.0
Chameleon,client,99,432,1,M0,attack_member,evaluation,2,1,0,,0,1.2934268604943957,0.6945827266889435,0,1,2.4897304439844943,0.3333333333333333,0.09523809523809523,1.0
Chameleon,client,99,435,1,M0,attack_member,evaluation,1,1,0,,0,1.204102955406956,0.6945827266889435,0,1,4.026659077623604,0.7619047619047619,0.09523809523809523,1.0
Chameleon,client,99,438,0,M0,attack_member,evaluation,0,1,6,0.3333333333333333,0,0.9459454015227851,0.6945827266889435,0,1,3.7401885541353197,0.7142857142857143,0.09523809523809523,1.0
Chameleon,client,99,439,2,M0,attack_member,evaluation,4,1,1,1.0,1,1.9052549799467388e-07,0.6945827266889435,1,1,1.4112332845254556,0.047619047619047616,0.09523809523809523,0.0
Chameleon,client,99,457,2,M0,attack_member,evaluation,4,1,0,,1,0.6922328294915594,0.6945827266889435,1,1,1.516652685855299,0.09523809523809523,0.09523809523809523,0.0
Chameleon,client,99,467,0,M0,attack_member,evaluation,2,1,4,0.25,0,1.6518250152633505,0.6945827266889435,0,1,39.70435285053929,1.0,0.09523809523809523,1.0
Chameleon,client,99,473,0,M0,attack_member,evaluation,0,1,5,0.0,1,0.7618752750069364,0.6945827266889435,0,1,0.7925610543417753,0.047619047619047616,0.09523809523809523,0.0
Chameleon,client,99,490,0,M0,attack_member,evaluation,0,1,4,0.75,1,0.33470522863663105,0.6945827266889435,1,1,2.4528172200180967,0.3333333333333333,0.09523809523809523,1.0
Chameleon,client,99,499,3,M0,attack_member,evaluation,1,1,0,,1,0.38128667566434504,0.6945827266889435,1,1,3.618323960782034,0.6666666666666666,0.09523809523809523,1.0
Chameleon,client,99,500,0,M0,attack_member,evaluation,3,1,7,0.4285714285714285,1,0.3742606625129415,0.6945827266889435,1,1,77.16913987359166,1.0,0.09523809523809523,1.0
Chameleon,client,99,501,3,M0,attack_member,evaluation,3,1,32,0.15625,0,1.4543437584029926,0.6945827266889435,0,1,1.4796153207672458,0.047619047619047616,0.09523809523809523,0.0
Chameleon,client,99,502,2,M0,attack_member,evaluation,3,1,1,1.0,1,0.24385820382835002,0.6945827266889435,1,1,1.8792951928260186,0.23809523809523808,0.09523809523809523,1.0
Chameleon,client,99,503,3,M0,attack_member,evaluation,2,1,34,0.2941176470588235,1,0.8841316541626512,0.6945827266889435,0,1,5.019342007080381,0.8571428571428571,0.09523809523809523,1.0
Chameleon,client,99,504,3,M0,attack_member,evaluation,4,1,44,0.4090909090909091,1,0.22254073633112426,0.6945827266889435,1,1,0.9331045354386175,0.047619047619047616,0.09523809523809523,0.0
Chameleon,client,99,521,0,M0,attack_member,evaluation,2,1,3,0.0,1,0.9169253651472283,0.6945827266889435,0,1,1.2626816933899832,0.047619047619047616,0.09523809523809523,0.0
Chameleon,client,99,531,2,M0,attack_member,evaluation,4,1,0,,1,6.195560266847034e-08,0.6945827266889435,1,1,1.7026288111324102,0.14285714285714285,0.09523809523809523,1.0
Chameleon,client,99,535,0,M0,attack_member,evaluation,3,1,4,0.25,0,1.732364448829547,0.6945827266889435,0,1,2.4899993363058788,0.3333333333333333,0.09523809523809523,1.0
Chameleon,client,99,537,2,M0,attack_member,evaluation,4,1,3,0.6666666666666666,1,1.4781873694104453e-05,0.6945827266889435,1,1,1.5663641488056073,0.09523809523809523,0.09523809523809523,0.0
Chameleon,client,99,547,3,M0,attack_member,evaluation,1,1,26,0.0,0,4.288731000226343,0.6945827266889435,0,1,0.173799957014473,0.047619047619047616,0.09523809523809523,0.0
Chameleon,client,99,562,0,M0,attack_member,evaluation,0,1,6,0.0,1,0.372133662694253,0.6945827266889435,1,1,0.8401941244135865,0.047619047619047616,0.09523809523809523,0.0
Chameleon,client,99,568,0,M0,attack_member,evaluation,0,1,5,0.0,1,0.7072032909586959,0.6945827266889435,0,1,0.793354255199597,0.047619047619047616,0.09523809523809523,0.0
Chameleon,client,99,584,0,M0,attack_member,evaluation,2,1,0,,1,0.23264657418620294,0.6945827266889435,1,1,3.6723243968279533,0.7142857142857143,0.09523809523809523,1.0
Chameleon,client,99,593,0,M0,attack_member,evaluation,0,1,4,0.0,1,0.438522414656892,0.6945827266889435,1,1,0.8781874608130265,0.047619047619047616,0.09523809523809523,0.0
Chameleon,client,99,597,2,M0,attack_member,evaluation,0,1,1,1.0,1,0.038010131731565686,0.6945827266889435,1,1,5.023909781306963,0.8571428571428571,0.09523809523809523,1.0
Chameleon,client,99,604,0,M0,attack_member,evaluation,1,1,3,0.0,0,1.6788667039365153,0.6945827266889435,0,1,1.464565241633097,0.047619047619047616,0.09523809523809523,0.0
Chameleon,client,99,605,2,M0,attack_member,evaluation,1,1,5,0.0,0,1.5446390859192471,0.6945827266889435,0,1,1.9392314566577302,0.2857142857142857,0.09523809523809523,1.0
Chameleon,client,99,612,0,M0,attack_member,evaluation,3,1,2,0.0,0,1.794768856103925,0.6945827266889435,0,1,1.2640456704574483,0.047619047619047616,0.09523809523809523,0.0
Chameleon,client,99,621,0,M0,attack_member,evaluation,0,1,2,0.0,1,0.14170875815769798,0.6945827266889435,1,1,0.8299754262069654,0.047619047619047616,0.09523809523809523,0.0
Chameleon,client,99,639,0,M0,attack_member,evaluation,4,1,1,1.0,1,0.5173606873553313,0.6945827266889435,1,1,9.610451586408299,0.9523809523809523,0.09523809523809523,1.0
Chameleon,client,99,660,2,M0,attack_member,evaluation,0,1,0,,1,0.06585816019465737,0.6945827266889435,1,1,4.415573624147585,0.7619047619047619,0.09523809523809523,1.0
Chameleon,client,99,672,2,M0,attack_member,evaluation,4,1,0,,1,0.2144583628028366,0.6945827266889435,1,1,7.355613844093722,0.9523809523809523,0.09523809523809523,1.0
Chameleon,client,99,673,0,M0,attack_member,evaluation,4,1,2,1.0,1,0.11006977803322754,0.6945827266889435,1,1,1.4503284679242094,0.047619047619047616,0.09523809523809523,0.0
Chameleon,client,99,677,1,M0,attack_member,evaluation,1,1,3,0.0,0,1.8372545134878198,0.6945827266889435,0,1,2.998001673187715,0.47619047619047616,0.09523809523809523,1.0
Chameleon,client,99,678,0,M0,attack_member,evaluation,4,1,53,0.0377358490566037,0,7.315393612202675,0.6945827266889435,0,1,76.7103825136612,1.0,0.09523809523809523,1.0
Chameleon,client,99,707,3,M0,attack_member,evaluation,4,1,6,0.3333333333333333,1,0.17619181631368158,0.6945827266889435,1,1,1.1056717060418693,0.047619047619047616,0.09523809523809523,0.0
Chameleon,client,99,710,2,M0,attack_member,evaluation,2,1,0,,1,0.09142282615256886,0.6945827266889435,1,1,7.93157318691263,0.9523809523809523,0.09523809523809523,1.0
Chameleon,client,99,723,2,M0,attack_member,evaluation,1,1,2,0.0,1,0.24535564616376268,0.6945827266889435,1,1,1.7889558383915718,0.19047619047619047,0.09523809523809523,1.0
Chameleon,client,99,725,3,M0,attack_member,evaluation,4,1,13,0.4615384615384615,1,0.0043381402835268226,0.6945827266889435,1,1,1.5811764274267381,0.09523809523809523,0.09523809523809523,0.0
Chameleon,client,99,730,2,M0,attack_member,evaluation,3,1,5,0.4,0,3.5888831763131117,0.6945827266889435,0,1,0.253663763848427,0.047619047619047616,0.09523809523809523,0.0
Chameleon,client,99,731,2,M0,attack_member,evaluation,0,1,2,0.0,1,0.15626106640170714,0.6945827266889435,1,1,5.611901751146681,0.9047619047619048,0.09523809523809523,1.0
Chameleon,client,99,735,2,M0,attack_member,evaluation,3,1,0,,0,1.9823829211498152,0.6945827266889435,0,1,0.7518240840502202,0.047619047619047616,0.09523809523809523,0.0
Chameleon,client,99,738,2,M0,attack_member,evaluation,1,1,1,1.0,1,0.1297037179094765,0.6945827266889435,1,1,3.0647616125593267,0.47619047619047616,0.09523809523809523,1.0
Chameleon,client,99,741,2,M0,attack_member,evaluation,0,1,2,0.0,1,0.5861865024569722,0.6945827266889435,1,1,1.690318076279855,0.14285714285714285,0.09523809523809523,1.0
Chameleon,client,99,746,0,M0,attack_member,evaluation,0,1,2,0.0,1,0.20567200680615208,0.6945827266889435,1,1,1.047869863000388,0.047619047619047616,0.09523809523809523,0.0
Chameleon,client,99,747,3,M0,attack_member,evaluation,3,1,8,0.375,0,1.3649663225313269,0.6945827266889435,0,1,2.5398142813156395,0.38095238095238093,0.09523809523809523,1.0
Chameleon,client,99,753,0,M0,attack_member,evaluation,0,1,2,0.0,1,0.22805820805749563,0.6945827266889435,1,1,0.9880564362502726,0.047619047619047616,0.09523809523809523,0.0
Chameleon,client,99,770,2,M0,attack_member,evaluation,2,1,0,,1,0.7843284909302285,0.6945827266889435,0,1,9.658601831854895,0.9523809523809523,0.09523809523809523,1.0
Chameleon,client,99,779,2,M0,attack_member,evaluation,4,1,1,0.0,0,1.670689379921308,0.6945827266889435,0,1,0.6146199918431531,0.047619047619047616,0.09523809523809523,0.0
Chameleon,client,99,794,3,M0,attack_member,evaluation,2,1,7,0.2857142857142857,0,1.3411186798341457,0.6945827266889435,0,1,7.131804037383572,0.9523809523809523,0.09523809523809523,1.0
Chameleon,client,99,795,0,M0,attack_member,evaluation,1,1,2,0.5,0,1.824407526475592,0.6945827266889435,0,1,1.1826446184546804,0.047619047619047616,0.09523809523809523,0.0
Chameleon,client,99,796,0,M0,attack_member,evaluation,0,1,1,0.0,1,0.08704190614952938,0.6945827266889435,1,1,0.8793086648966958,0.047619047619047616,0.09523809523809523,0.0
Chameleon,client,99,802,1,M0,attack_member,evaluation,3,1,1,0.0,1,0.08193963714454175,0.6945827266889435,1,1,3.2199764112763347,0.6190476190476191,0.09523809523809523,1.0
Chameleon,client,99,804,1,M0,attack_member,evaluation,3,1,0,,0,0.862095740319546,0.6945827266889435,0,1,0.7300205552147805,0.047619047619047616,0.09523809523809523,0.0
Chameleon,client,99,811,3,M0,attack_member,evaluation,3,1,1,0.0,1,0.059101673742307084,0.6945827266889435,1,1,4.078371943682028,0.7619047619047619,0.09523809523809523,1.0
Chameleon,client,99,831,0,M0,attack_member,evaluation,4,1,3,1.0,1,0.05711568373828688,0.6945827266889435,1,1,1.4073204108925321,0.047619047619047616,0.09523809523809523,0.0
Chameleon,client,99,833,0,M0,attack_member,evaluation,0,1,0,,1,0.18160537573645413,0.6945827266889435,1,1,2.3360175011640587,0.3333333333333333,0.09523809523809523,1.0
Chameleon,client,99,841,0,M0,attack_member,evaluation,0,1,2,0.0,1,0.20567200680615208,0.6945827266889435,1,1,1.047869863000388,0.047619047619047616,0.09523809523809523,0.0
Chameleon,client,99,859,1,M0,attack_member,evaluation,2,1,0,,1,0.5948589097790604,0.6945827266889435,1,1,29.665863250031716,1.0,0.09523809523809523,1.0
Chameleon,client,99,864,0,M0,attack_member,evaluation,4,1,2,0.0,0,2.5013302912011794,0.6945827266889435,0,1,29.73208415516108,1.0,0.09523809523809523,1.0
Chameleon,client,99,872,3,M0,attack_member,evaluation,3,1,0,,0,5.351267028591418,0.6945827266889435,0,1,0.2857347277282099,0.047619047619047616,0.09523809523809523,0.0
Chameleon,client,99,879,0,M0,attack_member,evaluation,1,1,0,,0,1.3289886776249225,0.6945827266889435,0,1,2.310437429847943,0.3333333333333333,0.09523809523809523,1.0
Chameleon,client,99,883,0,M0,attack_member,evaluation,1,1,0,,1,0.7334402119684,0.6945827266889435,0,1,0.9853128091290357,0.047619047619047616,0.09523809523809523,0.0
Chameleon,client,99,14,3,M0,attack_nonmember,evaluation,3,0,49,0.2448979591836734,0,1.1800577820678484,0.6945827266889435,0,1,1.4186626065672727,0.047619047619047616,0.09523809523809523,0.0
Chameleon,client,99,18,1,M0,attack_nonmember,evaluation,3,0,0,,0,1.3528471394555175,0.6945827266889435,0,1,,,,
Chameleon,client,99,19,3,M0,attack_nonmember,evaluation,4,0,71,0.2535211267605634,0,1.162016439364111,0.6945827266889435,0,1,0.5688904015258793,0.047619047619047616,0.09523809523809523,0.0
Chameleon,client,99,54,1,M0,attack_nonmember,evaluation,0,0,0,,1,0.5493326666221074,0.6945827266889435,1,1,,,,
Chameleon,client,99,91,2,M0,attack_nonmember,evaluation,4,0,7,0.5714285714285714,1,0.005319981251352194,0.6945827266889435,1,1,1.140033207579353,0.047619047619047616,0.09523809523809523,0.0
Chameleon,client,99,199,2,M0,attack_nonmember,evaluation,4,0,3,0.6666666666666666,1,0.5678758404667025,0.6945827266889435,1,1,,,,
Chameleon,client,99,220,2,M0,attack_nonmember,evaluation,2,0,1,1.0,1,0.07017198524793486,0.6945827266889435,1,1,,,,
Chameleon,client,99,223,2,M0,attack_nonmember,evaluation,1,0,0,,0,3.059108373907481,0.6945827266889435,0,1,,,,
Chameleon,client,99,229,2,M0,attack_nonmember,evaluation,2,0,7,0.5714285714285714,1,1.1080846096652954,0.6945827266889435,0,1,,,,
Chameleon,client,99,256,2,M0,attack_nonmember,evaluation,3,0,4,0.25,0,3.0190613786969704,0.6945827266889435,0,1,0.5559531787163006,0.047619047619047616,0.09523809523809523,0.0
Chameleon,client,99,280,1,M0,attack_nonmember,evaluation,0,0,1,0.0,0,3.9207114847857163,0.6945827266889435,0,1,0.35024969993141286,0.047619047619047616,0.09523809523809523,0.0
Chameleon,client,99,291,1,M0,attack_nonmember,evaluation,0,0,0,,1,0.546981541316125,0.6945827266889435,1,1,,,,
Chameleon,client,99,324,3,M0,attack_nonmember,evaluation,3,0,45,0.1777777777777777,0,1.458696909793857,0.6945827266889435,0,1,,,,
Chameleon,client,99,359,2,M0,attack_nonmember,evaluation,2,0,2,0.5,0,1.503966081835123,0.6945827266889435,0,1,1.128426065999045,0.047619047619047616,0.09523809523809523,0.0
Chameleon,client,99,375,1,M0,attack_nonmember,evaluation,1,0,1,0.0,0,5.3427766626638755,0.6945827266889435,0,1,0.3530477889449439,0.047619047619047616,0.09523809523809523,0.0
Chameleon,client,99,387,1,M0,attack_nonmember,evaluation,3,0,0,,0,1.9585933568966667,0.6945827266889435,0,1,0.6282298823294791,0.047619047619047616,0.09523809523809523,0.0
Chameleon,client,99,399,1,M0,attack_nonmember,evaluation,0,0,0,,1,0.9082552936740056,0.6945827266889435,0,1,0.9294359080781791,0.047619047619047616,0.09523809523809523,0.0
Chameleon,client,99,406,1,M0,attack_nonmember,evaluation,0,0,0,,1,0.9082552936740056,0.6945827266889435,0,1,,,,
Chameleon,client,99,414,2,M0,attack_nonmember,evaluation,2,0,1,0.0,0,7.376078342938642,0.6945827266889435,0,1,0.02188067373770925,0.0,0.09523809523809523,0.0
Chameleon,client,99,425,1,M0,attack_nonmember,evaluation,0,0,0,,0,1.5057175594694292,0.6945827266889435,0,1,,,,
Chameleon,client,99,429,1,M0,attack_nonmember,evaluation,0,0,0,,1,0.9082552936740056,0.6945827266889435,0,1,0.9294359080781791,0.047619047619047616,0.09523809523809523,0.0
Chameleon,client,99,454,3,M0,attack_nonmember,evaluation,2,0,38,0.2368421052631578,0,1.9566976441304882,0.6945827266889435,0,1,,,,
Chameleon,client,99,471,0,M0,attack_nonmember,evaluation,0,0,1,0.0,0,2.1745350047925,0.6945827266889435,0,1,1.5548860395873525,0.09523809523809523,0.09523809523809523,0.0
Chameleon,client,99,536,0,M0,attack_nonmember,evaluation,2,0,6,0.1666666666666666,0,3.3862912721363787,0.6945827266889435,0,1,,,,
Chameleon,client,99,538,0,M0,attack_nonmember,evaluation,3,0,2,0.0,0,1.52620669190187,0.6945827266889435,0,1,,,,
Chameleon,client,99,552,3,M0,attack_nonmember,evaluation,3,0,28,0.0714285714285714,0,0.9330445305034412,0.6945827266889435,0,1,,,,
Chameleon,client,99,553,0,M0,attack_nonmember,evaluation,4,0,76,0.0789473684210526,0,6.416617258258301,0.6945827266889435,0,1,34.68444304196907,1.0,0.09523809523809523,1.0
Chameleon,client,99,556,3,M0,attack_nonmember,evaluation,3,0,12,0.1666666666666666,0,1.6276380704252273,0.6945827266889435,0,1,,,,
Chameleon,client,99,558,2,M0,attack_nonmember,evaluation,3,0,3,0.0,0,1.6619721456787386,0.6945827266889435,0,1,1.0695389173202015,0.047619047619047616,0.09523809523809523,0.0
Chameleon,client,99,579,0,M0,attack_nonmember,evaluation,0,0,8,0.5,1,0.11613773243988472,0.6945827266889435,1,1,0.9599790862678083,0.047619047619047616,0.09523809523809523,0.0
Chameleon,client,99,631,0,M0,attack_nonmember,evaluation,2,0,2,0.0,1,0.7318575689247853,0.6945827266889435,0,1,0.5766672916334399,0.047619047619047616,0.09523809523809523,0.0
Chameleon,client,99,658,1,M0,attack_nonmember,evaluation,4,0,4,0.0,0,4.427625733745233,0.6945827266889435,0,1,,,,
Chameleon,client,99,663,3,M0,attack_nonmember,evaluation,3,0,19,0.2105263157894736,0,2.9222842889639242,0.6945827266889435,0,1,1.3512256293684954,0.047619047619047616,0.09523809523809523,0.0
Chameleon,client,99,693,0,M0,attack_nonmember,evaluation,1,0,2,0.0,0,1.7382946368023693,0.6945827266889435,0,1,1.344099732716849,0.047619047619047616,0.09523809523809523,0.0
Chameleon,client,99,695,3,M0,attack_nonmember,evaluation,2,0,14,0.2142857142857142,0,1.2857064614918774,0.6945827266889435,0,1,2.837786900272096,0.47619047619047616,0.09523809523809523,1.0
Chameleon,client,99,708,3,M0,attack_nonmember,evaluation,4,0,11,0.5454545454545454,1,0.5912075421139322,0.6945827266889435,1,1,1.3145299973498616,0.047619047619047616,0.09523809523809523,0.0
Chameleon,client,99,717,0,M0,attack_nonmember,evaluation,1,0,1,0.0,0,3.586768167100191,0.6945827266889435,0,1,,,,
Chameleon,client,99,752,0,M0,attack_nonmember,evaluation,0,0,0,,1,1.0956154531036841,0.6945827266889435,0,1,,,,
Chameleon,client,99,754,0,M0,attack_nonmember,evaluation,0,0,0,,1,1.0857982331955438,0.6945827266889435,0,1,,,,
Chameleon,client,99,768,2,M0,attack_nonmember,evaluation,3,0,0,,0,3.7434746297980057,0.6945827266889435,0,1,0.5813645914755384,0.047619047619047616,0.09523809523809523,0.0
Chameleon,client,99,874,0,M0,attack_nonmember,evaluation,4,0,0,,1,0.6049957199116875,0.6945827266889435,1,1,,,,
Chameleon,client,99,875,2,M0,attack_nonmember,evaluation,2,0,0,,1,0.4585338858836288,0.6945827266889435,1,1,,,,
Chameleon,client,99,0,4,MR,F,evaluation,3,0,18,0.2222222222222222,1,0.12487850909409137,0.6945827266889435,1,1,1.9893374291196275,0.2857142857142857,0.3333333333333333,0.0
Chameleon,client,99,5,4,MR,F,evaluation,2,0,4,0.0,0,1.5108198233050822,0.6945827266889435,0,1,1.156548510943198,0.047619047619047616,0.3333333333333333,0.0
Chameleon,client,99,9,4,MR,F,evaluation,2,0,1,1.0,0,1.001792263561729,0.6945827266889435,0,1,0.9781076565351697,0.047619047619047616,0.3333333333333333,0.0
Chameleon,client,99,12,4,MR,F,evaluation,4,0,9,0.5555555555555556,0,1.6446562260064757,0.6945827266889435,0,1,0.8531981777979061,0.047619047619047616,0.3333333333333333,0.0
Chameleon,client,99,46,4,MR,F,evaluation,0,0,7,0.0,0,1.3289777994118315,0.6945827266889435,0,1,0.8833362673692439,0.047619047619047616,0.3333333333333333,0.0
Chameleon,client,99,52,4,MR,F,evaluation,3,0,10,0.2,0,2.0862435659165444,0.6945827266889435,0,1,1.1905688394691003,0.047619047619047616,0.3333333333333333,0.0
Chameleon,client,99,62,4,MR,F,evaluation,0,0,56,0.25,1,0.9086159504586045,0.6945827266889435,0,1,1.502743731199554,0.047619047619047616,0.3333333333333333,0.0
Chameleon,client,99,78,4,MR,F,evaluation,2,0,52,0.2692307692307692,0,2.042725154344917,0.6945827266889435,0,1,0.65700468028136,0.047619047619047616,0.3333333333333333,0.0
Chameleon,client,99,80,4,MR,F,evaluation,0,0,52,0.2692307692307692,1,0.8861957235344273,0.6945827266889435,0,1,1.4170665492077879,0.047619047619047616,0.3333333333333333,0.0
Chameleon,client,99,108,4,MR,F,evaluation,2,0,6,0.0,0,1.5969846005255621,0.6945827266889435,0,1,0.9611734526913618,0.047619047619047616,0.3333333333333333,0.0
Chameleon,client,99,142,4,MR,F,evaluation,4,0,3,0.6666666666666666,0,2.297463771305149,0.6945827266889435,0,1,0.5217001314212402,0.047619047619047616,0.3333333333333333,0.0
Chameleon,client,99,173,4,MR,F,evaluation,3,0,1,0.0,0,1.541515995911157,0.6945827266889435,0,1,1.0598042513482135,0.047619047619047616,0.3333333333333333,0.0
Chameleon,client,99,200,4,MR,F,evaluation,2,0,7,0.0,0,3.57976532827229,0.6945827266889435,0,1,0.239700484798524,0.047619047619047616,0.3333333333333333,0.0
Chameleon,client,99,203,4,MR,F,evaluation,2,0,46,0.3260869565217391,0,2.0474427320687307,0.6945827266889435,0,1,0.6305129074348252,0.047619047619047616,0.3333333333333333,0.0
Chameleon,client,99,207,4,MR,F,evaluation,0,0,42,0.238095238095238,1,0.907180390691508,0.6945827266889435,0,1,1.3805113278778471,0.047619047619047616,0.3333333333333333,0.0
Chameleon,client,99,221,4,MR,F,evaluation,0,0,41,0.2195121951219512,1,0.9110739686655807,0.6945827266889435,0,1,1.3717762074545614,0.047619047619047616,0.3333333333333333,0.0
Chameleon,client,99,224,4,MR,F,evaluation,4,0,3,0.0,1,0.22011547050485433,0.6945827266889435,1,1,1.6517336286994633,0.09523809523809523,0.3333333333333333,0.0
Chameleon,client,99,249,4,MR,F,evaluation,4,0,50,0.04,0,1.569430159386079,0.6945827266889435,0,1,0.5039601878460784,0.047619047619047616,0.3333333333333333,0.0
Chameleon,client,99,254,4,MR,F,evaluation,0,0,40,0.225,1,0.9001165803491512,0.6945827266889435,0,1,1.3306315946784646,0.047619047619047616,0.3333333333333333,0.0
Chameleon,client,99,262,4,MR,F,evaluation,3,0,16,0.25,0,2.6948471911287752,0.6945827266889435,0,1,0.4803894369423135,0.047619047619047616,0.3333333333333333,0.0
Chameleon,client,99,267,4,MR,F,evaluation,3,0,2,0.5,0,1.8145601417792872,0.6945827266889435,0,1,0.7719102781296583,0.047619047619047616,0.3333333333333333,0.0
Chameleon,client,99,269,4,MR,F,evaluation,0,0,38,0.1842105263157894,1,0.9197587314751241,0.6945827266889435,0,1,1.345758130720995,0.047619047619047616,0.3333333333333333,0.0
Chameleon,client,99,273,4,MR,F,evaluation,2,0,2,0.0,0,1.040435648181091,0.6945827266889435,0,1,1.3247857374180598,0.047619047619047616,0.3333333333333333,0.0
Chameleon,client,99,275,4,MR,F,evaluation,3,0,0,,0,4.1386386363160295,0.6945827266889435,0,1,0.20183373640391292,0.047619047619047616,0.3333333333333333,0.0
Chameleon,client,99,281,4,MR,F,evaluation,2,0,1,0.0,0,1.3720875299723438,0.6945827266889435,0,1,1.1565294773377923,0.047619047619047616,0.3333333333333333,0.0
Chameleon,client,99,283,4,MR,F,evaluation,0,0,5,0.0,0,1.2466582536340018,0.6945827266889435,0,1,1.1134531449161005,0.047619047619047616,0.3333333333333333,0.0
Chameleon,client,99,296,4,MR,F,evaluation,3,0,5,0.2,0,1.6426962083557326,0.6945827266889435,0,1,0.6487503768420487,0.047619047619047616,0.3333333333333333,0.0
Chameleon,client,99,299,4,MR,F,evaluation,2,0,15,0.5333333333333333,0,2.0442550959852515,0.6945827266889435,0,1,0.6343294055021899,0.047619047619047616,0.3333333333333333,0.0
Chameleon,client,99,309,4,MR,F,evaluation,2,0,2,0.5,0,1.9002371728443999,0.6945827266889435,0,1,0.5246634286875104,0.047619047619047616,0.3333333333333333,0.0
Chameleon,client,99,314,4,MR,F,evaluation,2,0,3,0.3333333333333333,0,2.699907093092315,0.6945827266889435,0,1,0.3704472584437944,0.047619047619047616,0.3333333333333333,0.0
Chameleon,client,99,318,4,MR,F,evaluation,4,0,3,0.0,0,1.5187192395426312,0.6945827266889435,0,1,0.7866131037963721,0.047619047619047616,0.3333333333333333,0.0
Chameleon,client,99,319,4,MR,F,evaluation,1,0,3,0.3333333333333333,0,1.9532555339958222,0.6945827266889435,0,1,0.9636565100029993,0.047619047619047616,0.3333333333333333,0.0
Chameleon,client,99,332,4,MR,F,evaluation,4,0,1,1.0,0,2.4116236434000173,0.6945827266889435,0,1,0.38346667610211843,0.047619047619047616,0.3333333333333333,0.0
Chameleon,client,99,334,4,MR,F,evaluation,0,0,35,0.1714285714285714,1,0.9296824527421745,0.6945827266889435,0,1,1.3251574314005052,0.047619047619047616,0.3333333333333333,0.0
Chameleon,client,99,346,4,MR,F,evaluation,3,0,10,0.3,0,2.616238473185921,0.6945827266889435,0,1,0.555158416264925,0.047619047619047616,0.3333333333333333,0.0
Chameleon,client,99,348,4,MR,F,evaluation,0,0,2,0.0,1,0.8603402431767085,0.6945827266889435,0,1,1.6559969385498043,0.09523809523809523,0.3333333333333333,0.0
Chameleon,client,99,354,4,MR,F,evaluation,2,0,35,0.3714285714285714,0,2.4697553891731943,0.6945827266889435,0,1,0.4289679535705273,0.047619047619047616,0.3333333333333333,0.0
Chameleon,client,99,410,4,MR,F,evaluation,3,0,5,0.6,0,2.089924876575031,0.6945827266889435,0,1,0.5803626427066206,0.047619047619047616,0.3333333333333333,0.0
Chameleon,client,99,411,4,MR,F,evaluation,3,0,4,0.25,0,1.4973851089587127,0.6945827266889435,0,1,0.8162378605055719,0.047619047619047616,0.3333333333333333,0.0
Chameleon,client,99,415,4,MR,F,evaluation,3,0,9,0.2222222222222222,0,2.6889651191778627,0.6945827266889435,0,1,0.5369594001271757,0.047619047619047616,0.3333333333333333,0.0
Chameleon,client,99,427,4,MR,F,evaluation,2,0,1,1.0,0,1.9548640924160876,0.6945827266889435,0,1,0.6046913982039439,0.047619047619047616,0.3333333333333333,0.0
Chameleon,client,99,434,4,MR,F,evaluation,0,0,0,,1,0.9836337790873129,0.6945827266889435,0,1,0.8773876125171856,0.047619047619047616,0.3333333333333333,0.0
Chameleon,client,99,436,4,MR,F,evaluation,2,0,1,0.0,0,2.9179526607191306,0.6945827266889435,0,1,0.3084068121935812,0.047619047619047616,0.3333333333333333,0.0
Chameleon,client,99,442,4,MR,F,evaluation,0,0,26,0.0769230769230769,1,0.9279183723504107,0.6945827266889435,0,1,1.2266258658095681,0.047619047619047616,0.3333333333333333,0.0
Chameleon,client,99,444,4,MR,F,evaluation,4,0,1,1.0,0,1.0821419162615273,0.6945827266889435,0,1,2.135693781264211,0.2857142857142857,0.3333333333333333,0.0
Chameleon,client,99,466,4,MR,F,evaluation,2,0,3,0.3333333333333333,0,4.585580677272862,0.6945827266889435,0,1,0.2591584597330613,0.047619047619047616,0.3333333333333333,0.0
Chameleon,client,99,472,4,MR,F,evaluation,2,0,29,0.2758620689655172,0,2.4052612524900527,0.6945827266889435,0,1,0.44442235125837115,0.047619047619047616,0.3333333333333333,0.0
Chameleon,client,99,479,4,MR,F,evaluation,0,0,3,0.3333333333333333,0,1.8292812396590996,0.6945827266889435,0,1,0.5732857842126793,0.047619047619047616,0.3333333333333333,0.0
Chameleon,client,99,486,4,MR,F,evaluation,2,0,7,0.1428571428571428,0,1.7728651319941,0.6945827266889435,0,1,1.0398940987763867,0.047619047619047616,0.3333333333333333,0.0
Chameleon,client,99,508,4,MR,F,evaluation,1,0,4,0.0,0,2.6358500726607343,0.6945827266889435,0,1,0.49993091342684753,0.047619047619047616,0.3333333333333333,0.0
Chameleon,client,99,512,4,MR,F,evaluation,1,0,11,0.0909090909090909,0,6.819780860060889,0.6945827266889435,0,1,0.027475042610177747,0.0,0.3333333333333333,0.0
Chameleon,client,99,529,4,MR,F,evaluation,4,0,4,0.25,1,0.6351138156834019,0.6945827266889435,1,1,1.4113467052689315,0.047619047619047616,0.3333333333333333,0.0
Chameleon,client,99,542,4,MR,F,evaluation,1,0,6,0.0,0,3.4931864970632183,0.6945827266889435,0,1,0.2852843381962028,0.047619047619047616,0.3333333333333333,0.0
Chameleon,client,99,543,4,MR,F,evaluation,4,0,10,0.4,0,2.407474591797401,0.6945827266889435,0,1,0.6202157715624481,0.047619047619047616,0.3333333333333333,0.0
Chameleon,client,99,548,4,MR,F,evaluation,0,0,3,0.0,0,1.3162204152020391,0.6945827266889435,0,1,1.1988945015945294,0.047619047619047616,0.3333333333333333,0.0
Chameleon,client,99,571,4,MR,F,evaluation,0,0,0,,0,1.2605795230647445,0.6945827266889435,0,1,0.9010367930531122,0.047619047619047616,0.3333333333333333,0.0
Chameleon,client,99,582,4,MR,F,evaluation,3,0,0,,0,0.9810474421829412,0.6945827266889435,0,1,3.2480260969532155,0.5714285714285714,0.3333333333333333,1.0
Chameleon,client,99,599,4,MR,F,evaluation,4,0,11,0.2727272727272727,0,2.0045270878216863,0.6945827266889435,0,1,0.6960737643909254,0.047619047619047616,0.3333333333333333,0.0
Chameleon,client,99,603,4,MR,F,evaluation,4,0,10,0.2,0,1.9147947285801765,0.6945827266889435,0,1,0.9905415262858719,0.047619047619047616,0.3333333333333333,0.0
Chameleon,client,99,620,4,MR,F,evaluation,3,0,1,0.0,0,1.4385491825814811,0.6945827266889435,0,1,0.996427446518108,0.047619047619047616,0.3333333333333333,0.0
Chameleon,client,99,624,4,MR,F,evaluation,2,0,18,0.3333333333333333,0,2.2538843190158078,0.6945827266889435,0,1,0.5077505793729432,0.047619047619047616,0.3333333333333333,0.0
Chameleon,client,99,633,4,MR,F,evaluation,3,0,6,0.3333333333333333,1,0.14810922679679123,0.6945827266889435,1,1,2.0363408311264566,0.2857142857142857,0.3333333333333333,0.0
Chameleon,client,99,640,4,MR,F,evaluation,2,0,2,0.5,1,0.5935650021799329,0.6945827266889435,1,1,9.032915558431924,0.9523809523809523,0.3333333333333333,1.0
Chameleon,client,99,648,4,MR,F,evaluation,3,0,6,0.6666666666666666,0,2.354996663653393,0.6945827266889435,0,1,0.6047921370037295,0.047619047619047616,0.3333333333333333,0.0
Chameleon,client,99,651,4,MR,F,evaluation,3,0,1,0.0,0,4.196705631719877,0.6945827266889435,0,1,0.222645595048302,0.047619047619047616,0.3333333333333333,0.0
Chameleon,client,99,669,4,MR,F,evaluation,3,0,4,0.5,0,2.8951470024166985,0.6945827266889435,0,1,0.41217735794642424,0.047619047619047616,0.3333333333333333,0.0
Chameleon,client,99,686,4,MR,F,evaluation,3,0,0,,0,2.200719330221315,0.6945827266889435,0,1,0.48117664621132344,0.047619047619047616,0.3333333333333333,0.0
Chameleon,client,99,687,4,MR,F,evaluation,2,0,12,0.25,0,2.297125228530842,0.6945827266889435,0,1,0.45412198296898343,0.047619047619047616,0.3333333333333333,0.0
Chameleon,client,99,716,4,MR,F,evaluation,3,0,6,0.5,0,2.3371536305871867,0.6945827266889435,0,1,0.5573379856662172,0.047619047619047616,0.3333333333333333,0.0
Chameleon,client,99,737,4,MR,F,evaluation,3,0,0,,0,1.469636141999033,0.6945827266889435,0,1,0.830188162123716,0.047619047619047616,0.3333333333333333,0.0
Chameleon,client,99,739,4,MR,F,evaluation,2,0,1,0.0,0,2.298055150824238,0.6945827266889435,0,1,0.36093709039394745,0.047619047619047616,0.3333333333333333,0.0
Chameleon,client,99,740,4,MR,F,evaluation,3,0,1,1.0,0,1.638149319332744,0.6945827266889435,0,1,0.7722173605217214,0.047619047619047616,0.3333333333333333,0.0
Chameleon,client,99,751,4,MR,F,evaluation,3,0,0,,0,1.9794524542004484,0.6945827266889435,0,1,0.575178273897832,0.047619047619047616,0.3333333333333333,0.0
Chameleon,client,99,760,4,MR,F,evaluation,2,0,3,0.0,0,1.9533277537182232,0.6945827266889435,0,1,0.7341411603618053,0.047619047619047616,0.3333333333333333,0.0
Chameleon,client,99,777,4,MR,F,evaluation,2,0,3,0.3333333333333333,0,4.171942867455708,0.6945827266889435,0,1,0.04776947288129526,0.0,0.3333333333333333,0.0
Chameleon,client,99,786,4,MR,F,evaluation,2,0,1,0.0,0,1.7124065091665437,0.6945827266889435,0,1,0.36289254981237123,0.047619047619047616,0.3333333333333333,0.0
Chameleon,client,99,798,4,MR,F,evaluation,3,0,9,0.2222222222222222,0,3.40566051073691,0.6945827266889435,0,1,0.41075887004517486,0.047619047619047616,0.3333333333333333,0.0
Chameleon,client,99,818,4,MR,F,evaluation,4,0,7,0.0,0,1.145142670362246,0.6945827266889435,0,1,1.0740729835610323,0.047619047619047616,0.3333333333333333,0.0
Chameleon,client,99,823,4,MR,F,evaluation,2,0,5,0.4,0,2.279207857946559,0.6945827266889435,0,1,0.42066952925714535,0.047619047619047616,0.3333333333333333,0.0
Chameleon,client,99,825,4,MR,F,evaluation,3,0,2,0.5,0,2.8094170180062137,0.6945827266889435,0,1,0.8039894012064991,0.047619047619047616,0.3333333333333333,0.0
Chameleon,client,99,843,4,MR,F,evaluation,3,0,3,0.0,0,3.3869652302260453,0.6945827266889435,0,1,0.5136469282090126,0.047619047619047616,0.3333333333333333,0.0
Chameleon,client,99,844,4,MR,F,evaluation,1,0,2,0.5,1,1.0126221889052531,0.6945827266889435,0,1,8.272958277548565,0.9523809523809523,0.3333333333333333,1.0
Chameleon,client,99,845,4,MR,F,evaluation,2,0,1,0.0,0,1.4480457143086545,0.6945827266889435,0,1,0.8782677563897286,0.047619047619047616,0.3333333333333333,0.0
Chameleon,client,99,846,4,MR,F,evaluation,3,0,0,,1,0.0463689100296014,0.6945827266889435,1,1,3.4559800630068596,0.6190476190476191,0.3333333333333333,1.0
Chameleon,client,99,851,4,MR,F,evaluation,0,0,1,0.0,0,2.2176574164566345,0.6945827266889435,0,1,0.4286254077223683,0.047619047619047616,0.3333333333333333,0.0
Chameleon,client,99,853,4,MR,F,evaluation,0,0,0,,0,2.191260986565165,0.6945827266889435,0,1,0.42841538725811523,0.047619047619047616,0.3333333333333333,0.0
Chameleon,client,99,856,4,MR,F,evaluation,1,0,0,,0,1.746574753842155,0.6945827266889435,0,1,3.7535632046156873,0.6666666666666666,0.3333333333333333,1.0
Chameleon,client,99,858,4,MR,F,evaluation,3,0,2,0.0,0,3.8705106758756442,0.6945827266889435,0,1,0.2846274974124773,0.047619047619047616,0.3333333333333333,0.0
Chameleon,client,99,865,4,MR,F,evaluation,0,0,0,,1,0.7287304914304357,0.6945827266889435,0,1,2.19963434579571,0.3333333333333333,0.3333333333333333,0.0
Chameleon,client,99,880,4,MR,F,evaluation,4,0,0,,0,1.663333838023736,0.6945827266889435,0,1,1.4014519083511008,0.047619047619047616,0.3333333333333333,0.0
Chameleon,client,99,884,4,MR,F,evaluation,1,0,0,,0,1.9805205804779948,0.6945827266889435,0,1,1.7357987145099858,0.14285714285714285,0.3333333333333333,0.0
Chameleon,client,99,885,4,MR,F,evaluation,4,0,0,,0,1.2767418349870616,0.6945827266889435,0,1,1.0923315148189308,0.047619047619047616,0.3333333333333333,0.0
Chameleon,client,99,887,4,MR,F,evaluation,0,0,0,,0,1.1110543639805044,0.6945827266889435,0,1,0.7913777947096063,0.047619047619047616,0.3333333333333333,0.0
Chameleon,client,99,1,4,MR,H,evaluation,0,0,9,0.0,0,3.2204380715689207,0.6945827266889435,0,1,0.8425923443258951,0.047619047619047616,0.3333333333333333,0.0
Chameleon,client,99,6,4,MR,H,evaluation,0,0,2,0.0,0,2.102138953333204,0.6945827266889435,0,1,0.4062435291913585,0.047619047619047616,0.3333333333333333,0.0
Chameleon,client,99,64,4,MR,H,evaluation,3,0,8,0.125,0,2.590427076129328,0.6945827266889435,0,1,0.8486937746508247,0.047619047619047616,0.3333333333333333,0.0
Chameleon,client,99,97,4,MR,H,evaluation,0,0,48,0.25,1,0.8992017284215624,0.6945827266889435,0,1,1.4299968991066307,0.047619047619047616,0.3333333333333333,0.0
Chameleon,client,99,101,4,MR,H,evaluation,0,0,5,0.2,0,1.3640345303056702,0.6945827266889435,0,1,1.6861176415028907,0.14285714285714285,0.3333333333333333,0.0
Chameleon,client,99,126,4,MR,H,evaluation,4,0,2,0.0,0,1.3425548580279427,0.6945827266889435,0,1,0.7091755134379276,0.047619047619047616,0.3333333333333333,0.0
Chameleon,client,99,130,4,MR,H,evaluation,1,0,48,0.25,0,1.0978133701143733,0.6945827266889435,0,1,3.9637693109684347,0.7619047619047619,0.3333333333333333,1.0
Chameleon,client,99,141,4,MR,H,evaluation,1,0,46,0.217391304347826,0,1.0877370015272083,0.6945827266889435,0,1,3.4756751857005668,0.6190476190476191,0.3333333333333333,1.0
Chameleon,client,99,148,4,MR,H,evaluation,1,0,4,0.0,0,2.7813526092410465,0.6945827266889435,0,1,0.5947240614962659,0.047619047619047616,0.3333333333333333,0.0
Chameleon,client,99,165,4,MR,H,evaluation,0,0,45,0.2444444444444444,1,0.9021092114760901,0.6945827266889435,0,1,1.4126642700134118,0.047619047619047616,0.3333333333333333,0.0
Chameleon,client,99,176,4,MR,H,evaluation,2,0,7,0.1428571428571428,0,3.429511686576957,0.6945827266889435,0,1,0.246092988591412,0.047619047619047616,0.3333333333333333,0.0
Chameleon,client,99,202,4,MR,H,evaluation,3,0,1,0.0,0,1.6273083720117372,0.6945827266889435,0,1,0.8001120976510446,0.047619047619047616,0.3333333333333333,0.0
Chameleon,client,99,272,4,MR,H,evaluation,3,0,11,0.3636363636363636,0,2.557356994277145,0.6945827266889435,0,1,0.5709797728207264,0.047619047619047616,0.3333333333333333,0.0
Chameleon,client,99,304,4,MR,H,evaluation,1,0,36,0.25,0,1.0648936459224325,0.6945827266889435,0,1,4.357695409336638,0.8095238095238095,0.3333333333333333,1.0
Chameleon,client,99,333,4,MR,H,evaluation,2,0,10,0.0,0,6.096345759916228,0.6945827266889435,0,1,0.027473043543599952,0.0,0.3333333333333333,0.0
Chameleon,client,99,337,4,MR,H,evaluation,1,0,36,0.2222222222222222,0,1.1350052953490026,0.6945827266889435,0,1,4.543449441935282,0.8095238095238095,0.3333333333333333,1.0
Chameleon,client,99,424,4,MR,H,evaluation,1,0,3,0.0,0,1.1502317701882065,0.6945827266889435,0,1,1.744775727900673,0.14285714285714285,0.3333333333333333,0.0
Chameleon,client,99,447,4,MR,H,evaluation,4,0,6,0.3333333333333333,0,3.568286762696712,0.6945827266889435,0,1,0.20170191241041832,0.047619047619047616,0.3333333333333333,0.0
Chameleon,client,99,463,4,MR,H,evaluation,0,0,2,0.5,1,0.7635275907596061,0.6945827266889435,0,1,1.6769229277460291,0.09523809523809523,0.3333333333333333,0.0
Chameleon,client,99,464,4,MR,H,evaluation,1,0,3,0.6666666666666666,0,1.516564609590467,0.6945827266889435,0,1,2.007576221066585,0.2857142857142857,0.3333333333333333,0.0
Chameleon,client,99,481,4,MR,H,evaluation,0,0,3,0.3333333333333333,0,1.803291278254203,0.6945827266889435,0,1,0.8854544526755547,0.047619047619047616,0.3333333333333333,0.0
Chameleon,client,99,488,4,MR,H,evaluation,0,0,21,0.0476190476190476,1,0.9376076982814381,0.6945827266889435,0,1,1.1875770585806287,0.047619047619047616,0.3333333333333333,0.0
Chameleon,client,99,495,4,MR,H,evaluation,1,0,21,0.2857142857142857,0,1.0416453568882271,0.6945827266889435,0,1,5.329928978943131,0.8571428571428571,0.3333333333333333,1.0
Chameleon,client,99,509,4,MR,H,evaluation,4,0,2,0.0,0,3.5023997501981254,0.6945827266889435,0,1,0.21423814549729647,0.047619047619047616,0.3333333333333333,0.0
Chameleon,client,99,513,4,MR,H,evaluation,1,0,8,0.125,0,3.346687651040237,0.6945827266889435,0,1,0.27266590004244556,0.047619047619047616,0.3333333333333333,0.0
Chameleon,client,99,518,4,MR,H,evaluation,1,0,2,0.0,0,1.1072884462732129,0.6945827266889435,0,1,2.2453821760167383,0.3333333333333333,0.3333333333333333,0.0
Chameleon,client,99,557,4,MR,H,evaluation,1,0,3,0.0,0,1.9962117131259984,0.6945827266889435,0,1,1.0579825489415806,0.047619047619047616,0.3333333333333333,0.0
Chameleon,client,99,560,4,MR,H,evaluation,3,0,21,0.238095238095238,0,3.3554007882987573,0.6945827266889435,0,1,0.38426442823070334,0.047619047619047616,0.3333333333333333,0.0
Chameleon,client,99,581,4,MR,H,evaluation,3,0,11,0.2727272727272727,1,0.3124975101692149,0.6945827266889435,1,1,1.8158088978141016,0.19047619047619047,0.3333333333333333,0.0
Chameleon,client,99,628,4,MR,H,evaluation,1,0,17,0.1764705882352941,0,0.9398599318160725,0.6945827266889435,0,1,5.707803186856352,0.8571428571428571,0.3333333333333333,1.0
Chameleon,client,99,630,4,MR,H,evaluation,4,0,7,0.1428571428571428,0,2.7173078801529282,0.6945827266889435,0,1,0.5780038756060784,0.047619047619047616,0.3333333333333333,0.0
Chameleon,client,99,642,4,MR,H,evaluation,2,0,17,0.3529411764705882,0,2.6799120962973624,0.6945827266889435,0,1,0.32954806270869513,0.047619047619047616,0.3333333333333333,0.0
Chameleon,client,99,644,4,MR,H,evaluation,3,0,1,1.0,0,1.8097584281779853,0.6945827266889435,0,1,1.013398273884079,0.047619047619047616,0.3333333333333333,0.0
Chameleon,client,99,645,4,MR,H,evaluation,2,0,14,0.2857142857142857,0,2.4926588133295406,0.6945827266889435,0,1,0.3721270532118114,0.047619047619047616,0.3333333333333333,0.0
Chameleon,client,99,679,4,MR,H,evaluation,1,0,1,1.0,1,0.19421189571362568,0.6945827266889435,1,1,5.122946187200347,0.8571428571428571,0.3333333333333333,1.0
Chameleon,client,99,744,4,MR,H,evaluation,3,0,1,1.0,0,2.201565520387033,0.6945827266889435,0,1,0.8818090575007085,0.047619047619047616,0.3333333333333333,0.0
Chameleon,client,99,775,4,MR,H,evaluation,3,0,9,0.2222222222222222,0,3.4670074923135816,0.6945827266889435,0,1,0.40799574420769663,0.047619047619047616,0.3333333333333333,0.0
Chameleon,client,99,824,4,MR,H,evaluation,2,0,0,,1,0.709393002812348,0.6945827266889435,0,1,7.899689598866226,0.9523809523809523,0.3333333333333333,1.0
Chameleon,client,99,861,4,MR,H,evaluation,1,0,1,0.0,1,0.719374032027425,0.6945827266889435,0,1,3.5977132497530695,0.6666666666666666,0.3333333333333333,1.0
Chameleon,client,99,30,1,MR,attack_member,evaluation,0,1,2,0.0,0,1.0228187088026595,0.6945827266889435,0,1,2.321761903007528,0.3333333333333333,0.3333333333333333,0.0
Chameleon,client,99,47,1,MR,attack_member,evaluation,2,1,0,,1,0.0032273173275683916,0.6945827266889435,1,1,5.570820304314181,0.8571428571428571,0.3333333333333333,1.0
Chameleon,client,99,53,2,MR,attack_member,evaluation,1,1,4,0.0,0,1.1103123998218813,0.6945827266889435,0,1,1.431440984829358,0.047619047619047616,0.3333333333333333,0.0
Chameleon,client,99,59,1,MR,attack_member,evaluation,0,1,2,1.0,1,0.9917462928183355,0.6945827266889435,0,1,0.8831462267440056,0.047619047619047616,0.3333333333333333,0.0
Chameleon,client,99,60,3,MR,attack_member,evaluation,0,1,73,0.0136986301369863,0,3.2131942731394787,0.6945827266889435,0,1,0.5703966867529001,0.047619047619047616,0.3333333333333333,0.0
Chameleon,client,99,61,1,MR,attack_member,evaluation,0,1,2,0.5,1,0.883400100824173,0.6945827266889435,0,1,0.9553936203187744,0.047619047619047616,0.3333333333333333,0.0
Chameleon,client,99,77,1,MR,attack_member,evaluation,0,1,3,0.6666666666666666,1,0.27983802725555396,0.6945827266889435,1,1,1.0971847962134835,0.047619047619047616,0.3333333333333333,0.0
Chameleon,client,99,83,1,MR,attack_member,evaluation,0,1,2,1.0,1,0.9917462928183355,0.6945827266889435,0,1,0.8831462267440056,0.047619047619047616,0.3333333333333333,0.0
Chameleon,client,99,85,2,MR,attack_member,evaluation,1,1,3,0.6666666666666666,1,0.14313838603368964,0.6945827266889435,1,1,3.851785115285477,0.6666666666666666,0.3333333333333333,1.0
Chameleon,client,99,90,2,MR,attack_member,evaluation,2,1,10,0.2,0,2.057274757943022,0.6945827266889435,0,1,0.699203456321284,0.047619047619047616,0.3333333333333333,0.0
Chameleon,client,99,131,3,MR,attack_member,evaluation,2,1,54,0.3333333333333333,1,0.6516805306421347,0.6945827266889435,1,1,4.256033382366661,0.8095238095238095,0.3333333333333333,1.0
Chameleon,client,99,132,1,MR,attack_member,evaluation,0,1,2,1.0,1,0.8522946893267034,0.6945827266889435,0,1,0.8761269450463374,0.047619047619047616,0.3333333333333333,0.0
Chameleon,client,99,145,1,MR,attack_member,evaluation,0,1,2,0.0,0,1.5463497308151195,0.6945827266889435,0,1,2.737719824053884,0.38095238095238093,0.3333333333333333,1.0
Chameleon,client,99,151,2,MR,attack_member,evaluation,3,1,1,0.0,0,0.7167598338818122,0.6945827266889435,0,1,17.830292141123763,0.9523809523809523,0.3333333333333333,1.0
Chameleon,client,99,153,1,MR,attack_member,evaluation,4,1,9,0.1111111111111111,1,0.7722448548019001,0.6945827266889435,0,1,1.2851232917894793,0.047619047619047616,0.3333333333333333,0.0
Chameleon,client,99,154,2,MR,attack_member,evaluation,0,1,3,0.3333333333333333,1,0.7285608865257952,0.6945827266889435,0,1,1.6756884723335286,0.09523809523809523,0.3333333333333333,0.0
Chameleon,client,99,186,1,MR,attack_member,evaluation,0,1,1,1.0,1,0.08061711611427694,0.6945827266889435,1,1,1.3005742091660595,0.047619047619047616,0.3333333333333333,0.0
Chameleon,client,99,187,3,MR,attack_member,evaluation,3,1,59,0.1864406779661017,1,0.7455986221557918,0.6945827266889435,0,1,2.3239356452201587,0.3333333333333333,0.3333333333333333,0.0
Chameleon,client,99,189,1,MR,attack_member,evaluation,4,1,0,,1,2.752129752194186e-05,0.6945827266889435,1,1,4.17684910647204,0.8095238095238095,0.3333333333333333,1.0
Chameleon,client,99,190,3,MR,attack_member,evaluation,4,1,64,0.265625,1,0.8669330155232639,0.6945827266889435,0,1,0.6587420581945552,0.047619047619047616,0.3333333333333333,0.0
Chameleon,client,99,191,2,MR,attack_member,evaluation,2,1,1,0.0,0,1.305835692376026,0.6945827266889435,0,1,1.216199898992126,0.047619047619047616,0.3333333333333333,0.0
Chameleon,client,99,195,1,MR,attack_member,evaluation,1,1,1,0.0,1,1.0633853722653988,0.6945827266889435,0,1,3.2551274398279024,0.5714285714285714,0.3333333333333333,1.0
Chameleon,client,99,236,2,MR,attack_member,evaluation,4,1,0,,1,1.2638366181380899e-05,0.6945827266889435,1,1,1.6849741212810427,0.14285714285714285,0.3333333333333333,0.0
Chameleon,client,99,282,1,MR,attack_member,evaluation,1,1,0,,0,1.2339339564478053,0.6945827266889435,0,1,2.4934059558722375,0.3333333333333333,0.3333333333333333,0.0
Chameleon,client,99,287,3,MR,attack_member,evaluation,2,1,39,0.3076923076923077,0,1.0076643425545808,0.6945827266889435,0,1,4.119713568761858,0.8095238095238095,0.3333333333333333,1.0
Chameleon,client,99,311,1,MR,attack_member,evaluation,0,1,1,0.0,0,1.0874758660592498,0.6945827266889435,0,1,0.9985342540409898,0.047619047619047616,0.3333333333333333,0.0
Chameleon,client,99,313,3,MR,attack_member,evaluation,3,1,50,0.22,0,1.0407261074530645,0.6945827266889435,0,1,2.056732349977651,0.2857142857142857,0.3333333333333333,0.0
Chameleon,client,99,315,1,MR,attack_member,evaluation,1,1,0,,1,0.11146956627890398,0.6945827266889435,1,1,10.78452571631963,0.9523809523809523,0.3333333333333333,1.0
Chameleon,client,99,321,3,MR,attack_member,evaluation,1,1,44,0.0681818181818181,0,4.4669545095676915,0.6945827266889435,0,1,0.14146563998567255,0.0,0.3333333333333333,0.0
Chameleon,client,99,336,1,MR,attack_member,evaluation,0,1,0,,1,0.9836337790873129,0.6945827266889435,0,1,0.8773876125171856,0.047619047619047616,0.3333333333333333,0.0
Chameleon,client,99,340,3,MR,attack_member,evaluation,3,1,8,0.375,1,0.33389857104077636,0.6945827266889435,1,1,1.8609570487160403,0.19047619047619047,0.3333333333333333,0.0
Chameleon,client,99,345,3,MR,attack_member,evaluation,2,1,10,0.0,0,2.0377870341801443,0.6945827266889435,0,1,4.474659338369884,0.8095238095238095,0.3333333333333333,1.0
Chameleon,client,99,350,1,MR,attack_member,evaluation,0,1,1,0.0,1,0.14136864547347694,0.6945827266889435,1,1,1.6874872510811814,0.14285714285714285,0.3333333333333333,0.0
Chameleon,client,99,362,1,MR,attack_member,evaluation,2,1,6,0.3333333333333333,1,0.9818178021998363,0.6945827266889435,0,1,2.747070836798501,0.38095238095238093,0.3333333333333333,1.0
Chameleon,client,99,386,1,MR,attack_member,evaluation,2,1,2,0.0,1,0.21364118357137343,0.6945827266889435,1,1,1.108065982775255,0.047619047619047616,0.3333333333333333,0.0
Chameleon,client,99,394,3,MR,attack_member,evaluation,3,1,1,0.0,1,0.08657710155611514,0.6945827266889435,1,1,2.898287952153871,0.38095238095238093,0.3333333333333333,1.0
Chameleon,client,99,396,1,MR,attack_member,evaluation,0,1,0,,1,0.015930850573598075,0.6945827266889435,1,1,6.356078448165117,0.8571428571428571,0.3333333333333333,1.0
Chameleon,client,99,417,2,MR,attack_member,evaluation,1,1,5,0.4,0,1.092855316596304,0.6945827266889435,0,1,5.573201891541453,0.8571428571428571,0.3333333333333333,1.0
Chameleon,client,99,432,1,MR,attack_member,evaluation,2,1,0,,1,0.6746291962875384,0.6945827266889435,1,1,4.0172394164316625,0.7619047619047619,0.3333333333333333,1.0
Chameleon,client,99,435,1,MR,attack_member,evaluation,1,1,0,,0,1.2690510491495348,0.6945827266889435,0,1,3.9402516690766998,0.7619047619047619,0.3333333333333333,1.0
Chameleon,client,99,438,0,MR,attack_member,evaluation,0,1,6,0.3333333333333333,0,0.8856748040886624,0.6945827266889435,0,1,3.997356846387346,0.7619047619047619,0.3333333333333333,1.0
Chameleon,client,99,439,2,MR,attack_member,evaluation,4,1,1,1.0,1,4.366950569548388e-07,0.6945827266889435,1,1,1.4110144678746097,0.047619047619047616,0.3333333333333333,0.0
Chameleon,client,99,457,2,MR,attack_member,evaluation,4,1,0,,0,0.9024202409879296,0.6945827266889435,0,1,1.304672544865638,0.047619047619047616,0.3333333333333333,0.0
Chameleon,client,99,467,0,MR,attack_member,evaluation,2,1,4,0.25,0,1.0787973315323574,0.6945827266889435,0,1,60.52503852080123,1.0,0.3333333333333333,1.0
Chameleon,client,99,473,0,MR,attack_member,evaluation,0,1,5,0.0,1,0.6094069990376285,0.6945827266889435,1,1,0.9095084048211385,0.047619047619047616,0.3333333333333333,0.0
Chameleon,client,99,490,0,MR,attack_member,evaluation,0,1,4,0.75,1,0.2060208156369893,0.6945827266889435,1,1,2.8414204426811445,0.38095238095238093,0.3333333333333333,1.0
Chameleon,client,99,499,3,MR,attack_member,evaluation,1,1,0,,1,0.2515952952738871,0.6945827266889435,1,1,4.187592237257069,0.8095238095238095,0.3333333333333333,1.0
Chameleon,client,99,500,0,MR,attack_member,evaluation,3,1,7,0.4285714285714285,1,0.26610417014522403,0.6945827266889435,1,1,85.75144270403956,1.0,0.3333333333333333,1.0
Chameleon,client,99,501,3,MR,attack_member,evaluation,3,1,32,0.15625,0,1.229890045120808,0.6945827266889435,0,1,1.797043598991896,0.19047619047619047,0.3333333333333333,0.0
Chameleon,client,99,502,2,MR,attack_member,evaluation,3,1,1,1.0,1,0.23555807255441713,0.6945827266889435,1,1,1.900149726279044,0.19047619047619047,0.3333333333333333,0.0
Chameleon,client,99,503,3,MR,attack_member,evaluation,2,1,34,0.2941176470588235,1,0.7170892854669739,0.6945827266889435,0,1,5.679088190575575,0.8571428571428571,0.3333333333333333,1.0
Chameleon,client,99,504,3,MR,attack_member,evaluation,4,1,44,0.4090909090909091,1,0.3098783577307399,0.6945827266889435,1,1,0.8633154504440653,0.047619047619047616,0.3333333333333333,0.0
Chameleon,client,99,521,0,MR,attack_member,evaluation,2,1,3,0.0,1,0.8942629560477615,0.6945827266889435,0,1,1.2876676547623898,0.047619047619047616,0.3333333333333333,0.0
Chameleon,client,99,531,2,MR,attack_member,evaluation,4,1,0,,1,3.678547812948325e-08,0.6945827266889435,1,1,1.7027343968196231,0.14285714285714285,0.3333333333333333,0.0
Chameleon,client,99,535,0,MR,attack_member,evaluation,3,1,4,0.25,0,1.8168928690724373,0.6945827266889435,0,1,2.3970067395121246,0.3333333333333333,0.3333333333333333,0.0
Chameleon,client,99,537,2,MR,attack_member,evaluation,4,1,3,0.6666666666666666,1,8.759262536610624e-06,0.6945827266889435,1,1,1.5673146229743902,0.09523809523809523,0.3333333333333333,0.0
Chameleon,client,99,547,3,MR,attack_member,evaluation,1,1,26,0.0,0,4.462142864137861,0.6945827266889435,0,1,0.15054952260565152,0.047619047619047616,0.3333333333333333,0.0
Chameleon,client,99,562,0,MR,attack_member,evaluation,0,1,6,0.0,1,0.289690227445884,0.6945827266889435,1,1,0.9192779168843334,0.047619047619047616,0.3333333333333333,0.0
Chameleon,client,99,568,0,MR,attack_member,evaluation,0,1,5,0.0,1,0.5632662426757872,0.6945827266889435,1,1,0.9034708377209595,0.047619047619047616,0.3333333333333333,0.0
Chameleon,client,99,584,0,MR,attack_member,evaluation,2,1,0,,1,0.19081252902293927,0.6945827266889435,1,1,3.8742190673759467,0.7142857142857143,0.3333333333333333,1.0
Chameleon,client,99,593,0,MR,attack_member,evaluation,0,1,4,0.0,1,0.3264028109204563,0.6945827266889435,1,1,0.9859326150561768,0.047619047619047616,0.3333333333333333,0.0
Chameleon,client,99,597,2,MR,attack_member,evaluation,0,1,1,1.0,1,0.024159207921024092,0.6945827266889435,1,1,5.242470553153421,0.8571428571428571,0.3333333333333333,1.0
Chameleon,client,99,604,0,MR,attack_member,evaluation,1,1,3,0.0,0,1.6451207978053455,0.6945827266889435,0,1,1.5048838878744373,0.047619047619047616,0.3333333333333333,0.0
Chameleon,client,99,605,2,MR,attack_member,evaluation,1,1,5,0.0,0,1.1686959522481029,0.6945827266889435,0,1,2.408662203459408,0.3333333333333333,0.3333333333333333,0.0
Chameleon,client,99,612,0,MR,attack_member,evaluation,3,1,2,0.0,0,1.8619736660495874,0.6945827266889435,0,1,1.2001429222755038,0.047619047619047616,0.3333333333333333,0.0
Chameleon,client,99,621,0,MR,attack_member,evaluation,0,1,2,0.0,1,0.11000018208616005,0.6945827266889435,1,1,0.8724918746396252,0.047619047619047616,0.3333333333333333,0.0
Chameleon,client,99,639,0,MR,attack_member,evaluation,4,1,1,1.0,1,0.41554564989119436,0.6945827266889435,1,1,10.541363733154869,0.9523809523809523,0.3333333333333333,1.0
Chameleon,client,99,660,2,MR,attack_member,evaluation,0,1,0,,1,0.046605791406815804,0.6945827266889435,1,1,4.622023070954471,0.8095238095238095,0.3333333333333333,1.0
Chameleon,client,99,672,2,MR,attack_member,evaluation,4,1,0,,0,0.857432090922937,0.6945827266889435,0,1,4.754742487038935,0.8095238095238095,0.3333333333333333,1.0
Chameleon,client,99,673,0,MR,attack_member,evaluation,4,1,2,1.0,1,0.07585031439645426,0.6945827266889435,1,1,1.538237428723676,0.047619047619047616,0.3333333333333333,0.0
Chameleon,client,99,677,1,MR,attack_member,evaluation,1,1,3,0.0,0,2.1713894780235847,0.6945827266889435,0,1,2.1846424748565187,0.3333333333333333,0.3333333333333333,0.0
Chameleon,client,99,678,0,MR,attack_member,evaluation,4,1,53,0.0377358490566037,0,8.484538499250512,0.6945827266889435,0,1,44.02732240437158,1.0,0.3333333333333333,1.0
Chameleon,client,99,707,3,MR,attack_member,evaluation,4,1,6,0.3333333333333333,1,0.08880781129973637,0.6945827266889435,1,1,1.2292799962958654,0.047619047619047616,0.3333333333333333,0.0
Chameleon,client,99,710,2,MR,attack_member,evaluation,2,1,0,,1,0.05353174860148664,0.6945827266889435,1,1,8.457252859015043,0.9523809523809523,0.3333333333333333,1.0
Chameleon,client,99,723,2,MR,attack_member,evaluation,1,1,2,0.0,1,0.05257784288775513,0.6945827266889435,1,1,2.330007883560271,0.3333333333333333,0.3333333333333333,0.0
Chameleon,client,99,725,3,MR,attack_member,evaluation,4,1,13,0.4615384615384615,1,0.010526076591196582,0.6945827266889435,1,1,1.5345869263236187,0.047619047619047616,0.3333333333333333,0.0
Chameleon,client,99,730,2,MR,attack_member,evaluation,3,1,5,0.4,0,3.3077613320396693,0.6945827266889435,0,1,0.3003385751130324,0.047619047619047616,0.3333333333333333,0.0
Chameleon,client,99,731,2,MR,attack_member,evaluation,0,1,2,0.0,1,0.12206129779931642,0.6945827266889435,1,1,5.945536315082877,0.8571428571428571,0.3333333333333333,1.0
Chameleon,client,99,735,2,MR,attack_member,evaluation,3,1,0,,0,2.0534446441267598,0.6945827266889435,0,1,0.7075268937258207,0.047619047619047616,0.3333333333333333,0.0
Chameleon,client,99,738,2,MR,attack_member,evaluation,1,1,1,1.0,1,0.06468179596079351,0.6945827266889435,1,1,3.4116581934074914,0.6190476190476191,0.3333333333333333,1.0
Chameleon,client,99,741,2,MR,attack_member,evaluation,0,1,2,0.0,1,0.8508312541378604,0.6945827266889435,0,1,1.3539368888538381,0.047619047619047616,0.3333333333333333,0.0
Chameleon,client,99,746,0,MR,attack_member,evaluation,0,1,2,0.0,1,0.11910173434004714,0.6945827266889435,1,1,1.1782637085443215,0.047619047619047616,0.3333333333333333,0.0
Chameleon,client,99,747,3,MR,attack_member,evaluation,3,1,8,0.375,0,1.4703624256305503,0.6945827266889435,0,1,2.4334193029147344,0.3333333333333333,0.3333333333333333,0.0
Chameleon,client,99,753,0,MR,attack_member,evaluation,0,1,2,0.0,1,0.14626172498868673,0.6945827266889435,1,1,1.0970311023893158,0.047619047619047616,0.3333333333333333,0.0
Chameleon,client,99,770,2,MR,attack_member,evaluation,2,1,0,,1,0.5127589489631191,0.6945827266889435,1,1,12.099906706320775,0.9523809523809523,0.3333333333333333,1.0
Chameleon,client,99,779,2,MR,attack_member,evaluation,4,1,1,0.0,0,3.112902891539262,0.6945827266889435,0,1,0.31532888070401155,0.047619047619047616,0.3333333333333333,0.0
Chameleon,client,99,794,3,MR,attack_member,evaluation,2,1,7,0.2857142857142857,0,0.9827611656409452,0.6945827266889435,0,1,9.300986364188693,0.9523809523809523,0.3333333333333333,1.0
Chameleon,client,99,795,0,MR,attack_member,evaluation,1,1,2,0.5,0,2.045729661674404,0.6945827266889435,0,1,1.1301186822420093,0.047619047619047616,0.3333333333333333,0.0
Chameleon,client,99,796,0,MR,attack_member,evaluation,0,1,1,0.0,1,0.06474511719612537,0.6945827266889435,1,1,0.9162238832591247,0.047619047619047616,0.3333333333333333,0.0
Chameleon,client,99,802,1,MR,attack_member,evaluation,3,1,1,0.0,1,0.06816204078701665,0.6945827266889435,1,1,3.3028549293494596,0.6190476190476191,0.3333333333333333,1.0
Chameleon,client,99,804,1,MR,attack_member,evaluation,3,1,0,,1,0.41512607269872587,0.6945827266889435,1,1,1.029853197807496,0.047619047619047616,0.3333333333333333,0.0
Chameleon,client,99,811,3,MR,attack_member,evaluation,3,1,1,0.0,1,0.05534604225167229,0.6945827266889435,1,1,4.090330219526803,0.7619047619047619,0.3333333333333333,1.0
Chameleon,client,99,831,0,MR,attack_member,evaluation,4,1,3,1.0,1,0.09838167706499873,0.6945827266889435,1,1,1.3295284654402693,0.047619047619047616,0.3333333333333333,0.0
Chameleon,client,99,833,0,MR,attack_member,evaluation,0,1,0,,1,0.1905957733716363,0.6945827266889435,1,1,2.3106934365643417,0.3333333333333333,0.3333333333333333,0.0
Chameleon,client,99,841,0,MR,attack_member,evaluation,0,1,2,0.0,1,0.11910173434004714,0.6945827266889435,1,1,1.1782637085443215,0.047619047619047616,0.3333333333333333,0.0
Chameleon,client,99,859,1,MR,attack_member,evaluation,2,1,0,,1,0.42002157417804586,0.6945827266889435,1,1,34.084358746670055,1.0,0.3333333333333333,1.0
Chameleon,client,99,864,0,MR,attack_member,evaluation,4,1,2,0.0,0,2.561613756676497,0.6945827266889435,0,1,27.145381328073633,1.0,0.3333333333333333,1.0
Chameleon,client,99,872,3,MR,attack_member,evaluation,3,1,0,,0,4.0031357965186825,0.6945827266889435,0,1,0.5232155057570181,0.047619047619047616,0.3333333333333333,0.0
Chameleon,client,99,879,0,MR,attack_member,evaluation,1,1,0,,0,1.2339339564478053,0.6945827266889435,0,1,2.4934059558722375,0.3333333333333333,0.3333333333333333,0.0
Chameleon,client,99,883,0,MR,attack_member,evaluation,1,1,0,,1,0.629594775352334,0.6945827266889435,1,1,1.067496348760791,0.047619047619047616,0.3333333333333333,0.0
Chameleon,client,99,14,3,MR,attack_nonmember,evaluation,3,0,49,0.2448979591836734,0,1.0989544492290904,0.6945827266889435,0,1,1.5007431801079938,0.047619047619047616,0.3333333333333333,0.0
Chameleon,client,99,18,1,MR,attack_nonmember,evaluation,3,0,0,,0,1.3115293317379646,0.6945827266889435,0,1,,,,
Chameleon,client,99,19,3,MR,attack_nonmember,evaluation,4,0,71,0.2535211267605634,0,1.4788533709664053,0.6945827266889435,0,1,0.4447205579253242,0.047619047619047616,0.3333333333333333,0.0
Chameleon,client,99,54,1,MR,attack_nonmember,evaluation,0,0,0,,1,0.6040238362801968,0.6945827266889435,1,1,,,,
Chameleon,client,99,91,2,MR,attack_nonmember,evaluation,4,0,7,0.5714285714285714,1,0.00878191948873348,0.6945827266889435,1,1,1.1175867156114634,0.047619047619047616,0.3333333333333333,0.0
Chameleon,client,99,199,2,MR,attack_nonmember,evaluation,4,0,3,0.6666666666666666,1,0.45681744444814,0.6945827266889435,1,1,,,,
Chameleon,client,99,220,2,MR,attack_nonmember,evaluation,2,0,1,1.0,1,0.04929017990835643,0.6945827266889435,1,1,,,,
Chameleon,client,99,223,2,MR,attack_nonmember,evaluation,1,0,0,,0,3.1987427903949612,0.6945827266889435,0,1,,,,
Chameleon,client,99,229,2,MR,attack_nonmember,evaluation,2,0,7,0.5714285714285714,1,0.8559776466549144,0.6945827266889435,0,1,,,,
Chameleon,client,99,256,2,MR,attack_nonmember,evaluation,3,0,4,0.25,0,3.2568043915977123,0.6945827266889435,0,1,0.457219272541268,0.047619047619047616,0.3333333333333333,0.0
Chameleon,client,99,280,1,MR,attack_nonmember,evaluation,0,0,1,0.0,0,4.616883182477588,0.6945827266889435,0,1,0.24453803726566073,0.047619047619047616,0.3333333333333333,0.0
Chameleon,client,99,291,1,MR,attack_nonmember,evaluation,0,0,0,,1,0.5168469979329058,0.6945827266889435,1,1,,,,
Chameleon,client,99,324,3,MR,attack_nonmember,evaluation,3,0,45,0.1777777777777777,0,1.2834509137807266,0.6945827266889435,0,1,,,,
Chameleon,client,99,359,2,MR,attack_nonmember,evaluation,2,0,2,0.5,0,1.4745832074946725,0.6945827266889435,0,1,1.1619950417311375,0.047619047619047616,0.3333333333333333,0.0
Chameleon,client,99,375,1,MR,attack_nonmember,evaluation,1,0,1,0.0,0,5.244007723933866,0.6945827266889435,0,1,0.3911040591893894,0.047619047619047616,0.3333333333333333,0.0
Chameleon,client,99,387,1,MR,attack_nonmember,evaluation,3,0,0,,0,2.6835568000911243,0.6945827266889435,0,1,0.38963784113861616,0.047619047619047616,0.3333333333333333,0.0
Chameleon,client,99,399,1,MR,attack_nonmember,evaluation,0,0,0,,1,0.9836337790873129,0.6945827266889435,0,1,0.8773876125171856,0.047619047619047616,0.3333333333333333,0.0
Chameleon,client,99,406,1,MR,attack_nonmember,evaluation,0,0,0,,1,0.9836337790873129,0.6945827266889435,0,1,,,,
Chameleon,client,99,414,2,MR,attack_nonmember,evaluation,2,0,1,0.0,0,8.484814222203719,0.6945827266889435,0,1,0.006868951372339087,0.0,0.3333333333333333,0.0
Chameleon,client,99,425,1,MR,attack_nonmember,evaluation,0,0,0,,0,1.4814862913511735,0.6945827266889435,0,1,,,,
Chameleon,client,99,429,1,MR,attack_nonmember,evaluation,0,0,0,,1,0.9836337790873129,0.6945827266889435,0,1,0.8773876125171856,0.047619047619047616,0.3333333333333333,0.0
Chameleon,client,99,454,3,MR,attack_nonmember,evaluation,2,0,38,0.2368421052631578,0,1.644784235499115,0.6945827266889435,0,1,,,,
Chameleon,client,99,471,0,MR,attack_nonmember,evaluation,0,0,1,0.0,0,2.3124651597398524,0.6945827266889435,0,1,1.4124093139310578,0.047619047619047616,0.3333333333333333,0.0
Chameleon,client,99,536,0,MR,attack_nonmember,evaluation,2,0,6,0.1666666666666666,0,3.3909715838360563,0.6945827266889435,0,1,,,,
Chameleon,client,99,538,0,MR,attack_nonmember,evaluation,3,0,2,0.0,0,1.546717552336441,0.6945827266889435,0,1,,,,
Chameleon,client,99,552,3,MR,attack_nonmember,evaluation,3,0,28,0.0714285714285714,1,0.5542069072601253,0.6945827266889435,1,1,,,,
Chameleon,client,99,553,0,MR,attack_nonmember,evaluation,4,0,76,0.0789473684210526,0,7.73064025651478,0.6945827266889435,0,1,19.431997475544332,1.0,0.3333333333333333,1.0
Chameleon,client,99,556,3,MR,attack_nonmember,evaluation,3,0,12,0.1666666666666666,0,1.0893769175890773,0.6945827266889435,0,1,,,,
Chameleon,client,99,558,2,MR,attack_nonmember,evaluation,3,0,3,0.0,0,1.7626043280425743,0.6945827266889435,0,1,0.9889658708651431,0.047619047619047616,0.3333333333333333,0.0
Chameleon,client,99,579,0,MR,attack_nonmember,evaluation,0,0,8,0.5,1,0.07436652712101274,0.6945827266889435,1,1,1.0326075038043203,0.047619047619047616,0.3333333333333333,0.0
Chameleon,client,99,631,0,MR,attack_nonmember,evaluation,2,0,2,0.0,1,0.6039290965697497,0.6945827266889435,1,1,0.6480215540488715,0.047619047619047616,0.3333333333333333,0.0
Chameleon,client,99,658,1,MR,attack_nonmember,evaluation,4,0,4,0.0,0,4.292683555052172,0.6945827266889435,0,1,,,,
Chameleon,client,99,663,3,MR,attack_nonmember,evaluation,3,0,19,0.2105263157894736,0,1.9143814623758035,0.6945827266889435,0,1,2.165719369438521,0.3333333333333333,0.3333333333333333,0.0
Chameleon,client,99,693,0,MR,attack_nonmember,evaluation,1,0,2,0.0,0,1.377520858764572,0.6945827266889435,0,1,1.7967919397735215,0.19047619047619047,0.3333333333333333,0.0
Chameleon,client,99,695,3,MR,attack_nonmember,evaluation,2,0,14,0.2142857142857142,0,1.1113102023259964,0.6945827266889435,0,1,3.1175449184433903,0.42857142857142855,0.3333333333333333,1.0
Chameleon,client,99,708,3,MR,attack_nonmember,evaluation,4,0,11,0.5454545454545454,0,0.9567799353641855,0.6945827266889435,0,1,1.0143288436640092,0.047619047619047616,0.3333333333333333,0.0
Chameleon,client,99,717,0,MR,attack_nonmember,evaluation,1,0,1,0.0,0,3.2763060263119472,0.6945827266889435,0,1,,,,
Chameleon,client,99,752,0,MR,attack_nonmember,evaluation,0,0,0,,1,1.1920871802828756,0.6945827266889435,0,1,,,,
Chameleon,client,99,754,0,MR,attack_nonmember,evaluation,0,0,0,,1,1.2061639899706986,0.6945827266889435,0,1,,,,
Chameleon,client,99,768,2,MR,attack_nonmember,evaluation,3,0,0,,0,4.329919321065137,0.6945827266889435,0,1,0.34780528253885223,0.047619047619047616,0.3333333333333333,0.0
Chameleon,client,99,874,0,MR,attack_nonmember,evaluation,4,0,0,,0,0.9879740737865434,0.6945827266889435,0,1,,,,
Chameleon,client,99,875,2,MR,attack_nonmember,evaluation,2,0,0,,1,0.3790690681548595,0.6945827266889435,1,1,,,,
