cell,variable,value,z,method
Cora_s7,attack_strength_auc,0.6472,1.6,IQR
Cora_s99,attack_strength_auc,0.699,2.42,IQR
Cora_s456,attack_strength_auc,0.6509,1.66,IQR
Squirrel_s123,attack_strength_auc,0.6782,2.09,IQR
Squirrel_s456,attack_strength_auc,0.7243,2.83,IQR
Actor_s42,attack_strength_auc,0.6904,2.29,IQR
Actor_s456,attack_strength_auc,0.6767,2.07,IQR
WikiCS_s7,C_cal,0.1457,2.46,IQR
WikiCS_s99,C_cal,0.1732,2.86,IQR
Chameleon_s99,C_F,-0.0298,-2.05,IQR
Chameleon_s456,C_F,-0.0556,-3.71,IQR
Squirrel_s7,C_F,0.0415,2.54,IQR
Squirrel_s99,C_F,-0.0298,-2.06,IQR
Squirrel_s456,C_F,0.0346,2.09,IQR
Chameleon_s7,train_test_gap,0.3949,2.94,IQR
Chameleon_s42,train_test_gap,0.2977,2.02,IQR
Chameleon_s99,train_test_gap,0.3099,2.13,IQR
Chameleon_s123,train_test_gap,0.3566,2.58,IQR
Chameleon_s456,train_test_gap,0.3966,2.95,IQR
Squirrel_s42,train_test_gap,0.2848,1.89,IQR
Cora_s7,forget_member_rate_M0,0.5048,2.17,IQR
Cora_s42,forget_member_rate_M0,0.7182,3.58,IQR
CS_s123,forget_member_rate_M0,0.4814,2.02,IQR
CS_s456,forget_member_rate_M0,0.4299,1.68,IQR
Photo_s7,forget_member_rate_M0,0.5081,2.19,IQR
Computers_s7,forget_member_rate_M0,0.6855,3.36,IQR
WikiCS_s42,forget_member_rate_MR,0.2673,2.63,IQR
WikiCS_s99,forget_member_rate_MR,0.3013,3.11,IQR
Cora_s42,heldout_member_rate_M0,0.6441,3.59,IQR
CS_s123,heldout_member_rate_M0,0.4848,2.45,IQR
CS_s456,heldout_member_rate_M0,0.4232,2.01,IQR
Photo_s7,heldout_member_rate_M0,0.5089,2.63,IQR
Computers_s7,heldout_member_rate_M0,0.6431,3.59,IQR
WikiCS_s7,heldout_member_rate_MR,0.2457,2.46,IQR
WikiCS_s99,heldout_member_rate_MR,0.2732,2.86,IQR
