dataset,AUC,F_M0,F_MR,H_M0,H_MR,C_cal,C_cal_sd,C_F,C_F_sd,gap,H_transition,F_transition
Cora,0.6522,0.3517,0.0352,0.2658,0.0369,-0.0631,0.0449,-0.0017,0.0078,0.1272,-0.229,-0.3166
Squirrel,0.6489,0.2414,0.0612,0.0764,0.0538,-0.0462,0.0374,0.0075,0.03,0.2223,-0.0226,-0.1802
Actor,0.6349,0.1571,0.0892,0.0687,0.0778,-0.0222,0.0252,0.0113,0.0135,0.1702,0.0091,-0.0679
WikiCS,0.5445,0.2023,0.2184,0.1841,0.209,0.109,0.0637,0.0094,0.0171,0.0663,0.025,0.0161
PubMed,0.5411,0.1092,0.0767,0.1134,0.0787,-0.0213,0.1018,-0.002,0.0035,0.0586,-0.0347,-0.0325
amazon_ratings,0.5326,0.0456,0.0356,0.0352,0.028,-0.072,0.007,0.0076,0.0042,0.0235,-0.0072,-0.01
Computers,0.5177,0.279,0.0425,0.2549,0.0369,-0.0631,0.0115,0.0057,0.0083,0.02,-0.218,-0.2365
roman_empire,0.5175,0.1114,0.1034,0.1028,0.1028,0.0028,0.0116,0.0005,0.0044,0.0264,-0.0,-0.0081
Photo,0.5162,0.1977,0.0788,0.2003,0.0742,-0.0258,0.0436,0.0046,0.0165,0.0228,-0.1261,-0.1188
CS,0.5137,0.2868,0.0966,0.2814,0.0952,-0.0048,0.0595,0.0015,0.0064,0.0152,-0.1863,-0.1902
minesweeper,0.5003,0.105,0.0835,0.0933,0.0723,-0.0277,0.0653,0.0113,0.0113,0.0061,-0.021,-0.0215
Chameleon,0.4939,0.0971,0.0043,0.0797,0.0266,-0.0734,0.0268,-0.0223,0.0233,0.3511,-0.0531,-0.0928
tolokers,0.4909,0.083,0.098,0.0896,0.1043,0.0043,0.107,-0.0062,0.0082,-0.0007,0.0147,0.015
