episode,reward,i_reward,a_reward,avg_delay_ms,avg_energy_mj,completion_ratio,high_priority_completion,low_priority_completion,offload_ratio,inactive_correct_ratio,ET_active_count,ET_inactive_count
1,539.0049,250.0,539.0049,257.8055,778.470637,0.6254,0.6224,0.6284,0.7256,1.0,11276,3724
2,662.5457,250.0,662.5457,252.726,801.370397,0.6441,0.6547,0.6359,0.708,1.0,11288,3712
3,731.7875,250.0,731.7875,249.8919,816.069378,0.6595,0.6629,0.6579,0.7078,1.0,11215,3785
4,614.1398,250.0,614.1398,253.3449,841.362158,0.6391,0.6285,0.6451,0.6929,1.0,11283,3717
5,702.4828,250.0,702.4828,250.4084,831.538022,0.6526,0.6561,0.6496,0.6946,1.0,11256,3744
6,750.5087,250.0,750.5087,248.1727,857.357306,0.6596,0.6583,0.6573,0.6859,1.0,11218,3782
7,714.534,250.0,714.534,248.6475,862.176075,0.6528,0.6547,0.6529,0.6793,1.0,11217,3783
8,716.566,250.0,716.566,248.3457,855.035823,0.6522,0.6602,0.6481,0.6779,1.0,11262,3738
9,788.0942,250.0,788.0942,246.1088,907.895038,0.6646,0.6656,0.6631,0.6664,1.0,11225,3775
10,827.8665,250.0,827.8665,245.5989,871.270439,0.6724,0.6772,0.6699,0.6644,1.0,11320,3680
11,742.6026,250.0,742.6026,247.103,916.833866,0.6572,0.6567,0.6569,0.649,1.0,11199,3801
12,666.5979,250.0,666.5979,250.9001,904.605903,0.6448,0.6488,0.6407,0.6541,1.0,11338,3662
13,795.3739,250.0,795.3739,245.1602,915.237879,0.6676,0.6707,0.6687,0.646,1.0,11271,3729
14,721.3208,250.0,721.3208,247.7582,936.261688,0.6547,0.6598,0.655,0.6397,1.0,11230,3770
15,774.6308,250.0,774.6308,245.8827,919.473515,0.6637,0.6599,0.6632,0.6446,1.0,11319,3681
16,783.6136,250.0,783.6136,245.8089,953.943387,0.6631,0.667,0.6606,0.6355,1.0,11249,3751
17,734.1137,250.0,734.1137,248.3521,929.799372,0.6566,0.6622,0.6499,0.6401,1.0,11236,3764
18,779.4263,249.5,779.4263,245.2826,965.689009,0.6647,0.6651,0.6631,0.6238,1.0,11217,3783
19,799.8002,250.0,799.8002,244.3105,964.926229,0.6672,0.6668,0.6665,0.6277,1.0,11209,3791
20,781.1338,250.0,781.1338,245.488,924.137147,0.667,0.6642,0.6678,0.6321,1.0,11397,3603
21,892.8438,250.0,892.8438,241.6833,950.058784,0.685,0.6872,0.6837,0.6271,1.0,11278,3722
22,824.8761,250.0,824.8761,243.2135,954.440957,0.674,0.6654,0.6795,0.6279,1.0,11224,3776
23,750.7822,249.5,750.7822,245.9208,943.405627,0.661,0.6543,0.6647,0.6309,1.0,11325,3675
24,904.0975,249.5,904.0975,240.0615,955.585975,0.6867,0.6837,0.6878,0.6236,1.0,11276,3724
25,791.0861,250.0,791.0861,244.6916,941.656832,0.6653,0.6711,0.6665,0.624,1.0,11298,3702
26,813.6143,250.0,813.6143,244.1395,957.528888,0.672,0.6629,0.6749,0.6181,1.0,11290,3710
27,828.7213,250.0,828.7213,242.2487,964.970172,0.6728,0.6677,0.6769,0.6179,1.0,11337,3663
28,896.3611,250.0,896.3611,240.5261,965.825368,0.6822,0.6902,0.6773,0.6171,1.0,11320,3680
29,779.1732,250.0,779.1732,244.6886,982.01299,0.6659,0.6606,0.6701,0.6194,1.0,11270,3730
30,808.2413,249.5,808.2413,242.8589,979.876948,0.6694,0.6712,0.6689,0.6113,1.0,11277,3723
31,874.4564,250.0,874.4564,240.9868,983.767286,0.6815,0.6781,0.6857,0.614,1.0,11235,3765
32,879.4436,250.0,879.4436,241.205,990.422636,0.6815,0.6845,0.6782,0.6063,1.0,11238,3762
33,877.8783,250.0,877.8783,241.1604,983.76335,0.6817,0.6783,0.6833,0.6059,1.0,11322,3678
34,898.9695,250.0,898.9695,240.3288,999.202219,0.6838,0.6865,0.6803,0.599,1.0,11295,3705
35,886.1891,250.0,886.1891,241.0239,977.025992,0.6829,0.6835,0.6815,0.6073,1.0,11259,3741
36,833.2647,250.0,833.2647,242.2574,1007.741815,0.6731,0.6779,0.6696,0.6067,1.0,11190,3810
37,801.1814,250.0,801.1814,242.7705,965.639113,0.6685,0.6604,0.6733,0.6127,1.0,11262,3738
38,817.9599,250.0,817.9599,242.6973,999.934971,0.6728,0.6644,0.6781,0.6009,1.0,11317,3683
39,818.7951,250.0,818.7951,242.7239,995.332325,0.6728,0.6716,0.6744,0.6047,1.0,11224,3776
40,881.2829,250.0,881.2829,240.3647,1001.482455,0.6783,0.6863,0.6727,0.6021,1.0,11234,3766
41,896.8692,250.0,896.8692,240.4838,1016.971623,0.6843,0.6866,0.6842,0.5967,1.0,11230,3770
42,811.9384,250.0,811.9384,243.3015,1010.696704,0.6708,0.6684,0.673,0.5975,1.0,11359,3641
43,810.3441,250.0,810.3441,243.5638,1005.755299,0.6719,0.6692,0.6747,0.5963,1.0,11328,3672
44,866.5454,250.0,866.5454,240.869,1023.632423,0.678,0.6794,0.678,0.597,1.0,11247,3753
45,811.6765,250.0,811.6765,242.568,1015.249184,0.6702,0.6658,0.6726,0.604,1.0,11162,3838
46,858.8245,250.0,858.8245,240.3682,1036.10321,0.6756,0.6809,0.6716,0.589,1.0,11185,3815
47,817.6408,250.0,817.6408,243.1907,1025.338481,0.6725,0.6715,0.6745,0.6012,1.0,11157,3843
48,836.8176,250.0,836.8176,242.3181,1019.5104,0.6733,0.6801,0.6696,0.5933,1.0,11318,3682
49,857.8192,249.5,857.8192,241.74,987.423032,0.6785,0.6742,0.6816,0.6043,1.0,11261,3739
50,728.7232,250.0,728.7232,245.8372,1004.882826,0.6552,0.6548,0.6539,0.597,1.0,11263,3737
51,865.4399,250.0,865.4399,241.3564,1016.795937,0.6783,0.676,0.6802,0.5985,1.0,11274,3726
52,860.6346,250.0,860.6346,239.7054,1037.724218,0.677,0.6662,0.6814,0.5897,1.0,11248,3752
53,809.902,250.0,809.902,243.8107,1020.03071,0.6682,0.677,0.6627,0.6001,1.0,11323,3677
54,824.592,250.0,824.592,241.5956,1012.41639,0.6703,0.6743,0.6683,0.5986,1.0,11196,3804
55,777.9865,250.0,777.9865,244.0452,1038.881902,0.6643,0.6647,0.6676,0.5895,1.0,11241,3759
56,800.84,249.5,800.84,242.7016,1021.698161,0.668,0.6695,0.6684,0.5957,1.0,11211,3789
57,830.1373,250.0,830.1373,242.9656,1019.864416,0.6731,0.6805,0.6686,0.5963,1.0,11281,3719
58,913.3725,250.0,913.3725,239.0912,1016.075416,0.687,0.6872,0.6865,0.5932,1.0,11290,3710
59,898.0731,250.0,898.0731,240.2564,1019.783556,0.6879,0.68,0.6945,0.5991,1.0,11263,3737
60,862.7351,250.0,862.7351,240.7095,1037.979896,0.6762,0.6792,0.6726,0.5892,1.0,11181,3819
61,917.2503,250.0,917.2503,239.2288,1015.419768,0.6905,0.6789,0.6981,0.5932,1.0,11295,3705
62,848.9202,250.0,848.9202,241.7025,1050.028991,0.6771,0.6701,0.6825,0.5834,1.0,11287,3713
63,841.0694,250.0,841.0694,242.3212,1023.017215,0.6768,0.6734,0.6774,0.5937,1.0,11190,3810
64,841.0002,250.0,841.0002,241.5278,1014.892214,0.6744,0.6734,0.6747,0.5873,1.0,11306,3694
65,876.6,250.0,876.6,239.9081,1035.28516,0.6793,0.6838,0.6793,0.5926,1.0,11150,3850
66,877.1257,250.0,877.1257,239.7863,1026.66298,0.6808,0.6783,0.6844,0.5849,1.0,11307,3693
67,852.064,250.0,852.064,240.7345,1022.071649,0.6754,0.6718,0.6766,0.5907,1.0,11300,3700
68,867.4892,250.0,867.4892,240.3911,1044.988739,0.6821,0.6726,0.6901,0.5825,1.0,11174,3826
69,758.1943,250.0,758.1943,244.0229,1054.108098,0.6585,0.6577,0.6613,0.574,1.0,11332,3668
70,866.563,250.0,866.563,239.9438,1038.829872,0.6807,0.6741,0.6849,0.5843,1.0,11136,3864
71,974.8842,250.0,974.8842,236.2855,1064.338453,0.6957,0.6966,0.6947,0.574,1.0,11191,3809
72,913.0266,250.0,913.0266,239.3131,1092.050527,0.6848,0.6925,0.6801,0.5586,1.0,11198,3802
73,898.5767,250.0,898.5767,238.9381,1071.627717,0.6849,0.6805,0.6875,0.5777,1.0,11148,3852
74,904.6083,250.0,904.6083,238.7189,1055.105175,0.688,0.6735,0.6964,0.5745,1.0,11223,3777
75,930.1161,250.0,930.1161,238.5465,1058.499502,0.6877,0.6931,0.6852,0.5764,1.0,11231,3769
76,967.3424,250.0,967.3424,237.3807,1043.051918,0.6956,0.6938,0.695,0.5835,1.0,11234,3766
77,923.0251,250.0,923.0251,238.4475,1054.075475,0.6883,0.6928,0.6852,0.5779,1.0,11213,3787
78,865.5981,250.0,865.5981,239.2838,1038.116715,0.6783,0.6696,0.6832,0.5786,1.0,11252,3748
79,846.7115,250.0,846.7115,242.2199,971.937359,0.6765,0.6769,0.6764,0.6137,1.0,11254,3746
80,835.5092,249.0,835.5092,243.0652,899.122418,0.6742,0.6675,0.678,0.6519,1.0,11233,3767
81,746.0012,250.0,746.0012,248.8557,864.844249,0.6615,0.6677,0.6571,0.6784,1.0,11224,3776
82,737.681,250.0,737.681,248.0951,864.574937,0.6585,0.6651,0.6526,0.6739,1.0,11290,3710
83,739.3957,250.0,739.3957,249.0227,869.327267,0.6585,0.669,0.6505,0.6747,1.0,11269,3731
84,734.5637,250.0,734.5637,248.1332,882.689769,0.6581,0.6585,0.66,0.6638,1.0,11300,3700
85,754.9829,250.0,754.9829,247.5506,886.012318,0.6608,0.6621,0.6585,0.672,1.0,11312,3688
86,815.2063,250.0,815.2063,244.1792,888.26406,0.6717,0.6705,0.6708,0.6616,1.0,11262,3738
87,817.7962,250.0,817.7962,244.6602,894.250499,0.6746,0.664,0.6768,0.6609,1.0,11168,3832
88,795.5783,250.0,795.5783,246.1608,870.717721,0.6703,0.6702,0.6691,0.6742,1.0,11273,3727
89,812.1396,250.0,812.1396,245.3685,882.067481,0.6701,0.6777,0.6628,0.6667,1.0,11263,3737
90,819.4405,250.0,819.4405,246.2741,859.678284,0.6754,0.68,0.6751,0.6716,1.0,11246,3754
91,789.7379,250.0,789.7379,246.8288,873.735794,0.6672,0.6674,0.669,0.6694,1.0,11285,3715
92,752.9372,250.0,752.9372,248.2264,892.091032,0.6602,0.6662,0.6564,0.6724,1.0,11223,3777
93,705.6859,250.0,705.6859,249.3878,876.298493,0.6513,0.6571,0.6494,0.6772,1.0,11256,3744
94,758.7639,250.0,758.7639,247.1038,874.32139,0.662,0.6579,0.6656,0.6763,1.0,11228,3772
95,687.8546,250.0,687.8546,250.7028,844.239875,0.6486,0.647,0.6491,0.6834,1.0,11385,3615
96,705.6486,250.0,705.6486,249.9978,865.244863,0.6517,0.6484,0.6531,0.6863,1.0,11243,3757
97,687.4871,250.0,687.4871,250.4881,872.7415,0.6498,0.6535,0.6468,0.6803,1.0,11260,3740
98,760.1888,250.0,760.1888,247.7758,875.837094,0.6656,0.6616,0.6668,0.6784,1.0,11257,3743
99,734.7228,250.0,734.7228,248.3624,897.538693,0.6578,0.6512,0.6611,0.6656,1.0,11291,3709
100,677.2289,250.0,677.2289,250.8264,891.355708,0.6494,0.6505,0.6497,0.666,1.0,11280,3720
101,773.6638,250.0,773.6638,245.6538,921.96062,0.665,0.6583,0.671,0.654,1.0,11220,3780
102,787.9163,249.5,787.9163,246.1203,921.236566,0.6674,0.6665,0.6687,0.6535,1.0,11144,3856
103,744.865,250.0,744.865,248.1201,905.207481,0.6608,0.6561,0.6648,0.6547,1.0,11271,3729
104,758.7096,250.0,758.7096,245.9949,921.127503,0.6629,0.6594,0.6658,0.6497,1.0,11186,3814
105,783.3896,250.0,783.3896,244.6449,950.400995,0.6653,0.6589,0.6657,0.6423,1.0,11231,3769
106,778.7196,250.0,778.7196,245.2134,939.41144,0.6637,0.6558,0.6687,0.6422,1.0,11190,3810
107,781.3443,250.0,781.3443,245.3247,953.438144,0.666,0.6688,0.6652,0.638,1.0,11160,3840
108,851.4238,250.0,851.4238,242.8407,959.174942,0.6773,0.682,0.6728,0.6312,1.0,11182,3818
109,759.5244,250.0,759.5244,245.3082,962.855386,0.6609,0.6587,0.6623,0.6194,1.0,11303,3697
110,756.6521,250.0,756.6521,245.1727,966.091666,0.6588,0.6617,0.6572,0.6227,1.0,11266,3734
111,810.2986,250.0,810.2986,244.0224,1001.191851,0.6717,0.6774,0.6694,0.6174,1.0,11154,3846
112,804.6443,250.0,804.6443,243.9523,951.388669,0.6701,0.668,0.6727,0.6278,1.0,11238,3762
113,807.4148,250.0,807.4148,244.0776,918.298604,0.6736,0.662,0.6808,0.6409,1.0,11316,3684
114,842.395,250.0,842.395,243.1313,934.538685,0.6764,0.6753,0.6766,0.6355,1.0,11256,3744
115,710.4157,250.0,710.4157,248.0698,957.817178,0.6549,0.6481,0.6567,0.6315,1.0,11241,3759
116,758.787,250.0,758.787,246.6537,901.331397,0.6633,0.6592,0.6676,0.6437,1.0,11400,3600
117,754.7496,250.0,754.7496,245.3863,932.388291,0.6617,0.6522,0.6668,0.6424,1.0,11261,3739
118,865.2869,250.0,865.2869,242.3103,884.711319,0.6807,0.6735,0.6815,0.6566,1.0,11309,3691
119,823.6886,250.0,823.6886,243.8368,889.661029,0.676,0.6649,0.6819,0.6579,1.0,11237,3763
120,824.1953,250.0,824.1953,243.3542,902.66684,0.6744,0.6621,0.6816,0.6521,1.0,11245,3755
121,880.9446,250.0,880.9446,241.5088,922.985915,0.682,0.6847,0.6839,0.6529,1.0,11177,3823
122,733.6963,249.5,733.6963,248.0952,879.164551,0.657,0.6533,0.6577,0.6676,1.0,11302,3698
123,821.8604,250.0,821.8604,245.3161,917.600616,0.6713,0.6779,0.667,0.6498,1.0,11240,3760
124,740.3018,250.0,740.3018,247.6388,888.600612,0.6612,0.6593,0.6645,0.6644,1.0,11170,3830
125,741.8655,250.0,741.8655,248.3654,900.370359,0.6618,0.6514,0.6669,0.6624,1.0,11235,3765
126,806.9132,250.0,806.9132,244.4719,876.415587,0.6714,0.6647,0.6739,0.6678,1.0,11187,3813
127,805.9779,250.0,805.9779,245.1229,895.605786,0.6731,0.6604,0.6804,0.6571,1.0,11223,3777
128,803.9036,250.0,803.9036,245.1267,878.122617,0.6695,0.6716,0.668,0.6652,1.0,11274,3726
129,793.5781,250.0,793.5781,246.4444,899.105576,0.6684,0.6767,0.6615,0.6611,1.0,11193,3807
130,753.0474,250.0,753.0474,246.4658,891.261559,0.6602,0.6564,0.663,0.6563,1.0,11273,3727
131,833.989,250.0,833.989,244.1515,910.310534,0.6741,0.6846,0.669,0.6579,1.0,11145,3855
132,768.8884,249.5,768.8884,245.5161,917.647501,0.6616,0.6609,0.6608,0.6551,1.0,11285,3715
133,833.7308,250.0,833.7308,244.3533,893.555432,0.6734,0.6819,0.669,0.6498,1.0,11342,3658
134,765.1546,250.0,765.1546,245.5694,905.624295,0.6625,0.6577,0.6671,0.648,1.0,11300,3700
135,772.7061,250.0,772.7061,245.9284,891.876833,0.6659,0.6643,0.6666,0.6626,1.0,11252,3748
136,773.6288,250.0,773.6288,245.3274,906.067865,0.6641,0.6583,0.6677,0.6537,1.0,11235,3765
137,815.4034,250.0,815.4034,244.4101,906.205096,0.6695,0.6697,0.6693,0.6507,1.0,11224,3776
138,836.5861,250.0,836.5861,242.9079,929.939909,0.6723,0.6831,0.6674,0.6364,1.0,11278,3722
139,775.3497,250.0,775.3497,245.9857,913.240555,0.664,0.6732,0.6599,0.6416,1.0,11322,3678
140,822.4302,250.0,822.4302,244.137,936.966563,0.6712,0.6738,0.67,0.6314,1.0,11377,3623
141,858.9706,250.0,858.9706,242.3336,954.64576,0.6807,0.6761,0.6854,0.6269,1.0,11190,3810
142,769.9396,250.0,769.9396,245.2523,964.274375,0.6625,0.6619,0.6609,0.6234,1.0,11258,3742
143,840.4945,250.0,840.4945,242.31,989.478377,0.6742,0.6702,0.6745,0.6154,1.0,11191,3809
144,878.2818,250.0,878.2818,241.0911,983.192569,0.6777,0.6911,0.6687,0.6143,1.0,11186,3814
145,788.3515,250.0,788.3515,244.5761,965.536044,0.6684,0.6651,0.6712,0.6183,1.0,11291,3709
146,909.7688,250.0,909.7688,239.5201,989.646045,0.6873,0.6843,0.6885,0.6115,1.0,11179,3821
147,872.6679,250.0,872.6679,241.2058,990.40139,0.6814,0.679,0.6838,0.6105,1.0,11254,3746
148,860.0827,250.0,860.0827,242.028,971.527559,0.6803,0.6761,0.6845,0.619,1.0,11287,3713
149,850.2481,250.0,850.2481,241.5585,991.12981,0.6778,0.6714,0.6795,0.6147,1.0,11181,3819
150,811.7891,250.0,811.7891,244.4309,933.927733,0.6675,0.6753,0.6625,0.6338,1.0,11325,3675
151,763.2404,250.0,763.2404,245.7753,919.626368,0.6627,0.6579,0.6636,0.6414,1.0,11255,3745
152,787.1253,250.0,787.1253,244.383,917.618615,0.6656,0.6595,0.6704,0.6465,1.0,11251,3749
153,770.6841,250.0,770.6841,245.4374,921.629696,0.666,0.6624,0.6701,0.6484,1.0,11145,3855
154,755.0109,250.0,755.0109,246.7686,914.207832,0.6617,0.6627,0.6615,0.6423,1.0,11387,3613
155,855.025,250.0,855.025,241.8154,930.20341,0.6791,0.6735,0.6803,0.6425,1.0,11204,3796
156,818.3599,250.0,818.3599,243.3262,925.952098,0.6714,0.6703,0.6721,0.6399,1.0,11242,3758
157,811.9513,249.5,811.9513,243.8385,925.666561,0.6693,0.6714,0.6681,0.6384,1.0,11309,3691
158,872.1622,250.0,872.1622,241.3195,941.112607,0.6817,0.6753,0.6862,0.6338,1.0,11214,3786
159,818.7745,250.0,818.7745,244.0819,930.516911,0.6714,0.6739,0.6686,0.6373,1.0,11243,3757
160,750.2287,250.0,750.2287,246.1176,927.695091,0.6622,0.6551,0.6665,0.6354,1.0,11327,3673
161,728.9784,250.0,728.9784,247.216,915.385426,0.6571,0.6519,0.6604,0.6378,1.0,11383,3617
162,855.6469,250.0,855.6469,242.4331,917.922318,0.6774,0.6754,0.6772,0.643,1.0,11299,3701
163,764.5493,250.0,764.5493,245.7812,909.436403,0.6646,0.6499,0.6758,0.6423,1.0,11369,3631
164,833.3999,250.0,833.3999,243.194,944.313811,0.6764,0.6691,0.6807,0.6365,1.0,11207,3793
165,836.386,250.0,836.386,243.0761,927.280522,0.6756,0.6745,0.6795,0.6408,1.0,11266,3734
166,820.3637,250.0,820.3637,245.4843,938.620283,0.6707,0.6823,0.6643,0.6344,1.0,11311,3689
167,809.9463,250.0,809.9463,244.964,922.769081,0.6706,0.6698,0.6697,0.6465,1.0,11244,3756
168,733.1836,249.5,733.1836,246.9666,936.316775,0.6567,0.6633,0.6521,0.6421,1.0,11240,3760
169,816.3649,249.5,816.3649,244.322,903.716543,0.6717,0.6744,0.6691,0.6503,1.0,11292,3708
170,774.4592,250.0,774.4592,244.8428,915.092612,0.668,0.6572,0.6725,0.6501,1.0,11204,3796
171,843.1923,250.0,843.1923,243.7591,916.260928,0.6784,0.6761,0.6795,0.6499,1.0,11225,3775
172,779.3021,250.0,779.3021,245.6807,909.526905,0.668,0.6602,0.6721,0.6525,1.0,11254,3746
173,753.4334,250.0,753.4334,246.3809,918.704747,0.664,0.6578,0.6706,0.659,1.0,11132,3868
174,825.2777,250.0,825.2777,244.3449,905.808614,0.6755,0.6753,0.6798,0.6571,1.0,11184,3816
175,824.9142,250.0,824.9142,245.0953,899.12631,0.6752,0.6721,0.679,0.6609,1.0,11247,3753
176,765.9088,250.0,765.9088,246.8359,890.538676,0.6634,0.6656,0.6664,0.6518,1.0,11250,3750
177,723.1581,250.0,723.1581,247.9759,860.464078,0.6556,0.6512,0.6585,0.6699,1.0,11391,3609
178,861.0447,249.0,861.0447,243.8315,878.965472,0.6812,0.6858,0.6781,0.6681,1.0,11228,3772
179,806.8798,250.0,806.8798,245.405,871.513014,0.671,0.6698,0.671,0.6756,1.0,11241,3759
180,786.8384,250.0,786.8384,246.3524,870.193874,0.6649,0.6689,0.6614,0.6743,1.0,11225,3775
181,729.9524,249.5,729.9524,249.3089,851.901182,0.661,0.6535,0.6673,0.6855,1.0,11200,3800
182,742.5144,250.0,742.5144,248.1242,875.861285,0.6601,0.657,0.6609,0.6678,1.0,11245,3755
183,790.3681,250.0,790.3681,246.7277,870.131701,0.6695,0.6707,0.67,0.6737,1.0,11258,3742
184,706.169,249.5,706.169,248.8978,864.76794,0.652,0.6549,0.6474,0.6798,1.0,11249,3751
185,733.1676,250.0,733.1676,249.1939,858.40015,0.662,0.6521,0.6675,0.6816,1.0,11224,3776
186,681.7686,250.0,681.7686,250.2313,874.807421,0.6519,0.6502,0.6542,0.6784,1.0,11160,3840
187,718.3481,250.0,718.3481,248.5532,873.383586,0.6552,0.6557,0.6575,0.6762,1.0,11256,3744
188,709.9728,250.0,709.9728,250.1813,870.590366,0.6542,0.6601,0.6492,0.6738,1.0,11241,3759
189,723.8026,249.5,723.8026,248.4596,855.657226,0.6578,0.6438,0.6643,0.6758,1.0,11267,3733
190,861.541,250.0,861.541,243.5506,892.037552,0.6824,0.6816,0.6843,0.6597,1.0,11245,3755
191,865.2275,250.0,865.2275,244.0741,885.037594,0.6808,0.6882,0.6779,0.6639,1.0,11255,3745
192,743.2308,250.0,743.2308,247.1484,882.737347,0.66,0.6635,0.6582,0.6659,1.0,11307,3693
193,797.8935,250.0,797.8935,245.4325,887.701137,0.6694,0.6763,0.664,0.6623,1.0,11224,3776
194,710.3857,249.5,710.3857,249.2054,885.949384,0.656,0.6525,0.657,0.6632,1.0,11280,3720
195,697.7747,250.0,697.7747,249.452,847.857904,0.6524,0.6552,0.6516,0.6734,1.0,11339,3661
196,695.6947,249.5,695.6947,248.7869,871.58828,0.6505,0.6431,0.651,0.6713,1.0,11251,3749
197,750.2311,250.0,750.2311,248.0959,879.399628,0.6619,0.664,0.6578,0.6704,1.0,11240,3760
198,709.9878,250.0,709.9878,248.0527,897.748199,0.6576,0.6455,0.6683,0.6597,1.0,11273,3727
199,769.6141,250.0,769.6141,246.6459,888.327056,0.6645,0.6647,0.6636,0.664,1.0,11218,3782
200,690.6825,250.0,690.6825,248.649,913.018202,0.6517,0.6483,0.6535,0.6438,1.0,11273,3727
201,685.8536,250.0,685.8536,249.9058,930.764161,0.6502,0.6538,0.6491,0.6458,1.0,11225,3775
202,862.0793,250.0,862.0793,243.5546,922.135421,0.6798,0.684,0.6763,0.6388,1.0,11295,3705
203,810.7289,250.0,810.7289,243.8705,928.364043,0.6729,0.6652,0.6773,0.6366,1.0,11253,3747
204,746.5444,250.0,746.5444,246.6752,933.093166,0.6593,0.6573,0.661,0.635,1.0,11313,3687
205,712.6621,250.0,712.6621,247.1227,926.508746,0.6542,0.6419,0.6626,0.6426,1.0,11233,3767
206,804.0864,250.0,804.0864,243.9049,945.234182,0.6688,0.6713,0.6676,0.6376,1.0,11213,3787
207,893.7129,250.0,893.7129,241.9578,920.930475,0.687,0.6807,0.6896,0.6317,1.0,11308,3692
208,817.4171,249.5,817.4171,243.5266,938.642458,0.6717,0.6724,0.6742,0.6319,1.0,11278,3722
209,837.1855,250.0,837.1855,242.2411,957.081274,0.6751,0.6717,0.678,0.6238,1.0,11195,3805
210,848.4271,250.0,848.4271,242.7812,979.190755,0.6774,0.6811,0.6765,0.6128,1.0,11280,3720
211,864.6133,250.0,864.6133,241.3677,989.628656,0.6783,0.677,0.6774,0.6059,1.0,11257,3743
212,875.3076,250.0,875.3076,239.52,986.594988,0.6811,0.6722,0.6895,0.5999,1.0,11265,3735
213,843.6371,250.0,843.6371,241.3447,1012.011849,0.6776,0.6598,0.6867,0.6045,1.0,11185,3815
214,954.6317,250.0,954.6317,237.181,998.93857,0.6957,0.6833,0.7041,0.6062,1.0,11196,3804
215,892.7521,250.0,892.7521,239.9311,987.620577,0.681,0.6803,0.6831,0.6102,1.0,11236,3764
216,869.8992,250.0,869.8992,241.1395,972.284641,0.6802,0.6811,0.6786,0.6139,1.0,11257,3743
217,813.5188,250.0,813.5188,243.7835,939.177026,0.6714,0.6713,0.672,0.6392,1.0,11153,3847
218,816.9952,250.0,816.9952,244.3654,937.955038,0.6721,0.6752,0.6736,0.6404,1.0,11179,3821
219,822.3848,250.0,822.3848,244.7478,909.0875,0.6722,0.6745,0.6688,0.6532,1.0,11300,3700
220,818.9962,250.0,818.9962,243.6394,938.049313,0.6716,0.6662,0.6749,0.6394,1.0,11227,3773
221,862.8152,250.0,862.8152,242.7998,913.922799,0.6802,0.6725,0.6839,0.6515,1.0,11216,3784
222,815.6728,250.0,815.6728,245.5119,893.366666,0.6728,0.6758,0.6694,0.6562,1.0,11309,3691
223,795.9413,250.0,795.9413,245.6146,930.939091,0.6703,0.6656,0.6715,0.6423,1.0,11172,3828
224,801.974,250.0,801.974,244.9049,929.065398,0.6708,0.6656,0.6751,0.6452,1.0,11188,3812
225,827.7669,250.0,827.7669,243.3635,982.122307,0.6746,0.6673,0.6795,0.6159,1.0,11215,3785
226,857.7231,250.0,857.7231,241.1661,993.102377,0.6793,0.6783,0.6801,0.607,1.0,11258,3742
227,814.0646,250.0,814.0646,243.4627,984.997837,0.6703,0.6711,0.6698,0.612,1.0,11268,3732
228,817.0173,250.0,817.0173,243.5397,983.367402,0.6728,0.6686,0.6736,0.6094,1.0,11271,3729
229,813.1409,250.0,813.1409,241.8626,1023.491394,0.6718,0.6585,0.68,0.5905,1.0,11234,3766
230,923.3181,250.0,923.3181,237.2968,1085.96127,0.69,0.6755,0.6991,0.5536,1.0,11301,3699
231,890.9411,250.0,890.9411,238.3866,1119.38506,0.686,0.6768,0.6951,0.5452,1.0,11256,3744
232,848.5434,250.0,848.5434,239.5005,1144.241508,0.6744,0.6649,0.6796,0.5384,1.0,11209,3791
233,937.5131,250.0,937.5131,236.6272,1134.974408,0.6909,0.6831,0.6961,0.539,1.0,11221,3779
234,922.84,250.0,922.84,236.383,1167.397746,0.688,0.6736,0.699,0.527,1.0,11243,3757
235,942.7924,249.5,942.7924,235.6184,1121.713723,0.6933,0.6751,0.7037,0.539,1.0,11308,3692
236,942.3509,250.0,942.3509,235.3951,1166.615939,0.6895,0.6754,0.6983,0.5211,1.0,11291,3709
237,865.8528,250.0,865.8528,238.3077,1145.93574,0.6767,0.6693,0.6803,0.5246,1.0,11327,3673
238,963.1291,249.5,963.1291,236.1456,1142.029503,0.6956,0.69,0.6986,0.525,1.0,11374,3626
239,978.063,250.0,978.063,234.0396,1173.645058,0.6955,0.6914,0.7004,0.5238,1.0,11206,3794
240,943.9268,250.0,943.9268,235.7249,1151.074926,0.6903,0.6769,0.6993,0.5277,1.0,11254,3746
241,883.3942,250.0,883.3942,237.3649,1150.081087,0.6804,0.6656,0.6892,0.5181,1.0,11381,3619
242,884.2021,250.0,884.2021,237.1084,1181.003877,0.6822,0.6675,0.6918,0.5227,1.0,11253,3747
243,872.2955,249.5,872.2955,238.7198,1166.643339,0.679,0.6735,0.6843,0.5173,1.0,11304,3696
244,815.9682,250.0,815.9682,240.306,1155.221365,0.669,0.655,0.6771,0.531,1.0,11273,3727
245,889.5848,250.0,889.5848,236.8755,1152.611994,0.6798,0.6662,0.6882,0.5265,1.0,11227,3773
246,949.705,250.0,949.705,235.1709,1174.190216,0.6903,0.6744,0.6997,0.5263,1.0,11210,3790
247,976.6814,250.0,976.6814,234.5862,1143.931391,0.6944,0.6859,0.699,0.5345,1.0,11240,3760
248,993.1175,250.0,993.1175,233.9887,1147.55626,0.699,0.6903,0.7076,0.5291,1.0,11266,3734
249,927.8501,250.0,927.8501,236.0859,1143.618077,0.6849,0.6842,0.6846,0.5284,1.0,11394,3606
250,941.6011,250.0,941.6011,235.3525,1150.186515,0.6906,0.6802,0.7001,0.5272,1.0,11304,3696
251,1028.6259,250.0,1028.6259,232.2181,1123.479246,0.7034,0.6993,0.7089,0.5361,1.0,11273,3727
252,993.9021,249.5,993.9021,233.7095,1174.566656,0.6965,0.6885,0.701,0.5318,1.0,11108,3892
253,961.7167,250.0,961.7167,235.2706,1167.617645,0.6933,0.6925,0.6934,0.5242,1.0,11284,3716
254,927.5396,249.5,927.5396,236.5229,1163.802882,0.6871,0.6821,0.6914,0.5304,1.0,11229,3771
255,935.6834,250.0,935.6834,236.367,1162.760019,0.6895,0.6774,0.6977,0.5303,1.0,11251,3749
256,998.8205,250.0,998.8205,234.6392,1080.525598,0.7023,0.689,0.7095,0.5493,1.0,11306,3694
257,960.391,250.0,960.391,235.4927,1085.505083,0.6943,0.681,0.6987,0.5508,1.0,11270,3730
258,956.8046,250.0,956.8046,236.4436,1073.996222,0.6945,0.6872,0.6972,0.5705,1.0,11176,3824
259,919.3887,250.0,919.3887,237.405,1072.553242,0.6837,0.6835,0.6822,0.5645,1.0,11196,3804
260,904.8205,250.0,904.8205,238.9735,1044.639034,0.686,0.6761,0.692,0.5751,1.0,11221,3779
261,824.9263,250.0,824.9263,241.5318,1052.813417,0.6696,0.6657,0.674,0.5723,1.0,11281,3719
262,1026.5384,250.0,1026.5384,235.082,1040.412533,0.7071,0.7035,0.7102,0.5792,1.0,11203,3797
263,934.2314,250.0,934.2314,237.276,1023.560309,0.691,0.6831,0.6955,0.587,1.0,11215,3785
264,914.1948,250.0,914.1948,239.3501,1032.175553,0.6884,0.6813,0.695,0.594,1.0,11251,3749
265,886.3615,250.0,886.3615,240.1374,1017.903058,0.6826,0.6781,0.6855,0.5923,1.0,11262,3738
266,886.2813,250.0,886.2813,239.0963,1027.952799,0.6836,0.6749,0.6929,0.5865,1.0,11253,3747
267,836.1371,250.0,836.1371,242.15,999.09363,0.6779,0.6626,0.689,0.6022,1.0,11333,3667
268,863.7366,250.0,863.7366,240.5184,1014.944659,0.6785,0.6714,0.6831,0.5962,1.0,11287,3713
269,869.7558,250.0,869.7558,239.666,1027.669092,0.6813,0.668,0.6879,0.5939,1.0,11234,3766
270,872.7418,250.0,872.7418,240.5173,1009.967237,0.6836,0.6707,0.6927,0.5999,1.0,11298,3702
271,926.2877,250.0,926.2877,239.4312,1014.486324,0.6903,0.6884,0.6946,0.5985,1.0,11288,3712
272,814.4204,250.0,814.4204,241.596,1016.638118,0.6708,0.6642,0.678,0.5903,1.0,11334,3666
273,888.4581,250.0,888.4581,239.7556,1003.257454,0.6822,0.6822,0.6837,0.5974,1.0,11335,3665
274,876.5017,250.0,876.5017,240.1969,1007.013586,0.6798,0.6788,0.6822,0.6011,1.0,11283,3717
275,889.183,250.0,889.183,240.7361,1014.044095,0.6849,0.6813,0.687,0.5915,1.0,11220,3780
276,933.5305,250.0,933.5305,238.0969,1049.748592,0.6903,0.6873,0.6923,0.586,1.0,11119,3881
277,904.4727,250.0,904.4727,238.4228,1012.058758,0.6859,0.6761,0.6904,0.5893,1.0,11216,3784
278,853.7592,249.5,853.7592,240.3856,1048.747071,0.6751,0.6746,0.6771,0.5842,1.0,11256,3744
279,838.8402,250.0,838.8402,241.7449,1024.716446,0.678,0.6605,0.6911,0.5843,1.0,11361,3639
280,945.0677,250.0,945.0677,237.6858,1025.516637,0.6961,0.6876,0.7029,0.5945,1.0,11188,3812
281,873.9992,250.0,873.9992,240.1483,1019.819289,0.6786,0.6756,0.6791,0.5899,1.0,11262,3738
282,898.0778,250.0,898.0778,239.6288,1000.378856,0.6857,0.6776,0.6901,0.6006,1.0,11268,3732
283,939.5529,250.0,939.5529,237.923,969.757671,0.6939,0.6764,0.7026,0.6166,1.0,11273,3727
284,880.6765,250.0,880.6765,240.2556,1002.843544,0.6835,0.6767,0.6906,0.5959,1.0,11333,3667
285,908.7454,250.0,908.7454,240.0266,983.460741,0.6857,0.6841,0.6867,0.6106,1.0,11247,3753
286,865.0135,250.0,865.0135,240.576,1001.007366,0.6833,0.6635,0.696,0.5999,1.0,11234,3766
287,862.8233,250.0,862.8233,240.2728,1048.26169,0.6777,0.6803,0.6782,0.5744,1.0,11307,3693
288,948.3376,250.0,948.3376,236.3809,1063.995345,0.6913,0.6792,0.6982,0.5612,1.0,11309,3691
289,870.6498,250.0,870.6498,238.6725,1096.157076,0.6799,0.6708,0.6881,0.5579,1.0,11286,3714
290,943.2694,250.0,943.2694,237.4716,1061.900413,0.6911,0.688,0.6954,0.5711,1.0,11244,3756
291,903.7979,250.0,903.7979,238.65,1090.060446,0.6864,0.6741,0.6938,0.5497,1.0,11353,3647
292,979.5568,249.5,979.5568,235.9549,1100.29844,0.7002,0.6892,0.709,0.5615,1.0,11190,3810
293,933.5331,250.0,933.5331,238.0387,1106.765842,0.6886,0.6884,0.6903,0.5576,1.0,11196,3804
294,881.169,250.0,881.169,238.5973,1066.108614,0.682,0.6738,0.6892,0.5694,1.0,11165,3835
295,919.0466,250.0,919.0466,238.2519,1057.747826,0.6895,0.6805,0.696,0.5707,1.0,11226,3774
296,913.1352,250.0,913.1352,237.9203,1116.514185,0.6878,0.68,0.6928,0.5614,1.0,11111,3889
297,908.3464,250.0,908.3464,238.0226,1103.953296,0.6849,0.6778,0.6903,0.5582,1.0,11224,3776
298,882.2208,250.0,882.2208,238.1147,1138.667083,0.682,0.666,0.693,0.5349,1.0,11152,3848
299,944.8958,250.0,944.8958,236.5244,1068.639111,0.6956,0.6773,0.7066,0.564,1.0,11327,3673
300,889.4604,250.0,889.4604,239.1185,1054.772626,0.6823,0.6791,0.6829,0.5758,1.0,11264,3736
301,837.6224,250.0,837.6224,241.037,1051.954298,0.6757,0.6625,0.6851,0.5762,1.0,11236,3764
302,839.5673,250.0,839.5673,241.6854,1061.785782,0.6768,0.6722,0.6793,0.5755,1.0,11249,3751
303,943.0477,250.0,943.0477,237.0133,1033.133021,0.6929,0.6863,0.698,0.5799,1.0,11222,3778
304,866.5928,250.0,866.5928,239.3459,1033.705223,0.68,0.663,0.6922,0.5884,1.0,11251,3749
305,887.7573,250.0,887.7573,238.9042,1044.997478,0.6835,0.6697,0.6917,0.5848,1.0,11218,3782
306,938.8931,250.0,938.8931,237.4373,1008.264732,0.6923,0.6886,0.6966,0.593,1.0,11244,3756
307,816.47,250.0,816.47,242.0439,1000.787092,0.67,0.6726,0.6697,0.5963,1.0,11277,3723
308,884.9945,250.0,884.9945,240.3193,1036.498401,0.6828,0.6817,0.6849,0.5854,1.0,11246,3754
309,878.6734,250.0,878.6734,240.2617,1000.25375,0.6826,0.6703,0.6892,0.6023,1.0,11259,3741
310,815.0807,250.0,815.0807,243.157,989.403857,0.6706,0.6736,0.6717,0.606,1.0,11268,3732
311,846.9323,250.0,846.9323,240.6825,977.70258,0.6767,0.6654,0.6846,0.6101,1.0,11302,3698
312,808.4098,250.0,808.4098,243.2487,1008.687904,0.6724,0.6551,0.6844,0.5986,1.0,11209,3791
313,914.3155,250.0,914.3155,238.6179,1015.256038,0.6896,0.6743,0.6992,0.5976,1.0,11228,3772
314,897.7798,250.0,897.7798,239.7297,1020.023332,0.6879,0.6737,0.6971,0.5942,1.0,11217,3783
315,839.5589,250.0,839.5589,241.6973,1014.043403,0.6753,0.6665,0.6825,0.5975,1.0,11273,3727
316,877.6134,250.0,877.6134,240.2963,973.801975,0.6824,0.6769,0.6859,0.6093,1.0,11279,3721
317,925.3228,250.0,925.3228,238.4318,984.857047,0.6909,0.6766,0.6992,0.6082,1.0,11257,3743
318,873.071,250.0,873.071,240.3809,999.679445,0.6795,0.6802,0.678,0.6007,1.0,11230,3770
319,902.7048,250.0,902.7048,239.7782,1042.583195,0.6871,0.6808,0.6924,0.5862,1.0,11175,3825
320,925.3194,250.0,925.3194,239.095,1009.508719,0.6906,0.6908,0.69,0.5979,1.0,11275,3725
321,875.3166,250.0,875.3166,239.8993,1002.209303,0.6823,0.6769,0.687,0.6026,1.0,11266,3734
322,871.1511,250.0,871.1511,240.4142,1001.842559,0.6807,0.6706,0.6865,0.6045,1.0,11265,3735
323,882.5002,250.0,882.5002,239.854,966.287818,0.6815,0.6751,0.6869,0.6056,1.0,11309,3691
324,880.9701,250.0,880.9701,240.0896,1000.140967,0.6816,0.6705,0.6899,0.6071,1.0,11246,3754
325,939.7701,250.0,939.7701,238.7174,967.438192,0.6903,0.6923,0.6892,0.6186,1.0,11268,3732
326,826.9318,249.5,826.9318,242.5777,952.243692,0.6749,0.668,0.6795,0.6233,1.0,11238,3762
327,868.523,250.0,868.523,241.6938,967.328406,0.6793,0.6788,0.6789,0.6226,1.0,11272,3728
328,868.6873,250.0,868.6873,239.6288,983.959584,0.6806,0.665,0.6924,0.6087,1.0,11237,3763
329,884.6773,250.0,884.6773,241.1976,966.371876,0.6858,0.6833,0.6877,0.6147,1.0,11275,3725
330,819.4126,250.0,819.4126,244.4506,948.670167,0.675,0.6718,0.6801,0.6308,1.0,11257,3743
331,886.6889,250.0,886.6889,241.8364,921.565902,0.6836,0.6824,0.6829,0.6457,1.0,11246,3754
332,766.0384,250.0,766.0384,245.6469,919.241692,0.6638,0.6522,0.6719,0.6496,1.0,11240,3760
333,815.5956,250.0,815.5956,244.3592,908.34945,0.6728,0.6677,0.6772,0.6514,1.0,11247,3753
334,739.6239,249.5,739.6239,247.0551,908.673241,0.6586,0.6526,0.6615,0.6503,1.0,11348,3652
335,794.0501,250.0,794.0501,245.3629,928.347433,0.6679,0.669,0.6676,0.6436,1.0,11243,3757
336,835.5659,250.0,835.5659,243.0854,915.808607,0.6746,0.676,0.6721,0.6433,1.0,11292,3708
337,794.1371,250.0,794.1371,245.3579,899.07294,0.6681,0.6685,0.6666,0.6584,1.0,11180,3820
338,761.2405,250.0,761.2405,246.5037,868.812345,0.6622,0.6611,0.6642,0.6694,1.0,11328,3672
339,731.7649,250.0,731.7649,249.3807,854.267614,0.6609,0.6558,0.6628,0.6774,1.0,11286,3714
340,708.8316,250.0,708.8316,249.0882,879.730307,0.6525,0.6533,0.656,0.6705,1.0,11290,3710
341,743.4173,250.0,743.4173,247.6744,871.391268,0.6648,0.6536,0.6726,0.6696,1.0,11275,3725
342,793.4824,250.0,793.4824,246.0899,884.573938,0.6677,0.6682,0.6663,0.6635,1.0,11285,3715
343,814.9426,250.0,814.9426,244.4522,897.209105,0.6745,0.6645,0.6803,0.6597,1.0,11192,3808
344,715.2975,250.0,715.2975,248.0012,912.604152,0.6552,0.659,0.6553,0.6523,1.0,11271,3729
345,858.4769,250.0,858.4769,242.7392,911.569758,0.6785,0.684,0.6758,0.6436,1.0,11324,3676
346,832.7,250.0,832.7,243.8759,911.071542,0.6771,0.671,0.6818,0.6499,1.0,11261,3739
347,764.5327,250.0,764.5327,245.91,943.205908,0.6608,0.6686,0.6597,0.63,1.0,11322,3678
348,813.7774,250.0,813.7774,243.226,933.376357,0.67,0.6646,0.6733,0.6279,1.0,11308,3692
349,803.008,250.0,803.008,243.3883,969.000607,0.6667,0.673,0.6617,0.623,1.0,11273,3727
350,904.1689,250.0,904.1689,240.0173,975.76682,0.6877,0.6865,0.6883,0.6172,1.0,11228,3772
351,878.8873,250.0,878.8873,241.1133,971.185457,0.6806,0.6858,0.6751,0.6171,1.0,11239,3761
352,857.7698,250.0,857.7698,241.4694,978.641227,0.6796,0.6766,0.6819,0.62,1.0,11175,3825
353,854.7169,250.0,854.7169,241.232,981.120188,0.6762,0.6678,0.6818,0.6205,1.0,11219,3781
354,829.6489,250.0,829.6489,243.2768,936.275616,0.6738,0.669,0.6751,0.6407,1.0,11247,3753
355,830.2475,250.0,830.2475,242.9527,941.122832,0.6763,0.6607,0.6855,0.6231,1.0,11333,3667
356,882.2012,250.0,882.2012,241.5049,949.97333,0.6832,0.6804,0.6842,0.6251,1.0,11338,3662
357,850.0651,250.0,850.0651,242.6915,970.409336,0.6803,0.6731,0.687,0.6129,1.0,11360,3640
358,870.8012,250.0,870.8012,240.991,990.313115,0.6826,0.6714,0.6912,0.6068,1.0,11247,3753
359,897.7585,250.0,897.7585,239.8957,994.455874,0.6805,0.6889,0.6771,0.605,1.0,11267,3733
360,813.1818,250.0,813.1818,242.6776,1023.162406,0.6745,0.6665,0.6818,0.595,1.0,11288,3712
361,896.6158,250.0,896.6158,240.1006,1012.46049,0.6809,0.6875,0.6767,0.6035,1.0,11237,3763
362,835.212,250.0,835.212,241.7691,992.961015,0.6764,0.6639,0.6858,0.6087,1.0,11198,3802
363,889.2972,250.0,889.2972,239.8813,1021.284199,0.6824,0.6848,0.6791,0.5925,1.0,11205,3795
364,855.9994,250.0,855.9994,242.2038,1012.235404,0.6773,0.6751,0.6783,0.6018,1.0,11247,3753
365,927.8889,249.5,927.8889,238.1338,979.346493,0.6891,0.6825,0.6973,0.6104,1.0,11271,3729
366,848.859,250.0,848.859,240.3997,1000.29686,0.6792,0.6633,0.6897,0.6001,1.0,11284,3716
367,924.97,250.0,924.97,238.2648,1054.205433,0.6869,0.6879,0.688,0.5866,1.0,11142,3858
368,970.4539,250.0,970.4539,236.7223,1024.284766,0.6993,0.6913,0.7065,0.5924,1.0,11235,3765
369,851.319,250.0,851.319,240.0758,1060.052424,0.6772,0.6737,0.6819,0.5715,1.0,11271,3729
370,858.2179,250.0,858.2179,240.7309,1013.705231,0.6782,0.6698,0.6815,0.5895,1.0,11328,3672
371,963.9038,250.0,963.9038,236.8226,1038.889495,0.6972,0.6884,0.7022,0.5925,1.0,11150,3850
372,965.1394,250.0,965.1394,237.693,992.078217,0.6956,0.6992,0.6934,0.6037,1.0,11251,3749
373,827.7603,250.0,827.7603,243.1673,1017.947938,0.6766,0.6738,0.6764,0.5909,1.0,11307,3693
374,851.3537,250.0,851.3537,242.0238,1011.035678,0.6778,0.6715,0.6826,0.6039,1.0,11257,3743
375,873.0704,250.0,873.0704,240.2872,1010.682613,0.6819,0.6691,0.6882,0.5938,1.0,11264,3736
376,893.8947,250.0,893.8947,239.066,1054.527503,0.6838,0.6781,0.69,0.5768,1.0,11254,3746
377,953.4427,250.0,953.4427,236.4506,1059.631926,0.6913,0.6857,0.694,0.5646,1.0,11328,3672
378,965.008,250.0,965.008,235.8756,1100.630428,0.6949,0.6931,0.698,0.5584,1.0,11248,3752
379,877.4579,250.0,877.4579,239.1611,1105.685936,0.6804,0.6729,0.6843,0.5526,1.0,11286,3714
380,859.9254,250.0,859.9254,239.2468,1089.192761,0.6784,0.6694,0.6833,0.5538,1.0,11188,3812
381,955.0805,250.0,955.0805,235.6047,1107.289288,0.6945,0.6844,0.6991,0.553,1.0,11201,3799
382,1004.0499,250.0,1004.0499,233.9596,1120.930591,0.6988,0.7036,0.694,0.5475,1.0,11179,3821
383,1003.4147,250.0,1003.4147,234.9642,1078.870418,0.7018,0.6945,0.7042,0.5527,1.0,11315,3685
384,929.345,250.0,929.345,235.9598,1120.075343,0.6894,0.6753,0.698,0.5503,1.0,11131,3869
385,974.7844,250.0,974.7844,235.9229,1104.04535,0.6953,0.6946,0.6955,0.5586,1.0,11224,3776
386,985.6038,250.0,985.6038,236.1496,1052.119458,0.6999,0.7016,0.6974,0.5737,1.0,11175,3825
387,957.8183,250.0,957.8183,236.3309,1052.405051,0.6943,0.692,0.6951,0.5808,1.0,11155,3845
388,976.0292,250.0,976.0292,236.4491,1042.865279,0.6966,0.698,0.6951,0.5719,1.0,11332,3668
389,946.124,250.0,946.124,237.753,1047.996404,0.6912,0.6916,0.6895,0.5782,1.0,11250,3750
390,931.4627,250.0,931.4627,238.2198,1058.900552,0.6878,0.6878,0.6869,0.5733,1.0,11261,3739
391,913.0065,250.0,913.0065,237.9376,1077.631815,0.6885,0.6768,0.6961,0.5599,1.0,11274,3726
392,979.9707,250.0,979.9707,235.5413,1079.691587,0.699,0.6893,0.7064,0.559,1.0,11276,3724
393,949.2565,250.0,949.2565,236.2727,1073.753384,0.6946,0.6826,0.702,0.5636,1.0,11240,3760
394,902.3621,250.0,902.3621,238.5391,1067.489074,0.682,0.685,0.682,0.5674,1.0,11283,3717
395,896.3644,250.0,896.3644,239.2549,1063.828797,0.6843,0.679,0.686,0.566,1.0,11333,3667
396,851.4185,250.0,851.4185,240.3552,1067.475356,0.6758,0.6743,0.6769,0.5634,1.0,11340,3660
397,952.0469,250.0,952.0469,236.4767,1067.823758,0.6922,0.6877,0.6922,0.5707,1.0,11149,3851
398,955.2085,250.0,955.2085,236.7084,1075.220683,0.6928,0.6957,0.6912,0.5665,1.0,11210,3790
399,911.2063,250.0,911.2063,238.2187,1060.081044,0.6858,0.6785,0.687,0.5716,1.0,11293,3707
400,855.0781,249.5,855.0781,241.3269,1054.223332,0.6802,0.6674,0.6891,0.578,1.0,11206,3794
401,877.9644,250.0,877.9644,240.6831,1023.552576,0.6801,0.688,0.675,0.5904,1.0,11287,3713
402,892.5366,250.0,892.5366,239.2192,1015.352317,0.6857,0.6717,0.6951,0.5967,1.0,11182,3818
403,893.8596,250.0,893.8596,238.5554,1055.016257,0.6829,0.6711,0.6895,0.5832,1.0,11166,3834
404,953.7125,250.0,953.7125,237.6918,1023.059147,0.6929,0.692,0.6917,0.5943,1.0,11241,3759
405,918.7668,250.0,918.7668,238.1384,1030.185724,0.6895,0.6733,0.697,0.5839,1.0,11305,3695
406,906.453,250.0,906.453,238.9023,1018.410398,0.6843,0.6869,0.6834,0.5846,1.0,11288,3712
407,937.0568,250.0,937.0568,237.679,1028.954068,0.6927,0.6798,0.6982,0.594,1.0,11226,3774
408,882.3223,249.5,882.3223,241.2465,1001.983521,0.6848,0.6813,0.6857,0.5961,1.0,11246,3754
409,832.9182,250.0,832.9182,243.3636,962.945972,0.6755,0.6666,0.6798,0.6189,1.0,11322,3678
410,753.361,250.0,753.361,245.8615,978.158255,0.6624,0.6528,0.6674,0.6207,1.0,11267,3733
411,764.1333,250.0,764.1333,245.6576,963.243152,0.665,0.6507,0.6724,0.6282,1.0,11279,3721
412,849.6457,250.0,849.6457,242.3677,942.793185,0.6786,0.6782,0.6804,0.6354,1.0,11199,3801
413,748.8567,250.0,748.8567,246.524,961.862439,0.6616,0.6525,0.6656,0.6306,1.0,11258,3742
414,803.9434,250.0,803.9434,244.7114,951.673119,0.6708,0.6684,0.6719,0.6301,1.0,11242,3758
415,799.3035,250.0,799.3035,244.1856,925.923945,0.6716,0.6591,0.6791,0.6423,1.0,11257,3743
416,849.5321,250.0,849.5321,242.8582,921.978912,0.6773,0.6774,0.68,0.6394,1.0,11297,3703
417,793.2059,250.0,793.2059,245.0918,927.382759,0.6682,0.6733,0.6638,0.639,1.0,11318,3682
418,869.7578,250.0,869.7578,242.4111,937.554675,0.682,0.6723,0.6887,0.6423,1.0,11166,3834
419,806.7438,250.0,806.7438,244.7543,916.576948,0.671,0.6594,0.6778,0.6557,1.0,11229,3771
420,802.3572,250.0,802.3572,244.9928,942.475838,0.6714,0.6644,0.676,0.6409,1.0,11207,3793
421,852.0299,250.0,852.0299,242.7505,934.588246,0.6788,0.6725,0.684,0.6372,1.0,11267,3733
422,823.1518,250.0,823.1518,244.2988,925.886366,0.672,0.6805,0.6693,0.6419,1.0,11260,3740
423,759.9793,250.0,759.9793,245.6179,949.921117,0.6618,0.6555,0.6669,0.6344,1.0,11261,3739
424,854.7245,250.0,854.7245,242.7502,956.508102,0.677,0.6749,0.6788,0.6227,1.0,11312,3688
425,860.0781,250.0,860.0781,242.5426,959.028381,0.6797,0.6819,0.682,0.6352,1.0,11182,3818
426,841.5918,250.0,841.5918,242.8622,941.822936,0.6777,0.6705,0.6809,0.6287,1.0,11380,3620
427,886.4588,250.0,886.4588,240.0518,1001.650695,0.6845,0.6756,0.6919,0.5936,1.0,11297,3703
428,771.8793,250.0,771.8793,243.2786,1043.740107,0.6647,0.6586,0.6687,0.583,1.0,11227,3773
429,855.1047,250.0,855.1047,241.653,1013.246335,0.6768,0.6774,0.6782,0.5906,1.0,11374,3626
430,958.7928,249.5,958.7928,236.4273,1059.833587,0.6943,0.6902,0.6965,0.5752,1.0,11178,3822
431,932.9728,250.0,932.9728,236.8255,1066.421124,0.6933,0.6807,0.7038,0.5734,1.0,11185,3815
432,896.3232,250.0,896.3232,238.1913,1046.434699,0.6844,0.6693,0.6918,0.5765,1.0,11237,3763
433,853.3825,250.0,853.3825,240.9181,1045.637437,0.6769,0.669,0.6804,0.582,1.0,11305,3695
434,886.984,250.0,886.984,240.6149,1026.24051,0.6831,0.6903,0.6804,0.5937,1.0,11240,3760
435,882.1069,250.0,882.1069,240.2263,1084.380603,0.6798,0.6798,0.6781,0.5681,1.0,11213,3787
436,920.5633,250.0,920.5633,238.5233,1002.415692,0.6874,0.6802,0.6901,0.5945,1.0,11325,3675
437,926.9532,250.0,926.9532,238.3149,1026.483438,0.691,0.6877,0.6903,0.598,1.0,11159,3841
438,899.9255,250.0,899.9255,240.1659,998.323005,0.6852,0.6831,0.6852,0.6018,1.0,11243,3757
439,898.607,250.0,898.607,239.342,1045.864361,0.6847,0.6813,0.6852,0.5875,1.0,11155,3845
440,929.116,250.0,929.116,237.5681,1042.633496,0.6912,0.6861,0.6962,0.5727,1.0,11257,3743
441,926.6721,250.0,926.6721,238.5481,1037.55171,0.6916,0.6813,0.6981,0.5808,1.0,11261,3739
442,923.5946,250.0,923.5946,237.9786,1075.804051,0.6888,0.6802,0.6939,0.5735,1.0,11215,3785
443,929.8471,249.5,929.8471,237.2291,1098.787186,0.6887,0.6844,0.6914,0.5542,1.0,11260,3740
444,968.0286,250.0,968.0286,236.3857,1111.50347,0.6977,0.6968,0.7002,0.5505,1.0,11263,3737
445,945.6091,250.0,945.6091,236.4167,1109.208805,0.6916,0.6844,0.6936,0.555,1.0,11231,3769
446,1010.2968,250.0,1010.2968,234.5273,1088.622136,0.7034,0.7029,0.7057,0.5569,1.0,11248,3752
447,955.5923,250.0,955.5923,236.1377,1081.307751,0.6943,0.6819,0.7007,0.5584,1.0,11241,3759
448,931.668,250.0,931.668,237.0259,1082.742421,0.6918,0.681,0.698,0.5665,1.0,11221,3779
449,892.2629,250.0,892.2629,239.3518,1076.545757,0.6839,0.6784,0.6884,0.5732,1.0,11234,3766
450,953.7734,250.0,953.7734,236.5559,1047.077331,0.6933,0.6922,0.6959,0.5808,1.0,11187,3813
451,935.3843,250.0,935.3843,238.0897,1083.71026,0.6903,0.6935,0.6899,0.5659,1.0,11256,3744
452,910.2355,250.0,910.2355,238.0387,1097.491185,0.6879,0.6798,0.6935,0.5605,1.0,11133,3867
453,884.2457,250.0,884.2457,238.9121,1057.298143,0.6805,0.6823,0.6773,0.5676,1.0,11283,3717
454,881.7262,250.0,881.7262,239.4274,1086.063426,0.682,0.6714,0.6887,0.565,1.0,11237,3763
455,900.6801,250.0,900.6801,238.2811,1069.819036,0.6882,0.6657,0.6995,0.5604,1.0,11294,3706
456,927.228,250.0,927.228,238.0829,1036.276497,0.691,0.686,0.696,0.5766,1.0,11302,3698
457,883.7998,250.0,883.7998,239.6253,1038.502613,0.6798,0.6785,0.6829,0.5836,1.0,11239,3761
458,870.264,250.0,870.264,240.1825,1065.775237,0.6806,0.6703,0.6843,0.5812,1.0,11205,3795
459,962.6091,250.0,962.6091,237.0811,1007.277489,0.6972,0.6906,0.6989,0.6003,1.0,11150,3850
460,871.0953,250.0,871.0953,240.2375,1005.239061,0.6792,0.6751,0.6834,0.5934,1.0,11325,3675
461,918.5706,250.0,918.5706,238.9993,1026.391241,0.6886,0.6917,0.6872,0.5887,1.0,11302,3698
462,895.3209,250.0,895.3209,239.5914,1017.505221,0.6853,0.6743,0.6909,0.5996,1.0,11176,3824
463,873.4864,250.0,873.4864,240.8824,1019.371938,0.6802,0.681,0.6812,0.5974,1.0,11186,3814
464,902.2396,250.0,902.2396,240.4295,983.904184,0.6864,0.6835,0.6888,0.6055,1.0,11266,3734
465,858.6413,250.0,858.6413,241.9342,990.791381,0.6799,0.6718,0.6862,0.6035,1.0,11295,3705
466,909.8601,249.5,909.8601,240.0145,963.549256,0.6882,0.6789,0.6945,0.6233,1.0,11257,3743
467,828.1785,250.0,828.1785,242.5776,1003.930321,0.6719,0.6789,0.6655,0.6034,1.0,11215,3785
468,864.7165,250.0,864.7165,241.7663,958.96161,0.6828,0.6741,0.6914,0.618,1.0,11280,3720
469,759.5977,250.0,759.5977,245.0053,986.826859,0.6626,0.6591,0.6637,0.6176,1.0,11206,3794
470,810.1449,250.0,810.1449,243.2859,933.445656,0.6723,0.6598,0.6794,0.6375,1.0,11307,3693
471,873.5608,250.0,873.5608,240.6321,956.738815,0.682,0.6715,0.6881,0.6265,1.0,11212,3788
472,880.7209,250.0,880.7209,241.2632,984.268039,0.6847,0.6757,0.6924,0.6147,1.0,11228,3772
473,793.3709,250.0,793.3709,244.4471,985.394864,0.6691,0.6657,0.6718,0.6075,1.0,11288,3712
474,914.9618,250.0,914.9618,239.5283,1001.668097,0.6879,0.6843,0.6925,0.6014,1.0,11243,3757
475,865.3031,250.0,865.3031,241.7928,1002.340507,0.6814,0.6761,0.6871,0.6044,1.0,11187,3813
476,861.0518,249.5,861.0518,240.8294,1032.464794,0.6802,0.6787,0.6843,0.5902,1.0,11268,3732
477,939.311,250.0,939.311,236.7485,1045.975434,0.691,0.6862,0.6944,0.5766,1.0,11247,3753
478,973.1377,250.0,973.1377,236.2721,1096.34062,0.6976,0.6954,0.6989,0.5572,1.0,11277,3723
479,906.4187,250.0,906.4187,238.3605,1129.030877,0.6839,0.6819,0.6847,0.5512,1.0,11250,3750
480,953.9975,250.0,953.9975,235.939,1111.73425,0.6925,0.686,0.6992,0.5419,1.0,11288,3712
481,911.3772,250.0,911.3772,237.6471,1150.374994,0.6868,0.6734,0.6936,0.5362,1.0,11233,3767
482,944.2139,249.5,944.2139,237.1808,1120.177499,0.6919,0.6868,0.6959,0.5465,1.0,11271,3729
483,961.7183,250.0,961.7183,236.6363,1114.652341,0.6944,0.6963,0.6924,0.5509,1.0,11316,3684
484,888.1943,250.0,888.1943,239.57,1085.528823,0.6845,0.6759,0.6909,0.5665,1.0,11230,3770
485,961.7731,249.5,961.7731,236.5697,1096.215236,0.695,0.6972,0.6984,0.5633,1.0,11267,3733
486,858.0787,250.0,858.0787,239.2262,1099.781596,0.6811,0.6615,0.6924,0.5504,1.0,11331,3669
487,1006.9024,250.0,1006.9024,235.482,1105.678106,0.7047,0.7041,0.7098,0.555,1.0,11291,3709
488,867.3376,249.5,867.3376,239.6675,1096.707167,0.6791,0.6776,0.6821,0.5569,1.0,11298,3702
489,929.4142,250.0,929.4142,238.034,1095.823312,0.6893,0.6856,0.6907,0.5541,1.0,11252,3748
490,976.4019,250.0,976.4019,236.206,1083.352536,0.6973,0.6969,0.6976,0.5603,1.0,11260,3740
491,931.6238,250.0,931.6238,237.0087,1088.117481,0.6892,0.677,0.6967,0.5662,1.0,11210,3790
492,945.9332,250.0,945.9332,236.3753,1086.082948,0.6911,0.6839,0.6955,0.5567,1.0,11274,3726
493,964.6231,250.0,964.6231,235.6529,1098.389378,0.6951,0.6931,0.6981,0.5496,1.0,11275,3725
494,899.9606,250.0,899.9606,237.7512,1062.286977,0.6851,0.6693,0.6925,0.5698,1.0,11165,3835
495,845.9999,249.5,845.9999,241.8852,1034.154163,0.6773,0.6748,0.6799,0.5839,1.0,11283,3717
496,830.9094,250.0,830.9094,241.4483,1020.550074,0.6741,0.6612,0.6793,0.5934,1.0,11212,3788
497,863.1767,250.0,863.1767,242.3763,1016.617524,0.6826,0.6733,0.6927,0.603,1.0,11140,3860
498,892.5316,250.0,892.5316,239.0749,1032.356217,0.6864,0.674,0.6937,0.5906,1.0,11196,3804
499,908.0049,250.0,908.0049,238.9012,1041.635561,0.6866,0.6841,0.6887,0.5855,1.0,11231,3769
500,865.8966,250.0,865.8966,239.7734,1029.982772,0.6795,0.6677,0.6874,0.5873,1.0,11206,3794
501,875.6976,250.0,875.6976,240.7648,1023.407889,0.6837,0.677,0.6865,0.5875,1.0,11372,3628
502,933.7007,250.0,933.7007,238.2407,1037.161774,0.6912,0.6891,0.6926,0.5869,1.0,11232,3768
503,836.5829,250.0,836.5829,241.4753,1027.63494,0.6751,0.6695,0.68,0.5946,1.0,11286,3714
504,920.4931,250.0,920.4931,237.5618,1020.698759,0.6899,0.6847,0.694,0.59,1.0,11198,3802
505,916.2933,250.0,916.2933,239.1595,1016.520754,0.6879,0.6864,0.6899,0.5951,1.0,11215,3785
506,894.7962,250.0,894.7962,240.6182,1009.847279,0.687,0.6786,0.6898,0.5981,1.0,11282,3718
507,842.9831,250.0,842.9831,241.2303,962.241301,0.6776,0.6617,0.6865,0.6141,1.0,11220,3780
508,864.3171,250.0,864.3171,241.9358,987.458522,0.6805,0.6785,0.6774,0.6135,1.0,11179,3821
509,901.0626,249.5,901.0626,239.6075,991.921595,0.69,0.677,0.6998,0.6041,1.0,11262,3738
510,941.2851,250.0,941.2851,238.1855,981.803305,0.6942,0.6851,0.6999,0.6076,1.0,11279,3721
511,972.2418,250.0,972.2418,236.4367,1001.017726,0.6968,0.6923,0.7016,0.5984,1.0,11265,3735
512,923.7674,250.0,923.7674,237.8795,996.51342,0.6913,0.68,0.6985,0.5998,1.0,11261,3739
513,845.6425,249.5,845.6425,241.3742,1003.747937,0.68,0.6624,0.6895,0.5935,1.0,11312,3688
514,961.8374,249.5,961.8374,238.1759,993.438478,0.6981,0.6912,0.7006,0.6015,1.0,11361,3639
515,960.2359,250.0,960.2359,237.2708,1007.252613,0.6961,0.6926,0.699,0.6019,1.0,11238,3762
516,899.8453,250.0,899.8453,239.7696,1030.432634,0.6847,0.682,0.6835,0.5977,1.0,11191,3809
517,876.6472,250.0,876.6472,240.271,1040.403166,0.6815,0.6728,0.6862,0.5847,1.0,11218,3782
518,912.0033,250.0,912.0033,239.0484,1028.003544,0.6869,0.6869,0.6893,0.5854,1.0,11187,3813
519,834.5293,250.0,834.5293,241.4982,1024.57647,0.674,0.6673,0.6786,0.5898,1.0,11305,3695
520,970.7808,250.0,970.7808,236.4217,1014.71956,0.6962,0.6958,0.6995,0.593,1.0,11268,3732
521,875.1437,250.0,875.1437,240.784,984.74088,0.6792,0.6745,0.6823,0.6086,1.0,11325,3675
522,959.4388,250.0,959.4388,238.2052,1018.946295,0.6962,0.6922,0.7007,0.5934,1.0,11227,3773
523,898.2851,250.0,898.2851,239.9608,1016.367332,0.6846,0.6854,0.6862,0.6046,1.0,11202,3798
524,841.149,250.0,841.149,242.5632,977.479627,0.6746,0.6735,0.6746,0.6229,1.0,11185,3815
525,824.3665,250.0,824.3665,242.4784,969.163266,0.6741,0.6641,0.6819,0.6152,1.0,11229,3771
526,932.3618,250.0,932.3618,238.5005,979.042227,0.691,0.6779,0.6991,0.6132,1.0,11176,3824
527,912.9887,250.0,912.9887,239.6643,993.590761,0.6905,0.6796,0.6993,0.6127,1.0,11209,3791
528,895.5561,250.0,895.5561,240.5596,1001.574455,0.6877,0.6834,0.6929,0.6031,1.0,11232,3768
529,795.1255,249.5,795.1255,243.391,1015.659502,0.668,0.6549,0.6763,0.5961,1.0,11300,3700
530,931.1091,249.5,931.1091,238.567,1037.485341,0.6916,0.6902,0.6937,0.5867,1.0,11322,3678
531,926.0693,250.0,926.0693,238.3637,1017.212086,0.6906,0.6842,0.6964,0.5875,1.0,11271,3729
532,923.7298,250.0,923.7298,238.1279,994.268237,0.6887,0.68,0.6936,0.5951,1.0,11381,3619
533,889.6904,250.0,889.6904,239.1864,1025.577595,0.6836,0.6812,0.688,0.5821,1.0,11279,3721
534,947.5139,249.5,947.5139,237.0522,1042.106479,0.6935,0.688,0.6976,0.5898,1.0,11126,3874
535,983.5328,250.0,983.5328,235.1843,1037.64024,0.7004,0.6909,0.7089,0.5817,1.0,11206,3794
536,951.172,250.0,951.172,236.9373,1081.221341,0.6923,0.6866,0.6966,0.5692,1.0,11246,3754
537,927.4489,250.0,927.4489,238.2568,1049.931989,0.6888,0.686,0.6899,0.5757,1.0,11319,3681
538,831.064,250.0,831.064,240.556,1086.796746,0.6744,0.6635,0.6814,0.564,1.0,11224,3776
539,874.438,250.0,874.438,238.3314,1061.255679,0.6795,0.6702,0.6862,0.5741,1.0,11246,3754
540,834.1768,250.0,834.1768,240.3908,1061.137965,0.6732,0.6664,0.6788,0.5748,1.0,11164,3836
541,908.8386,250.0,908.8386,238.3937,1062.571995,0.6856,0.6806,0.6874,0.5701,1.0,11325,3675
542,932.5746,250.0,932.5746,237.8708,991.774923,0.6925,0.6721,0.7056,0.6055,1.0,11328,3672
543,843.1259,250.0,843.1259,240.7766,1012.004476,0.6751,0.6724,0.676,0.5975,1.0,11251,3749
544,954.3893,250.0,954.3893,237.9752,1007.252172,0.696,0.6954,0.6984,0.5964,1.0,11217,3783
545,978.7554,250.0,978.7554,236.5212,1042.744457,0.7008,0.6902,0.7089,0.5844,1.0,11255,3745
546,978.0558,250.0,978.0558,236.4234,1040.847922,0.7003,0.6894,0.7067,0.589,1.0,11152,3848
547,894.4872,250.0,894.4872,239.2811,1009.751342,0.688,0.6723,0.6966,0.6025,1.0,11157,3843
548,909.0971,250.0,909.0971,238.9922,1024.656187,0.6893,0.6827,0.6974,0.5931,1.0,11247,3753
549,966.4244,250.0,966.4244,235.8736,1077.404735,0.6946,0.6878,0.6996,0.5619,1.0,11205,3795
550,1001.5273,250.0,1001.5273,235.5443,1079.907538,0.7012,0.7024,0.7003,0.5619,1.0,11350,3650
551,902.9994,250.0,902.9994,238.5832,1064.308459,0.6853,0.6785,0.6889,0.5683,1.0,11276,3724
552,949.9949,250.0,949.9949,236.8637,1091.347678,0.6934,0.6879,0.6971,0.5565,1.0,11276,3724
553,971.777,250.0,971.777,236.3413,1081.77271,0.6958,0.6962,0.6945,0.5585,1.0,11205,3795
554,933.3968,250.0,933.3968,237.2035,1058.575123,0.6871,0.6865,0.6869,0.5688,1.0,11228,3772
555,934.6241,249.5,934.6241,237.2426,1062.607926,0.6901,0.6832,0.6935,0.5769,1.0,11217,3783
556,977.9175,250.0,977.9175,235.6349,1081.190614,0.6982,0.6878,0.7031,0.5678,1.0,11226,3774
557,906.3395,249.5,906.3395,238.1184,1072.023813,0.685,0.68,0.6883,0.5608,1.0,11306,3694
558,969.4259,250.0,969.4259,236.0456,1071.508174,0.6985,0.6886,0.7017,0.5608,1.0,11267,3733
559,993.7028,250.0,993.7028,234.3501,1065.686381,0.6999,0.6954,0.7002,0.567,1.0,11203,3797
560,999.1697,250.0,999.1697,234.543,1057.136432,0.701,0.7053,0.7014,0.567,1.0,11294,3706
561,941.063,250.0,941.063,236.393,1068.499482,0.6946,0.6759,0.7076,0.5693,1.0,11168,3832
562,914.4066,250.0,914.4066,238.5986,1031.447885,0.6878,0.6773,0.6936,0.5874,1.0,11233,3767
563,926.811,250.0,926.811,238.6062,1001.410937,0.6916,0.6885,0.693,0.5947,1.0,11339,3661
564,915.896,250.0,915.896,238.5261,1007.567094,0.6866,0.6799,0.6907,0.5927,1.0,11303,3697
565,967.3347,250.0,967.3347,235.9985,1037.314104,0.6967,0.6839,0.7034,0.5879,1.0,11262,3738
566,910.4697,249.5,910.4697,239.3561,1029.33888,0.6886,0.6886,0.6901,0.5836,1.0,11284,3716
567,971.4331,250.0,971.4331,236.435,1032.751551,0.6992,0.6864,0.7081,0.585,1.0,11220,3780
568,869.8051,250.0,869.8051,240.8435,1037.938654,0.6787,0.6761,0.6818,0.5806,1.0,11302,3698
569,834.9358,250.0,834.9358,241.3632,1027.204814,0.6732,0.6683,0.6748,0.5825,1.0,11332,3668
570,944.763,250.0,944.763,237.1429,1022.118748,0.6939,0.6881,0.6981,0.5868,1.0,11217,3783
571,896.0205,250.0,896.0205,238.3061,1035.415185,0.6829,0.6753,0.6903,0.5832,1.0,11267,3733
572,901.7991,249.5,901.7991,238.3321,1000.786466,0.6868,0.674,0.6929,0.5986,1.0,11196,3804
573,923.6413,250.0,923.6413,238.9914,1009.739966,0.6906,0.6892,0.6925,0.5959,1.0,11217,3783
574,895.8653,250.0,895.8653,239.6909,986.792641,0.6863,0.6813,0.6902,0.6146,1.0,11191,3809
575,918.2561,250.0,918.2561,239.7481,963.165274,0.6904,0.6851,0.694,0.6218,1.0,11229,3771
576,898.465,250.0,898.465,240.6439,980.37209,0.6881,0.6764,0.6939,0.6135,1.0,11261,3739
577,905.9747,250.0,905.9747,239.3269,990.065917,0.6877,0.6897,0.6885,0.6,1.0,11251,3749
578,870.4804,250.0,870.4804,240.0477,1009.732041,0.6836,0.6649,0.6936,0.5995,1.0,11258,3742
579,940.481,250.0,940.481,236.9377,1054.273955,0.6907,0.6814,0.6959,0.5799,1.0,11179,3821
580,907.7191,250.0,907.7191,238.9875,1079.208925,0.6861,0.681,0.6888,0.5616,1.0,11252,3748
581,952.1352,250.0,952.1352,236.8612,1056.876271,0.6941,0.6898,0.6973,0.5685,1.0,11304,3696
582,983.8491,250.0,983.8491,236.234,1063.9234,0.701,0.6996,0.7036,0.5673,1.0,11219,3781
583,936.8643,250.0,936.8643,237.1979,1083.451852,0.6947,0.6855,0.6988,0.5696,1.0,11209,3791
584,900.3136,250.0,900.3136,238.1646,1074.022298,0.6873,0.6733,0.6961,0.5678,1.0,11192,3808
585,956.384,250.0,956.384,236.7006,1090.895838,0.694,0.6945,0.6923,0.5592,1.0,11267,3733
586,890.1195,250.0,890.1195,238.0947,1106.464702,0.6793,0.6825,0.6784,0.5568,1.0,11216,3784
587,967.0391,250.0,967.0391,236.3413,1088.657011,0.6935,0.6933,0.6919,0.5633,1.0,11234,3766
588,1020.0297,250.0,1020.0297,234.2865,1092.870364,0.7071,0.6974,0.7115,0.5624,1.0,11274,3726
589,973.3575,250.0,973.3575,236.5005,1077.196887,0.6978,0.6949,0.6992,0.5612,1.0,11227,3773
590,921.4854,250.0,921.4854,236.9234,1085.971424,0.6886,0.6857,0.6902,0.5577,1.0,11243,3757
591,1025.5063,250.0,1025.5063,233.7659,1080.121928,0.7049,0.7011,0.7058,0.5646,1.0,11209,3791
592,988.0319,250.0,988.0319,235.3578,1078.258447,0.6988,0.7021,0.6965,0.5587,1.0,11261,3739
593,989.2764,250.0,989.2764,235.3051,1038.716082,0.7014,0.6985,0.7039,0.581,1.0,11204,3796
594,982.2469,250.0,982.2469,236.2508,1028.807062,0.7002,0.6949,0.7033,0.5859,1.0,11281,3719
595,973.3205,250.0,973.3205,237.5273,1063.589553,0.6989,0.6994,0.6977,0.5762,1.0,11204,3796
596,985.7038,250.0,985.7038,236.701,1038.271974,0.6995,0.7,0.7012,0.5807,1.0,11290,3710
597,938.7093,250.0,938.7093,237.3201,1042.480532,0.6948,0.6815,0.7039,0.5751,1.0,11288,3712
598,872.175,250.0,872.175,239.8984,1067.565509,0.6816,0.669,0.6878,0.5677,1.0,11256,3744
599,952.221,250.0,952.221,237.0982,1070.653755,0.6924,0.6867,0.6983,0.5701,1.0,11308,3692
600,979.3622,250.0,979.3622,236.5644,1041.813319,0.7001,0.698,0.7024,0.5719,1.0,11242,3758
601,972.2306,250.0,972.2306,237.4357,1052.556129,0.6972,0.7034,0.6958,0.578,1.0,11191,3809
602,907.0683,249.5,907.0683,240.2153,1022.44066,0.684,0.6878,0.679,0.5898,1.0,11304,3696
603,943.9354,250.0,943.9354,238.7713,1008.195252,0.6932,0.6956,0.6917,0.6004,1.0,11289,3711
604,973.0987,250.0,973.0987,237.4827,991.134404,0.6942,0.7076,0.6864,0.5992,1.0,11321,3679
605,859.6727,250.0,859.6727,241.9478,985.063987,0.6782,0.6751,0.6795,0.6029,1.0,11363,3637
606,927.4716,250.0,927.4716,239.0283,984.424371,0.6893,0.69,0.6861,0.6167,1.0,11199,3801
607,894.0325,250.0,894.0325,240.2739,1042.389288,0.6844,0.6846,0.6829,0.5857,1.0,11317,3683
608,876.7156,250.0,876.7156,240.17,1048.16471,0.6802,0.6722,0.6831,0.5814,1.0,11301,3699
609,816.8206,250.0,816.8206,241.5076,1069.329748,0.6705,0.6641,0.676,0.5784,1.0,11316,3684
610,967.2859,250.0,967.2859,236.9206,1011.752114,0.6963,0.6939,0.6975,0.5925,1.0,11328,3672
611,895.9251,249.5,895.9251,239.5168,1057.981701,0.6866,0.6774,0.6921,0.5803,1.0,11228,3772
612,976.8156,250.0,976.8156,237.5349,1057.253237,0.7009,0.6969,0.7047,0.5834,1.0,11237,3763
613,870.5107,250.0,870.5107,240.3385,1039.738085,0.6797,0.6772,0.6807,0.5879,1.0,11258,3742
614,897.0802,250.0,897.0802,240.5889,1004.622886,0.6864,0.6764,0.693,0.5983,1.0,11251,3749
615,896.9312,250.0,896.9312,239.269,1063.360589,0.6845,0.6744,0.6932,0.5759,1.0,11269,3731
616,939.3977,250.0,939.3977,238.458,1024.490793,0.6932,0.6884,0.6977,0.5922,1.0,11299,3701
617,913.647,250.0,913.647,238.918,994.468125,0.6849,0.6827,0.686,0.6011,1.0,11309,3691
618,966.9266,250.0,966.9266,237.0149,1035.718755,0.6982,0.6961,0.6993,0.5907,1.0,11180,3820
619,911.3341,250.0,911.3341,239.5621,1034.595591,0.6872,0.6855,0.6861,0.5844,1.0,11186,3814
620,852.7437,250.0,852.7437,241.3164,1033.688425,0.6769,0.6754,0.678,0.5817,1.0,11277,3723
621,919.4967,249.5,919.4967,237.926,1034.385866,0.6885,0.6795,0.6937,0.5911,1.0,11223,3777
622,943.2789,250.0,943.2789,237.5363,1057.979264,0.6931,0.6891,0.6999,0.5764,1.0,11232,3768
623,970.9848,250.0,970.9848,236.5989,1074.900089,0.6968,0.7002,0.6948,0.5665,1.0,11235,3765
624,942.6505,250.0,942.6505,238.4789,1046.975013,0.6899,0.697,0.6842,0.5728,1.0,11329,3671
625,1002.734,250.0,1002.734,234.7936,1048.337598,0.7003,0.697,0.7029,0.5808,1.0,11175,3825
626,975.7719,250.0,975.7719,236.2851,1012.551873,0.6987,0.6979,0.6999,0.595,1.0,11195,3805
627,849.7667,249.5,849.7667,242.3716,1005.072033,0.6778,0.6809,0.6792,0.5931,1.0,11386,3614
628,906.9851,250.0,906.9851,239.9706,1007.333575,0.6871,0.6855,0.6875,0.5972,1.0,11227,3773
629,879.708,250.0,879.708,240.5979,985.451852,0.6824,0.6838,0.6827,0.6152,1.0,11209,3791
630,863.695,250.0,863.695,241.6518,1006.61939,0.677,0.6839,0.6729,0.6066,1.0,11220,3780
631,915.2207,250.0,915.2207,240.0686,1000.401726,0.6881,0.6872,0.6899,0.6035,1.0,11248,3752
632,958.6244,249.5,958.6244,236.9357,979.99501,0.6949,0.6833,0.7012,0.6044,1.0,11300,3700
633,881.6637,250.0,881.6637,240.6769,1006.090659,0.6853,0.6731,0.6927,0.6054,1.0,11227,3773
634,931.454,250.0,931.454,238.5538,1055.177069,0.6908,0.6891,0.6933,0.5812,1.0,11266,3734
635,916.2707,250.0,916.2707,238.4645,1032.474609,0.6907,0.6822,0.6982,0.5811,1.0,11299,3701
636,932.6271,250.0,932.6271,237.8196,1035.068505,0.6901,0.6846,0.6936,0.587,1.0,11253,3747
637,821.9067,250.0,821.9067,241.9872,995.2345,0.6721,0.661,0.6799,0.6044,1.0,11248,3752
638,918.7397,250.0,918.7397,239.4168,1053.692747,0.6892,0.6883,0.6904,0.5833,1.0,11213,3787
639,917.2663,250.0,917.2663,238.2685,1041.602751,0.6869,0.6871,0.6865,0.5899,1.0,11183,3817
640,910.4028,250.0,910.4028,238.955,1040.679282,0.6879,0.6852,0.6939,0.583,1.0,11264,3736
641,904.1333,250.0,904.1333,238.5012,1059.098231,0.6862,0.6785,0.6911,0.5638,1.0,11348,3652
642,912.3124,250.0,912.3124,238.2904,1065.551045,0.686,0.6843,0.6869,0.5661,1.0,11291,3709
643,985.8506,250.0,985.8506,235.6772,1061.372663,0.6983,0.7012,0.6974,0.5659,1.0,11272,3728
644,990.5295,249.5,990.5295,235.9243,1058.575141,0.6976,0.705,0.6941,0.5723,1.0,11277,3723
645,971.2281,250.0,971.2281,235.7747,1098.575835,0.6962,0.6894,0.6977,0.5577,1.0,11270,3730
646,959.4149,250.0,959.4149,237.0696,1081.688756,0.6961,0.6923,0.7,0.5665,1.0,11278,3722
647,950.1412,250.0,950.1412,236.8062,1061.86722,0.6929,0.6842,0.6973,0.5751,1.0,11203,3797
648,949.0773,250.0,949.0773,236.8381,1053.810696,0.6939,0.685,0.6979,0.563,1.0,11353,3647
649,955.1365,250.0,955.1365,236.1051,1101.120165,0.6901,0.6938,0.6894,0.5552,1.0,11327,3673
650,960.5099,250.0,960.5099,236.4559,1100.117379,0.6949,0.6833,0.7023,0.5518,1.0,11265,3735
651,819.1476,250.0,819.1476,240.6851,1143.798056,0.6697,0.6631,0.6751,0.5351,1.0,11329,3671
652,985.1645,250.0,985.1645,234.6898,1137.220261,0.6983,0.699,0.698,0.5436,1.0,11225,3775
653,918.3326,250.0,918.3326,236.8061,1120.919508,0.6863,0.6774,0.6916,0.5414,1.0,11206,3794
654,958.0451,250.0,958.0451,235.5587,1116.619941,0.6947,0.6869,0.7013,0.5416,1.0,11170,3830
655,986.6844,250.0,986.6844,235.9081,1130.683307,0.6985,0.7037,0.6958,0.5459,1.0,11264,3736
656,1016.7595,250.0,1016.7595,233.5207,1116.468439,0.7026,0.6969,0.7042,0.5434,1.0,11267,3733
657,954.2632,250.0,954.2632,236.3472,1129.698428,0.6924,0.6914,0.6934,0.5411,1.0,11290,3710
658,966.4686,250.0,966.4686,234.6687,1145.471565,0.6952,0.6878,0.6987,0.5332,1.0,11240,3760
659,975.5786,250.0,975.5786,235.3441,1102.154373,0.6982,0.6957,0.7009,0.5492,1.0,11261,3739
660,879.6024,250.0,879.6024,238.7939,1131.279711,0.6787,0.6833,0.6768,0.5391,1.0,11302,3698
661,886.3064,250.0,886.3064,238.0978,1123.129331,0.6814,0.6744,0.6849,0.5437,1.0,11191,3809
662,1023.8708,249.5,1023.8708,233.9969,1087.510629,0.7036,0.707,0.7026,0.5499,1.0,11332,3668
663,957.475,250.0,957.475,236.5494,1112.917954,0.6931,0.6891,0.6938,0.5401,1.0,11196,3804
664,951.5336,249.5,951.5336,236.0859,1096.329725,0.6914,0.6862,0.6928,0.5473,1.0,11342,3658
665,911.5661,250.0,911.5661,238.2366,1141.368256,0.6857,0.6789,0.6883,0.5408,1.0,11166,3834
666,937.4977,250.0,937.4977,238.0066,1099.565987,0.6907,0.6919,0.6875,0.5544,1.0,11222,3778
667,893.2416,250.0,893.2416,239.0923,1090.772939,0.6812,0.6808,0.6816,0.5691,1.0,11240,3760
668,1006.785,250.0,1006.785,234.688,1099.511858,0.7041,0.6973,0.7089,0.5622,1.0,11215,3785
669,976.7659,250.0,976.7659,236.6111,1059.619511,0.6983,0.7012,0.6962,0.5669,1.0,11267,3733
670,889.6724,250.0,889.6724,239.1899,1078.208006,0.6801,0.6781,0.6775,0.5695,1.0,11286,3714
671,849.8888,250.0,849.8888,240.8372,1103.635503,0.6742,0.6798,0.6717,0.5639,1.0,11245,3755
672,987.8849,250.0,987.8849,235.7347,1071.587861,0.6959,0.7051,0.6898,0.5661,1.0,11251,3749
673,938.2982,250.0,938.2982,237.5492,1084.553075,0.6906,0.6893,0.6931,0.5602,1.0,11254,3746
674,1007.7943,250.0,1007.7943,235.2858,1057.731336,0.7035,0.6985,0.7085,0.5718,1.0,11281,3719
675,1002.9272,250.0,1002.9272,234.8473,1077.859057,0.7015,0.6972,0.7034,0.5635,1.0,11254,3746
676,982.8363,250.0,982.8363,235.1757,1068.94277,0.6998,0.6926,0.7068,0.5633,1.0,11290,3710
677,1018.1453,250.0,1018.1453,235.4939,1074.505725,0.7066,0.7043,0.7107,0.5624,1.0,11258,3742
678,960.982,250.0,960.982,234.9048,1110.95029,0.6963,0.6839,0.7063,0.5455,1.0,11153,3847
679,938.4783,250.0,938.4783,236.6385,1107.017209,0.6913,0.6867,0.696,0.5534,1.0,11236,3764
680,946.4439,250.0,946.4439,236.2939,1088.509357,0.6927,0.6989,0.6918,0.5575,1.0,11225,3775
681,958.41,250.0,958.41,237.1303,1045.654697,0.6942,0.6944,0.6948,0.5794,1.0,11238,3762
682,944.0337,250.0,944.0337,237.5824,1068.366406,0.6954,0.6862,0.7024,0.568,1.0,11214,3786
683,929.2935,249.5,929.2935,237.4713,1087.270151,0.6872,0.6851,0.687,0.5621,1.0,11343,3657
684,935.0255,250.0,935.0255,236.8611,1117.353312,0.688,0.6893,0.6909,0.5432,1.0,11247,3753
685,993.4557,250.0,993.4557,235.0924,1065.779781,0.7002,0.6966,0.7032,0.5562,1.0,11290,3710
686,993.6242,250.0,993.6242,235.7025,1086.746653,0.6971,0.6997,0.6941,0.5579,1.0,11257,3743
687,987.1582,250.0,987.1582,235.8044,1096.318377,0.6987,0.7029,0.6951,0.5572,1.0,11259,3741
688,936.8119,250.0,936.8119,237.7128,1107.788969,0.6908,0.691,0.6914,0.5538,1.0,11254,3746
689,1002.0086,250.0,1002.0086,235.0681,1068.835299,0.7005,0.6986,0.7005,0.5688,1.0,11195,3805
690,924.5699,250.0,924.5699,238.3605,1044.085387,0.6913,0.6811,0.6972,0.5803,1.0,11291,3709
691,865.4562,250.0,865.4562,240.5247,1105.928842,0.6789,0.6794,0.682,0.5595,1.0,11312,3688
692,932.2414,250.0,932.2414,237.2725,1082.406262,0.685,0.6915,0.6815,0.5612,1.0,11288,3712
693,977.7499,250.0,977.7499,235.9722,1052.417406,0.699,0.6904,0.7028,0.5721,1.0,11277,3723
694,978.5485,250.0,978.5485,235.6022,1082.39331,0.6981,0.6961,0.6989,0.566,1.0,11194,3806
695,936.4597,250.0,936.4597,236.6162,1090.658545,0.69,0.684,0.6932,0.5559,1.0,11335,3665
696,990.3624,250.0,990.3624,235.4141,1081.23052,0.7015,0.6931,0.7064,0.5573,1.0,11300,3700
697,1018.2839,250.0,1018.2839,234.7031,1110.341817,0.7051,0.7107,0.7029,0.5603,1.0,11163,3837
698,895.6318,250.0,895.6318,238.7512,1044.249039,0.6868,0.6693,0.6957,0.5743,1.0,11270,3730
699,902.5232,250.0,902.5232,239.0537,1034.687828,0.6866,0.6815,0.6893,0.5792,1.0,11292,3708
700,925.6938,250.0,925.6938,238.0113,1059.161646,0.6928,0.6785,0.7031,0.5759,1.0,11201,3799
701,975.035,250.0,975.035,236.4417,1064.554388,0.6979,0.6923,0.7004,0.5763,1.0,11187,3813
702,909.6257,250.0,909.6257,238.9837,1044.76346,0.6882,0.6848,0.6912,0.5769,1.0,11241,3759
703,918.637,250.0,918.637,239.7393,1013.706157,0.6906,0.6839,0.6954,0.5953,1.0,11343,3657
704,945.5505,250.0,945.5505,238.0406,1011.778451,0.6933,0.6843,0.6999,0.6073,1.0,11224,3776
705,889.9393,250.0,889.9393,241.012,960.670077,0.686,0.6761,0.6911,0.6198,1.0,11276,3724
706,939.0615,250.0,939.0615,238.8279,989.999998,0.6941,0.6958,0.696,0.6058,1.0,11261,3739
707,861.7749,250.0,861.7749,241.1662,1014.839534,0.6787,0.6775,0.6816,0.6012,1.0,11245,3755
708,907.6878,250.0,907.6878,238.3521,1034.145589,0.6881,0.6757,0.6974,0.5891,1.0,11273,3727
709,951.2885,250.0,951.2885,236.8188,1074.385756,0.6944,0.6862,0.6998,0.5759,1.0,11154,3846
710,967.8773,249.5,967.8773,236.4389,1081.22915,0.6969,0.6908,0.7006,0.567,1.0,11222,3778
711,917.0586,250.0,917.0586,237.1451,1085.290606,0.6871,0.6829,0.691,0.5549,1.0,11316,3684
712,963.6144,250.0,963.6144,235.6163,1103.61847,0.6952,0.6903,0.7001,0.5526,1.0,11195,3805
713,1058.4814,250.0,1058.4814,232.3993,1083.610015,0.7122,0.7023,0.7195,0.5698,1.0,11239,3761
714,936.3104,249.5,936.3104,237.6459,1078.076491,0.6894,0.6888,0.6884,0.5612,1.0,11275,3725
715,989.2656,250.0,989.2656,236.0833,1098.97212,0.7003,0.6957,0.7048,0.5631,1.0,11146,3854
716,999.7001,250.0,999.7001,235.5641,1076.966051,0.6996,0.7037,0.6948,0.5611,1.0,11258,3742
717,1014.0597,250.0,1014.0597,234.4028,1085.617081,0.7057,0.6992,0.7099,0.5597,1.0,11233,3767
718,983.831,250.0,983.831,235.3954,1070.676665,0.6986,0.6948,0.7026,0.5609,1.0,11278,3722
719,976.2269,249.5,976.2269,236.0301,1011.059112,0.6988,0.6937,0.7045,0.5875,1.0,11332,3668
720,930.6581,250.0,930.6581,237.3455,1049.869278,0.6912,0.6883,0.697,0.574,1.0,11270,3730
721,1088.6891,250.0,1088.6891,232.2015,1057.126811,0.7181,0.7123,0.7226,0.5748,1.0,11213,3787
722,992.4119,250.0,992.4119,236.2778,1058.162961,0.7041,0.695,0.7108,0.5787,1.0,11195,3805
723,998.9562,249.5,998.9562,234.9471,1043.744905,0.7014,0.6977,0.703,0.5784,1.0,11294,3706
724,955.9874,250.0,955.9874,236.6808,1092.466243,0.6954,0.6905,0.6984,0.5512,1.0,11285,3715
725,963.9328,249.5,963.9328,235.939,1106.159386,0.6972,0.687,0.7036,0.542,1.0,11318,3682
726,1002.0016,250.0,1002.0016,234.223,1131.431913,0.7023,0.6944,0.7089,0.5352,1.0,11282,3718
727,998.2657,250.0,998.2657,234.636,1124.849528,0.7001,0.6961,0.7036,0.5378,1.0,11275,3725
728,1014.7474,250.0,1014.7474,233.5887,1163.701147,0.7023,0.6965,0.7104,0.5368,1.0,11205,3795
729,1041.5788,250.0,1041.5788,232.9353,1129.752325,0.7058,0.7059,0.7069,0.5454,1.0,11239,3761
730,992.7275,250.0,992.7275,234.3849,1099.403481,0.6991,0.693,0.7011,0.5479,1.0,11299,3701
731,986.8058,250.0,986.8058,234.2429,1178.507913,0.6965,0.6925,0.6977,0.5189,1.0,11218,3782
732,971.0166,250.0,971.0166,235.0275,1164.979952,0.6954,0.6957,0.6967,0.5206,1.0,11287,3713
733,1002.9145,249.5,1002.9145,233.2317,1181.848307,0.7,0.6972,0.7028,0.5193,1.0,11232,3768
734,1073.0481,250.0,1073.0481,231.3979,1131.033818,0.7114,0.7105,0.7117,0.5326,1.0,11305,3695
735,1027.8922,250.0,1027.8922,233.3253,1162.78851,0.7055,0.7001,0.7098,0.5237,1.0,11341,3659
736,979.9321,249.5,979.9321,233.9875,1174.079245,0.6966,0.6916,0.701,0.5185,1.0,11262,3738
737,1029.2671,250.0,1029.2671,232.7969,1196.333883,0.706,0.7081,0.7054,0.5093,1.0,11306,3694
738,1037.878,250.0,1037.878,232.0257,1174.723519,0.7079,0.6979,0.7144,0.5149,1.0,11235,3765
739,993.4588,250.0,993.4588,233.4066,1213.934892,0.698,0.6988,0.6975,0.5108,1.0,11142,3858
740,1020.7365,250.0,1020.7365,231.5847,1163.344392,0.7039,0.6934,0.7101,0.5112,1.0,11183,3817
741,956.1199,250.0,956.1199,235.5879,1181.560057,0.6933,0.684,0.6949,0.5176,1.0,11242,3758
742,959.103,250.0,959.103,234.9683,1170.759222,0.6928,0.6839,0.6993,0.5176,1.0,11300,3700
743,988.4092,250.0,988.4092,234.6956,1146.152148,0.6994,0.6978,0.7002,0.528,1.0,11329,3671
744,1016.0713,250.0,1016.0713,233.1121,1167.735029,0.7043,0.6928,0.7134,0.5238,1.0,11230,3770
745,1001.498,250.0,1001.498,233.1524,1178.158178,0.6996,0.6964,0.7042,0.5109,1.0,11259,3741
746,1074.4617,249.5,1074.4617,231.9517,1136.533263,0.7125,0.7107,0.7179,0.5387,1.0,11229,3771
747,1018.9978,250.0,1018.9978,233.7977,1142.699918,0.7032,0.696,0.7076,0.5369,1.0,11211,3789
748,977.9783,250.0,977.9783,236.2647,1117.968948,0.6985,0.6996,0.6974,0.5467,1.0,11247,3753
749,1001.1845,250.0,1001.1845,235.0965,1121.491112,0.7003,0.7059,0.698,0.548,1.0,11226,3774
750,951.1383,250.0,951.1383,236.0596,1081.971886,0.6917,0.6845,0.7,0.5654,1.0,11224,3776
751,1001.5707,250.0,1001.5707,234.5469,1076.553786,0.7032,0.6899,0.7101,0.5721,1.0,11267,3733
752,992.9148,250.0,992.9148,235.7562,1050.088276,0.7004,0.7026,0.6995,0.5833,1.0,11178,3822
753,978.1845,250.0,978.1845,236.7654,1033.703227,0.6975,0.7024,0.6938,0.581,1.0,11262,3738
754,852.7387,249.5,852.7387,241.3654,1020.245856,0.6744,0.6756,0.6735,0.5887,1.0,11396,3604
755,1006.5541,250.0,1006.5541,234.9801,1014.502574,0.7027,0.7017,0.7058,0.5973,1.0,11219,3781
756,906.5917,250.0,906.5917,238.8382,1003.266199,0.6889,0.679,0.6962,0.6033,1.0,11199,3801
757,980.2113,250.0,980.2113,237.1932,993.464343,0.6998,0.6994,0.7001,0.6053,1.0,11212,3788
758,945.4635,250.0,945.4635,239.1465,1012.635477,0.6924,0.7035,0.6878,0.5995,1.0,11244,3756
759,998.9986,250.0,998.9986,236.1256,997.368459,0.7031,0.7058,0.7026,0.6033,1.0,11191,3809
760,887.2473,250.0,887.2473,240.8092,976.132196,0.6851,0.6888,0.685,0.6066,1.0,11305,3695
761,908.7186,250.0,908.7186,239.6779,953.140248,0.6868,0.6826,0.692,0.6239,1.0,11305,3695
762,940.5693,250.0,940.5693,239.3522,968.444346,0.6944,0.6899,0.6981,0.6228,1.0,11263,3737
763,906.4682,250.0,906.4682,239.7776,1014.252441,0.6888,0.6799,0.6939,0.6056,1.0,11217,3783
764,916.7446,250.0,916.7446,238.5433,968.140706,0.6885,0.6796,0.6941,0.6137,1.0,11222,3778
765,950.9641,250.0,950.9641,238.2748,995.106442,0.6965,0.6972,0.6928,0.6031,1.0,11274,3726
766,941.7763,250.0,941.7763,238.8187,978.096286,0.6932,0.6986,0.6912,0.6081,1.0,11316,3684
767,946.0672,250.0,946.0672,238.5786,978.922434,0.6973,0.6895,0.7009,0.6095,1.0,11283,3717
768,973.2552,250.0,973.2552,237.8698,974.125873,0.6988,0.6966,0.6973,0.6064,1.0,11319,3681
769,967.4068,250.0,967.4068,237.863,1002.865756,0.6969,0.6987,0.696,0.5999,1.0,11321,3679
770,989.9383,250.0,989.9383,236.4695,1010.755881,0.7026,0.6946,0.7065,0.5964,1.0,11280,3720
771,924.342,250.0,924.342,238.543,1035.28178,0.6913,0.691,0.6923,0.5921,1.0,11206,3794
772,918.4126,250.0,918.4126,239.1125,1002.840722,0.6895,0.6894,0.6897,0.5923,1.0,11357,3643
773,970.7639,250.0,970.7639,235.7929,1064.777763,0.6977,0.6882,0.7052,0.5719,1.0,11250,3750
774,923.1271,250.0,923.1271,237.7978,1072.194495,0.6886,0.6795,0.6928,0.5671,1.0,11199,3801
775,971.0668,250.0,971.0668,237.3317,1010.157488,0.696,0.701,0.6928,0.5926,1.0,11277,3723
776,993.0423,250.0,993.0423,235.134,1089.282995,0.7014,0.6899,0.7099,0.5637,1.0,11269,3731
777,985.3302,250.0,985.3302,235.3696,1097.727074,0.6983,0.6959,0.7043,0.5566,1.0,11284,3716
778,971.1681,249.5,971.1681,235.6878,1104.101146,0.6959,0.6898,0.7009,0.5516,1.0,11258,3742
779,929.0669,250.0,929.0669,235.795,1147.338318,0.6883,0.6798,0.6939,0.5393,1.0,11199,3801
780,1037.3446,249.5,1037.3446,232.3203,1145.802964,0.7064,0.6958,0.7108,0.5379,1.0,11202,3798
781,1015.7149,250.0,1015.7149,233.2865,1138.562742,0.7033,0.6969,0.7089,0.5298,1.0,11292,3708
782,1013.3534,250.0,1013.3534,234.1604,1103.708436,0.7071,0.6926,0.7147,0.5507,1.0,11293,3707
783,971.2019,249.5,971.2019,235.766,1117.216094,0.6963,0.7011,0.693,0.5485,1.0,11227,3773
784,1064.1892,250.0,1064.1892,232.2813,1099.872559,0.7138,0.7062,0.7186,0.5523,1.0,11270,3730
785,1032.6641,250.0,1032.6641,233.7155,1125.026666,0.7069,0.7068,0.7077,0.5556,1.0,11201,3799
786,947.6192,249.5,947.6192,235.8884,1103.732313,0.6909,0.6842,0.6966,0.5459,1.0,11235,3765
787,985.4203,249.5,985.4203,235.2724,1103.757981,0.6994,0.702,0.697,0.551,1.0,11284,3716
788,976.8778,250.0,976.8778,234.7631,1129.294343,0.6983,0.6916,0.7058,0.5518,1.0,11123,3877
789,1033.549,250.0,1033.549,234.4349,1071.529534,0.7073,0.7059,0.7095,0.5594,1.0,11309,3691
790,994.2824,250.0,994.2824,235.6259,1063.662508,0.7018,0.7007,0.7041,0.5652,1.0,11322,3678
791,1004.2908,250.0,1004.2908,235.5503,1028.183082,0.7026,0.7052,0.6995,0.5796,1.0,11284,3716
792,947.1622,250.0,947.1622,236.8765,1106.299292,0.6921,0.6912,0.6947,0.555,1.0,11211,3789
793,988.2091,250.0,988.2091,235.2034,1078.501016,0.6991,0.6898,0.7042,0.5714,1.0,11129,3871
794,931.6896,249.5,931.6896,237.4412,1074.879852,0.6923,0.6902,0.6959,0.5629,1.0,11225,3775
795,1014.2075,250.0,1014.2075,235.6229,1056.364452,0.7043,0.7045,0.7043,0.5745,1.0,11263,3737
796,952.4001,250.0,952.4001,237.5531,1069.550905,0.6966,0.6894,0.6998,0.5685,1.0,11314,3686
797,1021.3385,250.0,1021.3385,234.1835,1072.599573,0.7056,0.6984,0.7083,0.5694,1.0,11192,3808
798,979.9866,250.0,979.9866,235.3613,1094.270439,0.6969,0.698,0.6965,0.5576,1.0,11249,3751
799,933.87,250.0,933.87,237.8961,1130.708322,0.6909,0.6836,0.6906,0.5435,1.0,11273,3727
800,931.5182,249.5,931.5182,237.9924,1066.336,0.691,0.6895,0.6927,0.5783,1.0,11121,3879
801,925.0541,250.0,925.0541,238.5876,1044.094423,0.6916,0.6903,0.6932,0.5847,1.0,11193,3807
802,956.0913,250.0,956.0913,237.2133,1060.837566,0.6949,0.6929,0.6963,0.5726,1.0,11295,3705
803,957.6829,249.5,957.6829,236.9635,1071.860009,0.6952,0.6968,0.6928,0.5661,1.0,11305,3695
804,966.3264,250.0,966.3264,236.5987,1104.343402,0.6968,0.6985,0.6954,0.5515,1.0,11218,3782
805,1022.8084,250.0,1022.8084,234.9431,1065.336522,0.7088,0.6992,0.7162,0.5677,1.0,11298,3702
806,964.8069,250.0,964.8069,237.6683,1032.199195,0.6962,0.6961,0.6944,0.5839,1.0,11272,3728
807,985.3995,250.0,985.3995,235.6321,1062.420515,0.6985,0.6987,0.6969,0.5738,1.0,11247,3753
808,973.0561,250.0,973.0561,237.1566,1046.818014,0.6991,0.7029,0.6971,0.5751,1.0,11288,3712
809,1001.5691,250.0,1001.5691,235.4412,1109.778741,0.7046,0.6937,0.7124,0.5499,1.0,11216,3784
810,1034.1147,250.0,1034.1147,233.077,1114.962611,0.7081,0.706,0.7094,0.5438,1.0,11322,3678
811,981.147,249.5,981.147,235.3851,1117.23048,0.6977,0.6944,0.699,0.5397,1.0,11295,3705
812,1025.7018,250.0,1025.7018,233.6341,1098.4731,0.7088,0.6981,0.7172,0.5531,1.0,11238,3762
813,978.5445,250.0,978.5445,234.7916,1090.597537,0.6991,0.6894,0.7033,0.5573,1.0,11181,3819
814,987.1682,249.5,987.1682,235.3771,1078.772805,0.6993,0.7004,0.7004,0.5664,1.0,11210,3790
